step,episode,reward,length,distance,mean_vx,mean_vy,command_x,command_y,command_yaw,command_pitch,terminated,termination_reason,final_yaw_error_deg,final_pitch_error_deg,mean_tracking_reward,mean_stall_penalty,mean_slip_penalty,mean_torque_sq
1200,1,6531.585838795332,1200,0.0,-0.00023424413985746712,-0.00025702061094803603,0.0,0.0,-1.8855323791503906,0.0,0,,-0.02757111415125165,-0.03200703540568998,0.8743515997178513,0.0,0.000280747817140435,0.10428422950168274
2400,2,1834.2463875997412,1200,0.001315964028270508,-7.891433020173287e-05,-8.220598598538247e-05,-0.04829549416899681,-0.02833474799990654,-1.8701061010360718,0.0,0,,-0.02768679733520816,-0.037368758988137,0.02670973939654899,0.9503502134767139,0.00024947866323548164,0.10567988557837801
3600,3,1878.622746008184,1200,0.0005532699479219532,-0.00022689818972344164,0.0002538554946054439,-0.03725866973400116,-0.025138860568404198,-0.4077971875667572,0.0,0,,-0.0008315538378047506,0.08341411043284541,0.0373444139828969,0.944033171610717,0.0002509053833191369,0.10505862378816534
4800,4,1774.7942966224123,1200,0.0005111627839285793,-2.427505865595716e-05,-0.00023057179972016918,0.06200404092669487,-0.01848081685602665,1.8649567365646362,0.0,0,,-0.04470027710911585,0.0023487224314634684,0.01488249983097228,0.9621608420186275,0.0002539291539439605,0.10529397089899933
6000,5,1886.8092632374626,1200,0.0021496621177031295,0.0001457193188439265,0.0001325486082204637,0.017748720943927765,0.041546184569597244,-0.7220039963722229,0.0,0,,-0.1165828772494745,0.0004301468655376659,0.038356712346619366,0.9426910102427413,0.00040128189964888753,0.10404516483921902
7200,6,1773.4419607685522,1200,-0.0015644152311262392,7.176168843030084e-05,-0.00011893675209411175,-0.012763524428009987,0.06622689217329025,-1.4417715072631836,0.0,0,,0.1183357778371264,-0.11128255323658079,0.014698683542606297,0.9611381228935421,0.0002978461191394537,0.10498237964317586
8400,7,1753.9183215121343,1200,-0.0024812591489529086,-0.00021227795267130743,-6.905090473245613e-05,0.05289546772837639,0.04463007301092148,-2.3566739559173584,0.0,0,,-0.026443403990192602,0.037680583465682316,0.011349323984172245,0.9666215213183345,0.0002790566193775868,0.10507206469706175
9600,8,6559.076621789957,1200,0.0,3.394811229661551e-05,0.0002943379357594936,0.0,0.0,2.4278409481048584,0.0,0,,-0.164710612467088,-0.015572518043184349,0.8806687939026616,0.0,0.00036756966429463096,0.10513239843191394
10800,9,2196.278884284357,1200,-0.006679810035358363,0.0007461480443358499,-0.0004727547898377878,-0.005757275503128767,0.04896559938788414,2.1588294506073,0.0,0,,1.6699649332873179,-0.3313706800723172,0.12830590622839466,0.7443801241390898,0.028923906111969485,0.15264800539584844
12000,10,2645.1119630828243,1200,0.1315754357424,0.001586071150900932,0.011325693917765636,-0.008691184222698212,0.05788145214319229,-2.6086573600769043,0.0,0,,-5.033110245277074,-0.14242897465527118,0.21909404757369927,0.6091501491385604,0.04747790455174925,0.20281750156219727
13200,11,2714.5462019360457,1200,0.20696086363214777,-0.001275068345846957,0.023022043773357703,-0.025499191135168076,0.025719841942191124,-1.6644339561462402,0.0,0,,-2.6799376210943966,1.7653893539037666,0.2020023643186874,0.543892193931212,0.05598279650815818,0.24096194415842226
14400,12,2447.1570755566363,1200,0.0,-0.013025402148219898,0.05023260325573244,0.0,0.0,2.704186201095581,0.0,0,,2.6762842676149234,-2.6965908016819577,0.07096127457122653,0.0,0.1398846017298066,0.37461116560613855
15600,13,1684.3272869155874,1200,0.009954446043822725,0.00037778608392665324,-0.0008210571278246979,0.0014954544603824615,-0.06493832170963287,0.7652419209480286,0.0,0,,3.8631986456916327,0.18084489656535904,0.13641009444260538,0.6877882483982828,0.037135601283671486,0.23546783943239386
16800,14,2129.334363115796,1200,0.15323249080814996,0.0038717842167407517,0.012857740387047387,-0.0007476661121472716,0.03394874930381775,-0.20332226157188416,0.0,0,,-9.42562563594277,-0.4434549354469487,0.16688021150793272,0.522936600760626,0.06526704110393748,0.29108304675006663
18000,15,2093.867245290309,1200,0.08326414855431398,0.004379857090202761,0.014181562023174771,0.04876013100147247,0.009220761246979237,2.353524923324585,0.0,0,,-2.357574438954668,1.1999382086697001,0.13632154514601466,0.6215378547437687,0.03038474519501767,0.2532791220594298
19200,16,1930.6579158653974,1200,0.3503287524939162,0.008563871901279035,0.029142156121228602,0.02746579796075821,0.043276600539684296,2.82781720161438,0.0,0,,-13.340824124691723,-0.9887566755035629,0.09909588593816092,0.47952322274738357,0.1312604257643069,0.4136241606310417
20400,17,587.491579720296,1200,-0.034567871056743874,0.007202946656187145,0.03632498942636353,0.04739312827587128,-0.01330126915127039,0.8306528329849243,0.0,0,,-23.64143614801598,-1.6280354082184867,0.05454621707665185,0.5782029440798179,0.1387533854725128,0.36269829748792326
21600,18,2139.643375537373,1200,0.0,-0.012260054562202378,0.017397256593131377,0.0,0.0,2.018352508544922,0.0,0,,4.305843396431294,0.4760363249223666,0.033303443671119363,0.0,0.09543546760453435,0.31188125615581147
22800,19,1397.9176128055722,1200,-0.012752747243164398,-0.003199475687421613,0.015343890607946106,0.04044130817055702,0.005604968406260014,-2.974599599838257,0.0,0,,-3.302348349909202,4.3750976201825535,0.07977268330856749,0.6054156478229185,0.06590875049220245,0.31258313091343937
24000,20,1195.9042436508248,1200,-0.01727072007321952,-8.297422179125699e-05,0.0017876623303622685,0.033803459256887436,-0.04156222939491272,-0.03975951671600342,0.0,0,,-9.690212102027592,0.7103225375165322,0.11819243077370704,0.6552777935080706,0.0685517098991371,0.2908302380153162
25200,21,993.567568233663,1200,-0.024086414487676698,-0.0280789035484257,0.031961164256970376,0.054151181131601334,0.04322230815887451,2.9127585887908936,0.0,0,,23.72679580893351,0.8352383038265948,0.06303892052954406,0.6397106605204858,0.17113450331825059,0.41514504891503584
26400,22,1866.9351572816909,1200,0.5325412402808265,0.0007263162823137099,0.05104535166794393,-0.028099024668335915,0.05109734833240509,-0.6457021832466125,0.0,0,,-9.483753235636808,0.11286078940826204,0.0855477744017604,0.45902961137353193,0.1438105409613263,0.4439754829786633
27600,23,1534.4984022322096,1200,0.3112355195046991,0.022862117096412102,0.06033367118532373,0.05071471258997917,0.002612980315461755,0.9625329971313477,0.0,0,,28.663392767315536,0.08046062212472527,0.09578464009810822,0.4580298545114748,0.15122699285619065,0.5366242711521207
1200,1,6531.797015117646,1200,0.0,-0.00023424413985746712,-0.00025702061094803603,0.0,0.0,-1.8855323791503906,0.0,0,,-0.02757111415125165,-0.03200703540568998,0.8743515997178513,0.0,0.000280747817140435,0.10428422950168274
2400,2,1835.0617233118057,1200,0.001315964028270508,-7.891433020173287e-05,-8.220598598538247e-05,-0.04829549416899681,-0.02833474799990654,-1.8701061010360718,0.0,0,,-0.02768679733520816,-0.037368758988137,0.02670973939654899,0.9503502134767139,0.00024947866323548164,0.10567988557837801
3600,3,1879.7158962904984,1200,0.0005532699479219532,-0.00022689818972344164,0.0002538554946054439,-0.03725866973400116,-0.025138860568404198,-0.4077971875667572,0.0,0,,-0.0008315538378047506,0.08341411043284541,0.0373444139828969,0.944033171610717,0.0002509053833191369,0.10505862378816534
4800,4,1775.3900686636332,1200,0.0005111627839285793,-2.427505865595716e-05,-0.00023057179972016918,0.06200404092669487,-0.01848081685602665,1.8649567365646362,0.0,0,,-0.04470027710911585,0.0023487224314634684,0.01488249983097228,0.9621608420186275,0.0002539291539439605,0.10529397089899933
6000,5,1887.9432062779229,1200,0.0021496621177031295,0.0001457193188439265,0.0001325486082204637,0.017748720943927765,0.041546184569597244,-0.7220039963722229,0.0,0,,-0.1165828772494745,0.0004301468655376659,0.038356712346619366,0.9426910102427413,0.00040128189964888753,0.10404516483921902
7200,6,1773.9565631392272,1200,-0.0015644152311262392,7.176168843030084e-05,-0.00011893675209411175,-0.012763524428009987,0.06622689217329025,-1.4417715072631836,0.0,0,,0.1183357778371264,-0.11128255323658079,0.014698683542606297,0.9611381228935421,0.0002978461191394537,0.10498237964317586
8400,7,1754.364840208615,1200,-0.0024812591489529086,-0.00021227795267130743,-6.905090473245613e-05,0.05289546772837639,0.04463007301092148,-2.3566739559173584,0.0,0,,-0.026443403990192602,0.037680583465682316,0.011349323984172245,0.9666215213183345,0.0002790566193775868,0.10507206469706175
9600,8,6559.273737778192,1200,0.0,3.394811229661551e-05,0.0002943379357594936,0.0,0.0,2.4278409481048584,0.0,0,,-0.164710612467088,-0.015572518043184349,0.8806687939026616,0.0,0.00036756966429463096,0.10513239843191394
10800,9,2196.204020919005,1200,0.008749651449066495,0.0012747064402064943,0.0008840377242978259,-0.005757275503128767,0.04896559938788414,2.1588294506073,0.0,0,,1.4950925769790215,-0.07054159054353575,0.11977975004400811,0.736231673482877,0.027181633208664426,0.14644193592051313
12000,10,2658.0873060869726,1200,0.13918949101822803,-0.0020678111988779533,0.011418663206819146,-0.008691184222698212,0.05788145214319229,-2.6086573600769043,0.0,0,,-1.7705597872823575,0.6403971094986032,0.21542828862034658,0.6145462044924639,0.04440947421201304,0.20675026909396552
13200,11,2160.391406634497,1200,0.1247179441005834,-0.0014657648476785927,0.01318204850023838,-0.025499191135168076,0.025719841942191124,-1.6644339561462402,0.0,0,,-10.22986985903761,3.779510540026765,0.19770762731185526,0.5958449902331673,0.045543191303657984,0.2807731787932517
14400,12,2011.2942502328324,1200,0.0,-0.008551150831931994,0.030678566314501977,0.0,0.0,2.704186201095581,0.0,0,,-15.027086871236683,-0.026263846958235575,0.11228076252105768,0.0,0.0703538303003656,0.23128789698453878
15600,13,1513.167156333238,1200,-0.13982122674385428,-0.0025036798610871005,0.011597201261756996,0.0014954544603824615,-0.06493832170963287,0.7652419209480286,0.0,0,,-7.281421103617759,3.0680172283659393,0.10683860724844346,0.6869548810604871,0.08871589022858845,0.4151359332291001
16800,14,2265.0639996178434,1200,0.46981206798944636,-0.005725708387476094,0.03903439976286071,-0.0007476661121472716,0.03394874930381775,-0.20332226157188416,0.0,0,,0.6866999125515969,-1.2428658204348075,0.12240337505725311,0.4292274211913947,0.1013242634247666,0.34668038301700554
18000,15,1146.5961599452264,1200,0.07497344247059218,-0.0026880715208358395,0.047839093605472796,0.04876013100147247,0.009220761246979237,2.353524923324585,0.0,0,,-31.331505462563328,-1.2398047279120803,0.08702773517688164,0.5937118448065326,0.06430340330379437,0.2805506982135919
19200,16,1379.398204864869,1200,0.3391731678454448,-0.0014295877424761914,0.03438352476738356,0.02746579796075821,0.043276600539684296,2.82781720161438,0.0,0,,12.781958214088073,-1.9058407283061953,0.08671797113780515,0.5053021879855822,0.09819407216130227,0.3272691310910071
20400,17,825.6274566265818,1200,-0.11057610192169808,-0.0056400152682919685,0.014005282170365688,0.04739312827587128,-0.01330126915127039,0.8306528329849243,0.0,0,,-6.854968511276093,-4.3844897371675415,0.05901450059042135,0.6163413410558974,0.10495110261511001,0.30477568575082575
21600,18,1552.9170808340152,1200,0.0,0.011724409013145195,0.05468431049313537,0.0,0.0,2.018352508544922,0.0,0,,27.003814014207226,-2.8603704159799506,0.022967333436725704,0.0,0.1068265752934896,0.34948145712991274
22800,19,1703.580843035971,1200,0.40516070874568066,0.02848968819262161,0.0403797424720051,0.04044130817055702,0.005604968406260014,-2.974599599838257,0.0,0,,7.394413758481194,-0.8709456314253614,0.07474779547838681,0.4540870242854796,0.10875260776795045,0.3595103316037781
24000,20,1766.8073900757383,1200,-0.013718561906773187,0.008615769373555135,0.008480981262957207,0.033803459256887436,-0.04156222939491272,-0.03975951671600342,0.0,0,,11.578438819430856,1.6626372376687206,0.1482127611169881,0.5911278092272657,0.04404955758825899,0.35894301039476273
25200,21,1659.172860437376,1200,0.5915602995854646,0.010611860469686882,0.06572797043553023,0.054151181131601334,0.04322230815887451,2.9127585887908936,0.0,0,,-24.06309367504143,-3.079815576119517,0.09278098081231302,0.45938707535112777,0.10099655501062176,0.32283850948338966
26400,22,2049.585991026519,1200,0.33624445153739246,0.012254412536478975,0.03871649267435176,-0.028099024668335915,0.05109734833240509,-0.6457021832466125,0.0,0,,-6.3848177114687905,-2.7678016577290636,0.10074012242657673,0.4964467862171577,0.11453052982110037,0.41523267925631946
27600,23,1133.7267065711342,1200,0.04563076805984416,0.0017248091640865077,0.040424544604134936,0.05071471258997917,0.002612980315461755,0.9625329971313477,0.0,0,,-28.746211337172813,-4.9726703375159715,0.08199532732397959,0.6092114564406649,0.12265544739587719,0.3476900782139434
28800,24,1322.7611866436428,1200,0.27030377163642744,0.0032451574360162307,0.026476784009463326,-0.020559115335345268,0.04329632595181465,-1.4235831499099731,0.0,0,,-18.450042017527057,0.23142047304119248,0.11244530717158133,0.504004203049575,0.1184215112022144,0.34482741534078687
30000,25,1636.5205506738585,1200,-0.11303439959237946,0.013758005154507176,0.011834868868910284,0.006460230797529221,-0.03887715935707092,2.0993435382843018,0.0,0,,4.563316379850138,0.9078682341528423,0.11302252215935059,0.6184049218789054,0.1350308658367121,0.35279067684631316
31200,26,2078.1850201118627,1200,0.0,0.002862458522921347,0.029069670502865262,0.0,0.0,-2.920947313308716,0.0,0,,10.823315707788112,0.9923305790368838,0.028103538646501544,0.0,0.1449302033943026,0.3967866804819419
32400,27,1673.4195994052698,1200,-0.018917725621449798,0.001482367027295508,0.0005384414522467306,-0.06437033414840698,-0.02130972407758236,-2.9879634380340576,0.0,0,,6.0878372529274785,0.6269238657625417,0.07201036807709146,0.6339959477831382,0.1143047156461814,0.3304740737183451
33600,28,2206.531073759952,1200,0.290845953965804,0.002551284226769449,0.0522997216515905,0.03795186057686806,0.01752028614282608,2.149290084838867,0.0,0,,5.134751328522209,-1.2561142298348413,0.11724525306412106,0.4809974388903153,0.13935872311691447,0.3506144340852323
34800,29,1428.040222937002,1200,0.0011600066507558677,0.0014585520328397339,0.03819340457465446,-0.0532536543905735,0.0021685778629034758,-1.6921929121017456,0.0,0,,-4.284011738315436,-2.838583320618834,0.07966145132563654,0.636544028143532,0.09969435254918999,0.2760831512032971
36000,30,1578.3422469460832,1200,-0.23631332474672118,0.004180347948621503,0.027719264388721777,0.019070472568273544,-0.025495275855064392,-1.8674226999282837,0.0,0,,-10.253783918140702,3.6911596751397755,0.10476015703039007,0.6650642276863521,0.14334994312447272,0.38024856468180623
37200,31,2029.5851832880123,1200,0.0,-0.011745715379521822,0.029112475824289448,0.0,0.0,2.2591891288757324,0.0,0,,14.565366742008708,-0.5627534838978657,0.058525308613667094,0.0,0.07746198175497486,0.3117206785319151
38400,32,801.7643819334596,1200,-0.12783169812314257,0.005284233991918117,0.05341409247606386,0.029294757172465324,-0.009010646492242813,1.806765079498291,0.0,0,,9.91693419497142,-1.1542246509316056,0.0610202144945263,0.6036295946426833,0.17153830824589364,0.3921226134238242
39600,33,1232.3190128655297,1200,-0.04543006220005069,-0.0008887031229751785,0.01889021708741219,-0.039335720241069794,-0.009983916766941547,1.3420042991638184,0.0,0,,-0.20735972222523244,1.8114762924171286,0.08054160554684996,0.5884292467038703,0.11804422760396789,0.3834826479908094
40800,34,1373.223000803859,1200,0.38459351080922904,-0.004234819049284146,0.03506269348596065,-0.036131601780653,0.058435507118701935,-1.5244747400283813,0.0,0,,8.04375465140198,1.2297911563889687,0.1265486007040135,0.5123729931603642,0.13570879162853877,0.38513396238614134
42000,35,1394.0270751239204,1200,0.0,0.014227765515849422,0.030746927905603183,0.0,0.0,-2.284122943878174,0.0,0,,-13.162226601917448,1.0711603127557632,0.03019396207066991,0.0,0.13283305748204247,0.4148651899079506
43200,36,1323.4769909311883,1200,0.22030492251578393,-0.013993056784502684,0.051472286686065294,0.03853999078273773,0.027328690513968468,-2.870314598083496,0.0,0,,-7.263729449647273,-3.245132803871727,0.08239379357387894,0.5397331814319914,0.11323426000949688,0.3293253591299359
44400,37,1442.7682460168057,1200,-0.2514734874631185,-0.006602430665525372,0.0209210429151684,0.00022624651319347322,-0.04221861809492111,-0.14043691754341125,0.0,0,,13.30135835849206,5.257495803376042,0.08124289149700478,0.5743674303194792,0.1257541928854962,0.4008077820913897
45600,38,1690.8105973876502,1200,0.03025444678392296,0.016338855394488525,0.032634926301360265,0.052216630429029465,-0.021771946921944618,1.2054105997085571,0.0,0,,-20.23437057014693,-0.3879423626240191,0.10556081589678912,0.5473815288510879,0.14973230949085253,0.4429187439753656
46800,39,1721.9768439594616,1200,0.45993778069970065,-0.011654972797995863,0.037284332065227674,-0.03245019167661667,0.0597803071141243,-2.8215014934539795,0.0,0,,4.458415068850073,-2.0049107421084678,0.09704814838236579,0.4802717540778053,0.13077428019746073,0.3557894999032357
48000,40,2298.568114610668,1200,0.0,-0.009775658201418302,0.015508049265155484,0.0,0.0,-1.4929572343826294,0.0,0,,-0.03137652193167591,-2.175667064547908,0.027501253712203636,0.0,0.13497803160359037,0.31949684454783717
49200,41,1300.6267051736252,1200,-0.02108199461990938,0.020866775470393423,0.0006195448678718989,-0.0022659788373857737,-0.04148027300834656,2.029893636703491,0.0,0,,-13.941382240363506,2.161776193800013,0.08650077879283347,0.5848999654909707,0.148375859431445,0.4024809141071863
50400,42,1819.394972562685,1200,0.3136819395577626,-0.005291596682564296,0.03165148761366873,-0.04908214882016182,0.0491742305457592,0.5195092558860779,0.0,0,,6.972193029597154,-0.41088918187332824,0.10848217397994198,0.5509501296422743,0.11709024229709797,0.3122643233383879
51600,43,1743.7223993233742,1200,0.1821752647889334,0.011652076295325465,0.023397561151077124,0.05625954642891884,0.008944423869252205,-0.018687158823013306,0.0,0,,-6.4404554188449685,4.704689363927266,0.11868368385273378,0.5518062938981851,0.11976462651807035,0.3904103342465544
52800,44,2421.2247733265367,1200,0.0,0.005501350865426221,0.013110105180864286,0.0,0.0,-2.890601634979248,0.0,0,,0.7884167182892156,1.6960693074801547,0.04410365215724206,0.0,0.11041619943463106,0.3671312506494487
54000,45,1315.0257937658712,1200,0.1707445788900687,0.01888434562089852,-0.01783329594513278,-0.00914674624800682,-0.051124121993780136,-2.397127866744995,0.0,0,,-15.720249890853959,2.1489976872388055,0.0944681220179723,0.5675972944304367,0.13914161546977435,0.4605650078952407
55200,46,1888.476176299773,1200,0.10040864640548675,0.0009117079792345858,-0.01081057051092396,-0.03702103719115257,-0.05344131588935852,-3.0713043212890625,0.0,0,,-1.7587249905175084,1.9276088242490166,0.1048177543223814,0.5922330225962777,0.12629431082914297,0.3342353274300412
56400,47,1803.8755592610844,1200,0.47728081345436946,0.015351046841184107,0.03708425006719537,0.01049621682614088,0.03978288546204567,-2.610783576965332,0.0,0,,-7.355688390789459,-0.7357629743336477,0.10464514297509923,0.4449398386025321,0.1425408307917634,0.33030244677776277
57600,48,1712.8272024259136,1200,-0.05863641518594619,0.006008906011518519,0.003893194595375948,-0.007134055253118277,-0.040061742067337036,-0.3238462805747986,0.0,0,,3.552667055142769,-1.239038328376995,0.0891557173644146,0.6186721169521707,0.12024810484961702,0.35840890370998657
58800,49,2188.521129977097,1200,0.0,0.005865350483033831,0.011219223910070844,0.0,0.0,1.3909016847610474,0.0,0,,-5.556887677045301,1.453781258340036,0.025839115145575475,0.0,0.12974123980986327,0.34850305095931133
60000,50,1814.7199603135628,1200,0.04884151324924995,-0.004603430767595134,0.0234210485754364,-0.04665611684322357,-0.0010602811817079782,-0.703380286693573,0.0,0,,7.151296400306009,1.5649088893930174,0.09888736074034656,0.5641201905308826,0.12390222205080292,0.3653454189263228
61200,51,2234.6500641153757,1200,0.0,0.004494198823791603,0.0284023966128957,0.0,0.0,-2.6432299613952637,0.0,0,,1.1399763852977498,2.4786406112491317,0.02845252204961578,0.0,0.1646115075412658,0.4275505511531761
62400,52,1824.5787282574233,1200,0.02749888906825717,-0.005805538481829155,0.020962536442159743,-0.040444500744342804,-0.00671914080157876,-0.4144664406776428,0.0,0,,-1.5447338623018516,2.7702068866809872,0.08365630856805471,0.5546868586211067,0.12985630329895181,0.3299484393045833
63600,53,1711.1006585162554,1200,-0.02908416814077478,0.0035451805692022532,-0.00047867361277407214,-0.02539772167801857,-0.02105656825006008,0.3077382743358612,0.0,0,,11.275024450369374,0.19358609301072582,0.08809034335568913,0.5667723231863134,0.14330192949838186,0.32717600555265886
64800,54,1852.450930913191,1200,0.1736921285923228,-0.014784051725632207,0.007029864870425725,-0.06152751296758652,-0.002597788581624627,0.3722299039363861,0.0,0,,4.359846840874492,0.11058276156374314,0.11534544297266218,0.5709764717269183,0.1264065085180959,0.2907694760618135
66000,55,1649.349301581243,1200,0.15213829267755768,-0.0029178504790761113,-0.013403785694374486,-0.019565720111131668,-0.028225095942616463,0.68756502866745,0.0,0,,15.669085222255145,1.406676398385304,0.11825448996570072,0.5099285407182117,0.09725469554097052,0.352024950815663
67200,56,2191.1588238363574,1200,0.3637184265971079,-0.00037057380546034774,0.03215130461069529,-0.014859587885439396,0.04048175364732742,1.8348361253738403,0.0,0,,-9.490152284088401,-2.113358539071948,0.14410579089780642,0.45946246306658034,0.11148223672218284,0.34365037685634425
68400,57,2067.975332474258,1200,0.0,0.005972177885485126,0.017344083614235166,0.0,0.0,-0.9422062039375305,0.0,0,,-6.084768192623871,3.773023345215661,0.023903952175905616,0.0,0.1163177602174067,0.34229379098572077
69600,58,2488.6449442894045,1200,0.3933581717788354,-0.015523174291779952,0.046483462931448206,-0.05691775307059288,0.024765126407146454,1.068726897239685,0.0,0,,-5.06057949358031,1.33607349818329,0.1509299676584296,0.46488597639371004,0.10012868777852188,0.31989994198777905
70800,59,2083.035138536939,1200,0.46948474636433185,-0.004325243774495827,-0.03891373417008233,-0.010034069418907166,-0.06656720489263535,1.1352696418762207,0.0,0,,2.5334805509243363,4.293216901474647,0.08856636861188842,0.4740775386756123,0.13665652215774046,0.36728211278255896
72000,60,1288.3630448494532,1200,0.24200205674064426,-0.015731734836770494,-0.018881375401181746,-0.005017011426389217,-0.05800139531493187,-2.8906302452087402,0.0,0,,11.419120259425258,1.1804411666429213,0.08907110802437553,0.5287948466372335,0.12663191659658976,0.32622862326499613
73200,61,1180.6440751460734,1200,0.02811776714831193,-0.0017975097975159804,-0.0056530602694540855,0.04883721470832825,-0.04231215640902519,1.2872579097747803,0.0,0,,37.70659156434893,-0.05145682183564589,0.1012192906583749,0.570840550318542,0.1457869779438106,0.443848095530741
74400,62,2275.8128106687136,1200,0.0,-0.0032640132685967257,-0.0008142942889362133,0.0,0.0,-2.147794723510742,0.0,0,,1.532602558291379,1.2942147628072862,0.05574987481473652,0.0,0.1429465214340611,0.4791521149890996
75600,63,1375.75315200851,1200,0.2281739607569078,-0.0026219588002135154,0.019847356987233528,-0.019623827189207077,0.040666475892066956,-0.1254689246416092,0.0,0,,-16.03407433262008,-5.7012673795096385,0.12290645742843674,0.5106883084523468,0.16117324195085855,0.48708218710704526
76800,64,2305.659035237824,1200,0.2949997407188283,-0.020589352788944762,0.013432271857977235,-0.03528669849038124,0.02320595644414425,-1.9700595140457153,0.0,0,,11.99494854306899,-0.7572345982198699,0.18454609274179828,0.45429021649844714,0.11312140000771215,0.28473402815007676
78000,65,1098.2709432084903,1200,0.09668211769892258,0.008897289210529995,0.0022056160313461363,0.049806151539087296,-0.012939214706420898,-0.3083488941192627,0.0,0,,29.625284997146657,-0.6281549630728126,0.08760299994732926,0.537231066913296,0.20145948479258094,0.42971801108941465
79200,66,1319.0434019728693,1200,0.15149125780257047,-0.011623124460654362,-0.0049338236880421766,-0.055575575679540634,-0.02495170198380947,-2.181438684463501,0.0,0,,11.200119316114709,-0.16981252348692372,0.12388294460398394,0.5406633076409721,0.10601442462881662,0.4429348956909511
80400,67,2172.9448679760217,1200,0.6474207388815806,-0.003960062401673193,0.05993600399065914,0.019472463056445122,0.04748402163386345,3.105644464492798,0.0,0,,10.88860054205838,0.28467825700522115,0.1305493997869426,0.36884530353414424,0.15277012095442313,0.33757241391795245
81600,68,2607.9070394205996,1200,0.8673639712066604,0.000614550349618638,0.07229991729775985,0.0023009779397398233,0.06911405175924301,-2.8151655197143555,0.0,0,,17.277299870273932,2.145214145226199,0.15848702565399167,0.3262088160483328,0.16466587339914596,0.32642689607902914
82800,69,2161.9601917439295,1200,0.0,-0.019709240213698163,0.024947029338174317,0.0,0.0,-3.1275484561920166,0.0,0,,-7.537931199929403,-1.2171551343287998,0.0333781105498749,0.0,0.13265218125780584,0.4031467459229966
84000,70,2001.9394682204033,1200,0.11641200286407886,0.007568306901248497,0.01426918282042758,0.050716582685709,0.008007272146642208,2.9539549350738525,0.0,0,,3.1101261941325844,2.8318915707223775,0.12763640573028337,0.580483075498402,0.12921517273343056,0.40432322766036405
85200,71,2730.0477997659395,1200,0.6635530609189856,-0.022634057158767998,0.05586680158924337,0.0009793841745704412,0.04000307619571686,-0.9078007936477661,0.0,0,,-4.502254796274759,-0.972544757781886,0.15017843488699112,0.36095966919290684,0.1202140217004064,0.45423580754730786
86400,72,1862.724270724956,1200,0.4497592520707178,-0.004548230616940307,-0.037379753759716694,-0.010902897454798222,-0.049296148121356964,2.973555088043213,0.0,0,,2.2679997056966505,-2.3885411167871657,0.14113901396781883,0.4613065708554563,0.10441136398833033,0.3519300649085526
87600,73,1341.8200256403613,1200,0.3819986392384377,0.00748536965438441,-0.033685799148007595,0.04031231999397278,-0.057075608521699905,1.0060487985610962,0.0,0,,-15.616081977915462,-0.2601476388129797,0.0715880131921071,0.5248208041791276,0.14975423252803877,0.41746314905626886
88800,74,1345.468659489663,1200,0.24959601289040284,0.008465209441393118,-0.02497199877746483,-0.011322335340082645,-0.03251736983656883,0.8692156076431274,0.0,0,,-7.285738777598747,-1.4290271488163895,0.09676204791765655,0.48396947038765015,0.1305465838475705,0.3088475465822896
90000,75,1992.7172367955793,1200,0.06445072158266905,-0.005687934225682206,0.0028908885315630352,-0.046885695308446884,-0.0047045014798641205,1.9777917861938477,0.0,0,,-6.656202883329256,-1.4327007784041854,0.12313151113738584,0.5459484967472199,0.1153408414243308,0.34354204528831395
91200,76,1820.102469539657,1200,0.3107199613416115,-0.014441647271732411,-0.021515477658455132,-0.026239337399601936,-0.03598880395293236,0.850330114364624,0.0,0,,-8.798656350709896,1.6067258132880737,0.10310633368136346,0.4955381049005537,0.12662545491972085,0.3911905355914625
92400,77,1968.1082519132874,1200,0.4792299880595232,-0.005894801650490878,0.040106180538024956,-0.016045914962887764,0.04868403822183609,0.8232741355895996,0.0,0,,-24.41089815565779,0.4254079718214906,0.1530476518622053,0.45839350933558376,0.12075411156984114,0.4518557622327853
93600,78,1611.9022258386365,1200,0.27551547271860577,0.0015835179129764728,-0.023212953008452417,-0.004355377983301878,-0.045907434076070786,0.7240117788314819,0.0,0,,-21.27934457343502,2.190235557768333,0.10236170866048352,0.5211871198979747,0.13079641861310629,0.4352384067993671
94800,79,1558.3479872899209,1200,0.5003171466483584,-0.020105525622154632,-0.038883748315703584,-0.0115737933665514,-0.06840028613805771,2.6510097980499268,0.0,0,,20.625902817054364,-2.9274222016139957,0.1126562592149173,0.4487886113342242,0.1783221192275331,0.38989976430185996
96000,80,1365.8688904124847,1200,0.17075850047095695,0.002839137727361331,0.017616699947058292,0.046035490930080414,0.04404322803020477,2.9944403171539307,0.0,0,,12.232482922794542,-2.715654886345175,0.09740891258565637,0.6515749052600416,0.08296458756719846,0.3118765850203771
97200,81,2441.0346734518735,1200,0.23369211381598823,-0.02114728707084605,0.012225495208479657,-0.036522846668958664,-0.0045483969151973724,2.3898401260375977,0.0,0,,-1.1648789947466234,-1.2847137063194187,0.14277399753003067,0.495823928401986,0.09289588560178867,0.2729857848191833
98400,82,2098.1179679030984,1200,0.44226948788571524,-0.03286392153758716,0.01927193949169604,-0.047760721296072006,0.013440784066915512,-1.922654390335083,0.0,0,,13.758698476314068,-4.446665566797429,0.13748050760839187,0.4199070676657543,0.10653132625405455,0.3291323907258557
99600,83,2052.6787231192857,1200,0.0,-0.004964091522246913,0.00155803797404901,0.0,0.0,-2.228818893432617,0.0,0,,10.493127215731993,-3.0065981716696935,0.06315676997553059,0.0,0.12984757511001868,0.40742340789770354
100800,84,2380.499241460149,1200,0.39966829143703986,0.022541836401000704,-0.026735810168085225,0.017695352435112,-0.04296443238854408,1.7536605596542358,0.0,0,,4.792458493158762,-0.1006177864515995,0.1331415220832479,0.4485939901162908,0.16524071021963016,0.4639931071127929
102000,85,2036.6083798460295,1200,0.0,-0.00019221575579565246,-0.012686794606169139,0.0,0.0,-3.1048359870910645,0.0,0,,20.751016358049803,1.3576381731537404,0.07856130703763252,0.0,0.08769097259593009,0.3066877912189279
103200,86,2617.908440747955,1200,0.4407982926587719,0.027308909119635322,-0.02812145116976649,0.0361151397228241,-0.01715458743274212,0.23365378379821777,0.0,0,,-1.7934516932119742,0.8587738239173621,0.16201608850829483,0.3914359969702878,0.11647300558659308,0.3753985113320935
104400,87,1738.150983713198,1200,0.4639022216247062,0.012778571028401497,-0.03654971255702979,0.014595147222280502,-0.05068691819906235,3.0299456119537354,0.0,0,,11.330087661326003,2.7499518642831897,0.11867533803657974,0.4630397372197733,0.16395785272071153,0.4680063839304827
105600,88,2345.83120607822,1200,0.6180661587394336,0.020114071721389848,0.06403708452196546,0.04023054242134094,0.025806283578276634,1.8659262657165527,0.0,0,,1.3356720880036113,-3.886778941245065,0.11520788745483602,0.4104182971471795,0.15068292694401325,0.40115504288985177
106800,89,2843.653260004537,1200,0.0,-0.01188305520607281,0.010528277607521015,0.0,0.0,2.537540912628174,0.0,0,,-4.0933471369335175,0.47442655489689817,0.11418794070785275,0.0,0.07485434505066647,0.26955045248324006
108000,90,2789.78806100777,1200,0.8264361615234493,-0.008125484439436777,0.0711474038824655,0.008473929017782211,0.05126359686255455,0.7307790517807007,0.0,0,,4.569672344886509,0.44979983789960304,0.14637062724341912,0.3327718819119315,0.15997491457260687,0.40476660986976737
109200,91,2099.3485312096304,1200,0.15348233256770966,0.00737036435074624,0.01477213358871766,0.03722193092107773,0.016780048608779907,-1.0501291751861572,0.0,0,,6.137251539545239,-1.341514212965104,0.12743147734593413,0.49841443069268004,0.14252979292005102,0.38209832559729257
110400,92,1997.5678569890963,1200,0.5605101112300848,0.01608957403271385,-0.04403068937586041,0.014409267343580723,-0.05301795154809952,2.141171932220459,0.0,0,,-17.15313866664306,2.4432548291860994,0.13408291039496936,0.39927970001472624,0.15400631649703309,0.3365058867087137
111600,93,2368.307312256833,1200,0.0,-0.0076266741562232765,-0.0007955388687815201,0.0,0.0,-0.015333125367760658,0.0,0,,-13.492766949986507,1.6019455052458382,0.14580215722770076,0.0,0.05570331642222321,0.23661105063660268
112800,94,3301.2027548641877,1200,0.0,-0.004069702838737308,0.01091838930057184,0.0,0.0,2.377448797225952,0.0,0,,-8.297782282417304,-0.4838444187397588,0.2536069021928705,0.0,0.03409429667591239,0.20606654010840306
114000,95,1771.1256714775957,1200,0.5187330507312227,0.03232128806904322,-0.028822138201035383,0.048580486327409744,-0.04885629937052727,-2.539903163909912,0.0,0,,-18.20999919939748,0.8401799412848573,0.1557239241379138,0.4807364571479422,0.13422051290144302,0.4229470332012819
115200,96,3927.073381743237,1200,0.0,0.0023824523802244324,-0.00025195337468756187,0.0,0.0,1.4652677774429321,0.0,0,,-2.6556585109568798,-0.2665113604186813,0.3400005556202348,0.0,0.023488805786487904,0.19596765719212814
116400,97,2194.6889694315983,1200,0.8138889380356032,-0.009720580488121562,-0.06729358047080161,-0.010137132368981838,-0.04669860005378723,-2.938464403152466,0.0,0,,-13.981931152754242,1.3311212590490122,0.09323900472385457,0.3894341077906537,0.1957977321272523,0.4799336803512229
117600,98,2150.6422387556127,1200,0.6984943161971967,0.057998610339343885,0.00798963027057496,0.05240662768483162,0.001536625437438488,1.4272160530090332,0.0,0,,16.307416002875502,0.19128281541015746,0.16666689829898473,0.36947366695317746,0.12450512180658199,0.38141200061721886
118800,99,1823.8228353261773,1200,0.3687614339535702,-0.018228749604513733,0.030460035075317044,-0.05323313549160957,0.029584253206849098,2.3438222408294678,0.0,0,,-25.41879910492069,1.1207535010600411,0.17122857828110652,0.4808053087132551,0.08775902563234303,0.3999899026553365
120000,100,2423.281738857961,1200,0.3437575828535565,0.02460985939447481,-0.016921711904688302,0.034506767988204956,-0.011266020126640797,1.408957600593567,0.0,0,,3.6464211976311542,0.13934042942748942,0.161931153912688,0.48051760160831836,0.1296015559977763,0.35774639406954845
121200,101,2057.534342431356,1200,0.3446132521387986,0.02703714753826508,-0.010721833371496514,0.058863185346126556,-0.013061467558145523,-0.6187675595283508,0.0,0,,9.568000078327525,1.7616670640459027,0.16105836808432925,0.5036448494563985,0.12560752764549538,0.451125518356066
122400,102,2360.174582690707,1200,0.5562525774125733,-0.04006998244786048,-0.03287722111266021,-0.06224745884537697,-0.014131731353700161,-2.063162326812744,0.0,0,,-5.029621433552675,-1.6562069666085704,0.124410792387275,0.4417249129093567,0.15132048621059055,0.4036555534961138
123600,103,3725.922373233117,1200,0.0,0.0008948466946404897,0.0018907639788911272,0.0,0.0,-3.0321078300476074,0.0,0,,-0.3914996924138782,0.7444725120280588,0.29691203084014556,0.0,0.030889938496865905,0.18332474115022035
124800,104,2833.556321633096,1200,0.48693773991539685,0.039992865450303554,0.010564967101909467,0.04274242743849754,0.0026934887282550335,2.409799575805664,0.0,0,,2.7538788311356512,1.0061569583355496,0.20011768940823574,0.3974302551962011,0.08819608553771568,0.3220684863919518
126000,105,3492.720356093654,1200,0.5862246604043635,0.03140898055671432,0.04037791507455482,0.02510005794465542,0.017485106363892555,-2.924372434616089,0.0,0,,-3.534607788976493,-2.628664436684206,0.2688616592731655,0.29350416215761255,0.09453694965811442,0.2861851112974968
127200,106,3062.8097575190586,1200,0.6052108578010152,0.05180319024323035,0.03032896175971256,0.056506168097257614,-0.0024614024441689253,-1.0867542028427124,0.0,0,,3.8377801259429587,0.6214873077955717,0.21729876355806343,0.34630474192016647,0.1516024040500026,0.3895836348150535
128400,107,2171.152887926012,1200,0.2901676541520252,-0.022030573500557978,-0.011003543311048122,-0.048829030245542526,-0.013661996461451054,-1.6752749681472778,0.0,0,,-7.448338215812314,0.27097925334184386,0.14999953157837118,0.5169041204974818,0.09795529880464471,0.3692431691502269
129600,108,2080.4611148151116,1200,0.6249409825533407,0.04798453031758866,0.020486755585351756,0.05268372222781181,0.026388006284832954,1.828413724899292,0.0,0,,-8.403025890557158,-0.25361740724204784,0.13031126548083447,0.4298075058243968,0.17495734249546954,0.3665591041699243
130800,109,2444.018296579792,1200,0.4228376377231153,0.019376169048648383,-0.03202812657458522,0.04609450325369835,-0.03746179863810539,0.6141567826271057,0.0,0,,-2.9607939338027123,-0.1512137433401639,0.15067795362249586,0.4819170845754098,0.11409425488690125,0.444078777685545
132000,110,3697.7787382177266,1200,0.0,0.0004934150454642001,0.004137142465185752,0.0,0.0,-1.751617670059204,0.0,0,,-2.436413754852076,-0.07662899434724121,0.29377699866712265,0.0,0.039766596593369015,0.19278689800342388
133200,111,4469.679336202141,1200,0.0,-0.001364792595984361,0.001025765962840282,0.0,0.0,1.1254024505615234,0.0,0,,0.8848774380740227,0.1126519938645162,0.4513637423876875,0.0,0.019640969223502027,0.15199758329378252
134400,112,2121.006047819074,1200,0.4334798409291718,-0.028206700320174333,-0.025346767954306543,-0.04037421941757202,-0.018166737630963326,0.9392406344413757,0.0,0,,13.082062788327875,0.3299470658077049,0.14433613911915852,0.42250182957808824,0.12172864531161944,0.3662992752556379
135600,113,4441.136195996683,1200,0.0,-0.0027273741033323334,0.00034484878570398704,0.0,0.0,-0.11272098124027252,0.0,0,,2.9387988702406456,-0.662643658575264,0.4855716862162539,0.0,0.014673163529023082,0.14793563180467076
136800,114,4811.691561561819,1200,0.0,-0.0017204791177614595,-0.00022986412357111767,0.0,0.0,0.898996114730835,0.0,0,,2.103137445987144,-0.19748008758448096,0.5519724639695804,0.0,0.0099763909711329,0.14706935611463434
138000,115,3359.071075224768,1200,0.5639234263096997,-0.012852674744072139,0.04753873315119421,-0.02254236675798893,0.035353243350982666,-0.13154247403144836,0.0,0,,-12.653762225244956,1.7835052975461727,0.27123466227552945,0.33145766506005503,0.13044722198540104,0.3569280969436853
139200,116,5131.388683103682,1200,0.0,-0.0014812871579511127,0.0012791299456635886,0.0,0.0,-1.9683592319488525,0.0,0,,0.2516524593885833,-0.6753137784866963,0.5956051860136539,0.0,0.01005008499499794,0.13981498914357868
140400,117,2985.9582764133525,1200,0.9806448318944859,0.08158768214963877,0.009857211526337917,0.043285347521305084,0.0006195656605996192,-1.4808109998703003,0.0,0,,-14.07258006899454,-0.533510719800367,0.21542587677029995,0.2122687714122249,0.1630774727182893,0.4613726568426922
141600,118,1002.783893036941,1200,0.04924417488894832,0.01793718493354165,-0.02500838353879283,-0.030360912904143333,-0.02862320840358734,1.0761866569519043,0.0,0,,-21.445270796019795,-5.841091533764984,0.10167328800421413,0.574721213308232,0.15279001501391434,0.43185615971731095
142800,119,4693.067069674276,1200,0.0,-0.0010548419006838946,0.001677469662083848,0.0,0.0,-1.295716643333435,0.0,0,,-1.273083453076108,0.07106537484984303,0.5322476268393148,0.0,0.011515580031694565,0.1367468099174318
144000,120,2229.152446624975,1200,0.4897563765980808,0.01857769369405423,-0.03901916260110623,0.04001274332404137,-0.04049529507756233,2.913245677947998,0.0,0,,2.4337798960005554,2.06395516673001,0.11359859683119433,0.47420275031200315,0.15201170683553084,0.45183851893752885
145200,121,2381.9293976274066,1200,0.41518569023573776,-0.02234991195626489,0.026554016549749433,-0.038432974368333817,0.05379404500126839,1.9870052337646484,0.0,0,,11.760162225646523,-2.7751734815578226,0.22345425492124307,0.45443841395566553,0.11724785546673336,0.46239145984316754
146400,122,2364.9201943911225,1200,0.45171723608958975,-0.03774699587044164,0.0026213871951153035,-0.05555232986807823,0.009584670886397362,-1.0089209079742432,0.0,0,,13.000310401299894,1.8170425862144683,0.17890832121493788,0.4608609806299219,0.11349023816430183,0.3421759572026622
147600,123,4589.718086345826,1200,0.0,0.0011763106066854747,0.0020201074510373695,0.0,0.0,-1.4997327327728271,0.0,0,,-2.097888200952576,-0.5168117986657922,0.5303021510734197,0.0,0.013776488248236402,0.1624905176113693
148800,124,2342.912645997622,1200,0.7440215847705116,0.06455486743453731,0.015918350474533348,0.04139486327767372,0.02900773286819458,-2.0694024562835693,0.0,0,,-10.932383044532616,2.271808854362691,0.19305032104630895,0.314041693536792,0.12183814988138214,0.3808313985782342
150000,125,3083.538113170591,1200,0.809501515664896,0.06725597998657981,0.019446101689274135,0.054146405309438705,0.033369988203048706,-1.682347059249878,0.0,0,,-1.7170381123221536,-0.42107083380453114,0.2354512165031161,0.3522201648419507,0.1655108532508585,0.4459547826024159
151200,126,1949.2316589918514,1200,0.13823433056510848,-0.010691852374096544,0.00913409998386529,-0.047743406146764755,0.004605731461197138,1.6081022024154663,0.0,0,,-7.440109578873439,0.1866526616157763,0.1278195066127847,0.592139959892172,0.11373029029178135,0.39481385131355834
152400,127,4929.101884042155,1200,0.0,-0.0003641973250917947,-0.00013885986368533323,0.0,0.0,0.6835168600082397,0.0,0,,-0.35419163946044624,-0.47735639574677396,0.5552960243649531,0.0,0.009668376310536117,0.15288073286683154
153600,128,2245.7644465655867,1200,0.2476415069246465,-0.018381934423983188,-0.017652813848075266,-0.0377454049885273,-0.0052454001270234585,1.8954787254333496,0.0,0,,4.576153442248279,-0.17732596124802058,0.1194666980335235,0.486693511884064,0.1417799193777745,0.40202669730743695
154800,129,1984.1877446732021,1200,0.5504595276377582,-0.04700436871181578,0.0001312547642252944,-0.055236898362636566,0.01251407340168953,1.1800791025161743,0.0,0,,-12.432057481145401,-0.788215574872957,0.17411592858193578,0.40922426583193233,0.10894300836321182,0.33768912096491
156000,130,2489.172742659125,1200,0.5414537425834025,-0.004994120036487937,-0.04640575444084827,-0.017539089545607567,-0.04578140750527382,-0.44863492250442505,0.0,0,,-10.692569016405885,0.5712857742399539,0.17082315842086915,0.42042017728577963,0.12002674740479904,0.39943204641457736
157200,131,3414.0911567943817,1200,0.6097439819964858,0.044677101965536356,0.03027584309450925,0.03141142800450325,0.00808203499764204,-2.0615646839141846,0.0,0,,1.7436055366595702,-2.1630142504315035,0.26934580297295235,0.2603785072668711,0.09116474946110115,0.35477720524538686
158400,132,3031.288737622362,1200,0.2668452025869278,-0.016534197393429276,0.01602279481203742,-0.04549666866660118,0.025298403576016426,1.836283564567566,0.0,0,,7.985329793941589,-2.176405765539997,0.3205042526219505,0.5156751476142114,0.059249227943511326,0.2731948416543023
159600,133,3116.510859679825,1200,0.18140274625719788,-0.007976176742287762,0.012848254528017918,-0.0178521778434515,0.030623935163021088,-0.6658368110656738,0.0,0,,3.3268273033182987,-0.7190430044660443,0.3276679676351858,0.5743048235971958,0.027531163424333153,0.26800116649946
160800,134,2225.5584185977837,1200,0.7944747280221689,0.06425949159812101,0.01763275483257384,0.054836519062519073,0.008530776016414165,-2.1562955379486084,0.0,0,,18.127912787581458,-0.13887867041516821,0.1690384826096378,0.31557825207950446,0.12256731945315993,0.34711337439044476
162000,135,5813.28402628,1200,0.0,-0.0006978126168549103,0.00047785353068614415,0.0,0.0,-1.122041940689087,0.0,0,,-0.45558775445912425,-0.48150551806887465,0.7504174848515917,0.0,0.00434525002847959,0.13941663951573124
163200,136,5838.024256177987,1200,0.0,-0.0010892869465086094,0.00021187499939525066,0.0,0.0,-0.5024679899215698,0.0,0,,-0.11776537077649886,-0.19327653717151685,0.758236335795772,0.0,0.00643980001692489,0.12571163308510888
164400,137,5923.708986997677,1200,0.0,-0.0011307313910624622,0.0010818078579306488,0.0,0.0,1.8719195127487183,0.0,0,,-0.19259446103988995,-0.2096314134355662,0.7751829170363216,0.0,0.004181431231792219,0.1285570526801992
165600,138,2074.8359773595694,1200,0.5013192177414846,-0.014239785614309018,-0.03966260936376777,-0.027167830616235733,-0.05265192314982414,2.870742082595825,0.0,0,,6.506826924613552,-0.01718422049234171,0.11011010239984671,0.4658606625661568,0.19405325126713524,0.43779179447617944
166800,139,2259.567072931598,1200,0.7233911321815165,0.036486674614755035,-0.04810253161292437,0.034320324659347534,-0.05085904523730278,1.583280324935913,0.0,0,,-16.361875989120136,0.0510370578371882,0.1476418048977321,0.38978858424217605,0.18511445931740653,0.4300473069309038
168000,140,4110.931935219729,1200,0.4596842596013797,-0.029846356494576353,0.024638360182415227,-0.036531321704387665,0.022251572459936142,0.9459024667739868,0.0,0,,1.6885518159050894,-0.25150182365363516,0.4223220285697372,0.365412226661612,0.06122397881904554,0.312931358771627
169200,141,4255.951488895346,1200,0.5224472279745345,-0.03207893713909304,0.02947791650394948,-0.03492845222353935,0.02982708066701889,2.5674312114715576,0.0,0,,0.19130674010969248,0.13822447432496987,0.4314992292673487,0.2960604315259308,0.05621268688429182,0.30642211066445807
170400,142,2897.645126818847,1200,0.4427916822275116,0.029416839881477436,0.02676633358430988,0.04265226051211357,0.015853846445679665,2.010432481765747,0.0,0,,-3.679703679601354,1.1115818202673435,0.21790964035306634,0.4112831048611219,0.11077294330192264,0.432593892627698
171600,143,3402.211294962806,1200,0.6291634004617473,0.04673729646429032,0.023786582608697027,0.05036703497171402,0.0269964300096035,0.13889382779598236,0.0,0,,-4.79707473641569,-0.11973342403046121,0.27784730660518087,0.3448578100436823,0.11429037738272127,0.4199288020152444
172800,144,2683.923217382736,1200,0.736892555720151,0.002334297943128264,0.06311520440082737,-0.012061340734362602,0.05979853495955467,3.0964653491973877,0.0,0,,-10.959477894139082,0.03428584404503144,0.2718397130060377,0.3261438514873568,0.09918458978109793,0.3257502705715933
174000,145,2528.391885763824,1200,0.4511405905632032,-0.025357139620427044,-0.03143180365936939,-0.050507016479969025,-0.028789987787604332,-0.14826881885528564,0.0,0,,-5.6337539518507995,-1.4150921056929329,0.1751988200770627,0.45859960081750284,0.15942488301734623,0.4145157701206151
175200,146,3800.7529230469254,1200,0.92721004110498,0.05968899535648826,0.04910047779448576,0.04403933510184288,0.03450729697942734,2.095400333404541,0.0,0,,-0.544043538098733,-0.24012449752672685,0.29568982155896156,0.2143617972578735,0.17519913033309764,0.42393172335117035
176400,147,5251.493724025119,1200,0.0,-0.001213203398390034,0.0025326948736398144,0.0,0.0,-1.5913902521133423,0.0,0,,0.5472405082252665,0.030859581454090637,0.6308827100078752,0.0,0.00996293530553157,0.14559832422416824
177600,148,4149.951509173279,1200,0.6842436768813687,0.0018467531905564886,0.057006194714641356,0.0004915138124488294,0.05553422123193741,-2.623765230178833,0.0,0,,-7.006013757589507,-0.917895822815329,0.4259382621505774,0.2584813293206682,0.12343032641917465,0.33771845452236743
178800,149,3286.3538669571735,1200,0.5345941257864051,-0.027891796431161756,-0.03476985858914284,-0.030561551451683044,-0.040832631289958954,1.3036338090896606,0.0,0,,0.3516235795285849,-0.5033351797116214,0.2606308374411631,0.3601993811953079,0.12333401871711466,0.4161487263055036
180000,150,3196.041895689305,1200,0.5656890097959221,-0.054414793317650936,0.013841331146096925,-0.03731299191713333,-0.012580444104969501,-0.678371012210846,0.0,0,,-0.755716236469315,0.23949779259127021,0.2211981576563632,0.331203602194938,0.08093430431489779,0.2867430846120604
181200,151,3367.645101803711,1200,0.3063996087253062,0.02573104851910608,-0.007469690936509267,0.03834496811032295,-0.025698181241750717,2.662841320037842,0.0,0,,2.3967937536190167,-1.316153483433252,0.3060302410233159,0.46223602906647004,0.09558436295547837,0.34105759576133965
182400,152,3222.5412705479775,1200,1.0319217628454462,-0.03807390408895154,0.0777895231351048,-0.018378697335720062,0.05261807143688202,-2.034356117248535,0.0,0,,-10.170934758743972,-1.2679722007331478,0.25899981956951557,0.23447662415412893,0.16284463200952337,0.545098745686552
183600,153,6006.138232528269,1200,0.0,-0.0008342719222790667,0.0014169273408035858,0.0,0.0,-2.7761192321777344,0.0,0,,-0.7072831901290818,-0.47589664882745547,0.7958484320564969,0.0,0.004811960030002407,0.1259958427022726
184800,154,5607.816565190278,1200,0.0,-0.0016478870986665877,0.0018632435857223939,0.0,0.0,0.0020511343609541655,0.0,0,,-2.0535520765333786,-0.7544800990659197,0.7916822136590947,0.0,0.005142881472293296,0.1302795813821362
186000,155,4370.33241378048,1200,0.33546461460315263,0.012165565801897966,0.02517300860336249,0.013912823051214218,0.029932595789432526,-1.8555715084075928,0.0,0,,-4.116392924843669,-1.0107201633488623,0.4974703907516811,0.3362077281102394,0.07201205588987696,0.26803557178067394
187200,156,2525.580471239289,1200,0.16601087114625235,0.0026976820189035327,-0.013799796303298134,0.01743941195309162,-0.04458018019795418,2.883744478225708,0.0,0,,-4.116989513059399,-0.13120414736271724,0.2184391175817546,0.6370030623462927,0.05213004875705087,0.24847234635922372
188400,157,3276.8258357823124,1200,0.9771437339670807,0.08326608877116314,0.014224334529409183,0.06501929461956024,-0.006527771707624197,-3.133589506149292,0.0,0,,2.057072576446096,-0.00296653976514569,0.23214241350153103,0.24881274160040584,0.1732838430737997,0.33971646903557035
189600,158,5956.5928974252,1200,0.0,-0.0013504901421057106,0.0018764772156818624,0.0,0.0,-0.4017932415008545,0.0,0,,-0.2519414849186454,-0.5246804773313617,0.7846608189242024,0.0,0.004295845372656454,0.11900085091041823
190800,159,6005.6991992536505,1200,0.0,-0.0008548032038683097,0.001945606552896783,0.0,0.0,-2.583019733428955,0.0,0,,-0.3583671101599962,-0.1980574316261199,0.7941997553658636,0.0,0.004073034801064663,0.11790399340624765
192000,160,6176.211899232801,1200,0.0,-0.0002021149718891751,0.000639766213817153,0.0,0.0,-2.028629779815674,0.0,0,,-0.23478506236586869,-0.0572974196026128,0.8328419726757235,0.0,0.002466818945652566,0.1228459848493736
193200,161,6258.316762708545,1200,0.0,-0.0003910876519741502,0.0013475586837144577,0.0,0.0,0.5221176743507385,0.0,0,,-0.12005845132944233,-0.1868457019221782,0.8522554668717639,0.0,0.0028506357436110684,0.11926860663626387
194400,162,3194.8990702778938,1200,0.7562367531812219,0.0022896245811810166,-0.06350814288791845,-0.006465153302997351,-0.069194495677948,1.315960168838501,0.0,0,,-2.7770853693495003,2.2208930493552725,0.2568022672712498,0.3485437178202409,0.14943363500197399,0.46007160148360887
195600,163,2948.6968975122895,1200,0.6211465090573534,-0.051150339170473506,0.026646483629987804,-0.041897259652614594,0.000984533573500812,0.7324753999710083,0.0,0,,-2.6771063108401947,-1.4027145313828233,0.18898111620512495,0.2979062238084547,0.12234633351974267,0.3392139311134036
196800,164,2272.7221557475937,1200,0.22444477613422256,0.02567097032214628,-0.002164304126087048,0.04050559923052788,-0.04540741443634033,0.8568370938301086,0.0,0,,6.788910919534453,1.7299825057573561,0.1765466989708558,0.5377451604352684,0.12219572100315029,0.43519536003133963
198000,165,6162.656551809795,1200,0.0,-0.0004982445194020538,0.001719763056094242,0.0,0.0,1.6914540529251099,0.0,0,,-0.09009053638312435,-0.27061128576362564,0.830878522284228,0.0,0.003891988823790845,0.11553399009613206
199200,166,3276.3422620710494,1200,0.390685440848112,-0.01930391393468514,-0.03110195506222829,-0.004621029365807772,-0.057126838713884354,-0.7649672627449036,0.0,0,,-0.33501680803132017,0.12853151514807673,0.28248363248416575,0.48424208938061336,0.078694402479361,0.2534000687093204
200400,167,2786.1769027535715,1200,0.7923359676457385,0.06353743082758491,0.039978333821073284,0.06485214829444885,0.004272323567420244,-0.0073852878995239735,0.0,0,,4.988130784722053,-0.44254738409477296,0.24170431769475892,0.30009540683540864,0.15991258751170784,0.46038482933259417
201600,168,3367.5622636011253,1200,0.7053889048394513,-0.02637100252706117,0.052869665541786,-0.02597435750067234,0.041122425347566605,0.10363315045833588,0.0,0,,-7.569197888317698,-2.445678462985039,0.3089233503848389,0.2860087255874799,0.10512821091848186,0.29404849398842925
202800,169,2901.306590550555,1200,1.0685474735242246,-0.08858512662303755,-0.03087682802524311,-0.05413566157221794,-0.04162825271487236,-0.6982432007789612,0.0,0,,-4.606453016057178,-0.8506727373002038,0.15830188751388102,0.2811089837394718,0.18935809432580822,0.3733476338833868
204000,170,3717.386945896835,1200,0.9164063895912777,0.07593953605668044,0.008268372021699518,0.03885026276111603,0.0051575712859630585,0.39750048518180847,0.0,0,,-7.861387276633955,-0.1476248878155467,0.3217885848023491,0.11470764846158839,0.12179819762109803,0.4078214097814572
205200,171,4466.326078025228,1200,0.7321263318111887,-0.05243491301734497,0.032977306182775064,-0.04197292402386665,0.0171398613601923,1.0032532215118408,0.0,0,,5.647542764696314,0.2606702883233649,0.425069714169665,0.17376816512053808,0.10564303884125814,0.35493941736238777
206400,172,3949.6349559099726,1200,0.9394733873942005,0.07748597804925053,0.011728626830710152,0.052547674626111984,0.00555255264043808,-2.3881537914276123,0.0,0,,1.3917116411101698,0.6393772196760251,0.35926690125555294,0.15322435394576725,0.12783041914009008,0.3466041151829686
207600,173,3885.857513502235,1200,1.1326877470938057,0.040850680039495164,0.08521296027581272,0.021878497675061226,0.05186661705374718,2.9161250591278076,0.0,0,,2.048548284048859,1.3249536810326026,0.3125225441962491,0.11644556710828201,0.15743049266772977,0.4344317326930282
208800,174,6271.8358280919965,1200,0.0,-0.0005138327000090097,0.0016499764301806804,0.0,0.0,2.701139211654663,0.0,0,,-0.41574491030094746,0.04212810872777784,0.8588934075106794,0.0,0.004160524240810073,0.11301511568250654
210000,175,6296.715277279491,1200,0.0,-0.00016860045711588706,0.0012426271874249111,0.0,0.0,-3.036839008331299,0.0,0,,-0.6860477325562196,-0.3220335798669282,0.8630308825978419,0.0,0.004822490231755646,0.1162541326358983
211200,176,2519.3302256644347,1200,0.5673089412320735,-0.03735059321344979,-0.03820192693864664,-0.054578378796577454,-0.017607783898711205,-0.9191991090774536,0.0,0,,7.510360868075846,-1.0746194451782831,0.1682297058608206,0.3641818145197855,0.13009849599284462,0.34283228891275946
212400,177,2957.318910404207,1200,0.5205781512782819,0.035565621766210614,-0.025085156136775675,0.040048569440841675,-0.023673880845308304,0.07432883232831955,0.0,0,,-6.298650179734947,-2.0194717424416235,0.24543044155820173,0.36211464247438924,0.11615558845451958,0.295993956401005
213600,178,2925.0900852394943,1200,0.9045185565487253,-0.01848880843569597,-0.08008231998468217,-0.03488270193338394,-0.04715408384799957,1.2952430248260498,0.0,0,,3.889517219157696,0.8585836381500127,0.17027234959834345,0.30826434512150913,0.18686737023733638,0.42879070489702636
214800,179,3912.8220467687925,1200,0.6954206910719113,0.011424613861572609,-0.056893055866348,0.013866531662642956,-0.05436936020851135,-0.8338313698768616,0.0,0,,-0.427960659758505,-0.20508534035936427,0.3526110295597181,0.2962072669679951,0.13562220203474482,0.424606321998009
216000,180,6265.632187583172,1200,0.0,-2.2911138563243102e-05,0.00010746669608124324,0.0,0.0,-0.43591684103012085,0.0,0,,0.5487544659054108,0.0677136678353005,0.8583834367433032,0.0,0.004399495541895024,0.12803371746543385
217200,181,2740.279592675141,1200,0.31413417238140234,-0.0022163248159642436,-0.02648111854622359,-0.008748117834329605,-0.0333787202835083,1.032856822013855,0.0,0,,7.59226808988218,0.4301425853102613,0.29383514011676115,0.4296661450959876,0.08032887127992357,0.36235260299321276
218400,182,2880.1248729047934,1200,0.6431794087832376,-0.005172067355778432,-0.05384971805111835,-0.012060999870300293,-0.051116231828927994,0.6836254596710205,0.0,0,,2.421594249029742,1.307863480755859,0.23431689426366692,0.35367842639724867,0.10441710488190317,0.3996846810271774
219600,183,2791.9508536164453,1200,0.9670165091597045,-0.07926229886670684,0.01685057002140041,-0.05280785262584686,0.005520499311387539,-0.23491095006465912,0.0,0,,1.9012265800540258,-2.302479995563072,0.1912749780183739,0.2349528733235937,0.1994067630463181,0.4564576854460331
220800,184,2860.054632512845,1200,0.8129325181636933,0.05222904163322372,0.04459431774263693,0.03730607405304909,0.04437221959233284,0.9361899495124817,0.0,0,,4.474535966822354,-1.4316867685558192,0.2067855511959219,0.2965335176361971,0.1605261148632153,0.40659963164921104
222000,185,3373.1542105174944,1200,0.5381978894684516,-0.04157853744075549,-0.016836710661022363,-0.03459371626377106,-0.01324045192450285,0.8480098843574524,0.0,0,,-3.8310219199850737,0.8832584684427357,0.29433150882157016,0.33349095766724357,0.10813925125957935,0.33587475193486205
223200,186,3648.827506219709,1200,0.7034084167959578,-0.05761006778870815,0.013652381319004293,-0.04058811813592911,0.003728362498804927,-1.380151629447937,0.0,0,,5.201735600714643,-0.10377039646178837,0.37113529005100554,0.17407642462171627,0.14893622567773276,0.42902712934963766
224400,187,4279.53347064472,1200,0.7072325439570386,-0.04770259183194061,0.03496096183446032,-0.030185233801603317,0.02626129612326622,0.11485671252012253,0.0,0,,1.420956966621609,-0.305513906950968,0.4527454321983504,0.1847417871605933,0.09524561952403779,0.261670795304804
225600,188,4218.73320098685,1200,0.24022408599967093,-0.016505751055385025,-0.011699517851027517,-0.023249119520187378,-0.022178487852215767,-2.1773643493652344,0.0,0,,-2.9259136379390105,-0.9295976230885599,0.4992856273990823,0.4078337696329004,0.04233407172682723,0.19878652052414794
226800,189,6159.031593015533,1200,0.0,0.0015960087681205196,0.001465831787912643,0.0,0.0,2.297072410583496,0.0,0,,0.888177682636969,0.22110988033442572,0.8569965692146349,0.0,0.006372330251244368,0.10215695921865915
228000,190,4135.814520593873,1200,0.9801182245858284,0.07999932707400857,0.019064432607491508,0.05412939935922623,0.006354592740535736,3.0202598571777344,0.0,0,,4.0481215671858255,1.9020410650034958,0.35882987116274334,0.11835604314306963,0.15096107518558785,0.418093597845688
229200,191,6273.54055139697,1200,0.0,0.0001357626163132478,0.0007189700580039933,0.0,0.0,-2.7246475219726562,0.0,0,,-0.1675120713373214,0.11339675422313687,0.8652720839020525,0.0,0.005870127463412212,0.09903698225710549
230400,192,1773.4593556765092,1200,0.4432582912674877,-0.03693794989803827,0.0007334811491651989,-0.060563042759895325,2.0070057871635072e-05,-1.8729217052459717,0.0,0,,-5.552344351309571,-2.578141297449937,0.10827215126297718,0.4754098085753168,0.21929354857705885,0.40476238436362527
231600,193,5010.420268450043,1200,0.5082003978808428,0.03900035626352297,0.020957311292865134,0.031454864889383316,0.006283294875174761,2.3506383895874023,0.0,0,,-2.4677559932097766,0.1785329184209974,0.5841720041351948,0.1821527405202729,0.0868141522852686,0.32639477272680417
232800,194,4812.575457968881,1200,0.6355911257291673,0.028055506435231935,0.04506991215828689,0.018229633569717407,0.025277016684412956,2.9276881217956543,0.0,0,,-0.16414526285858871,2.7337296754061384,0.524078377957546,0.14643554392445426,0.10463361136598377,0.38905876206785556
234000,195,5286.471304711712,1200,0.4795892260769199,-0.004678790080955152,-0.04023119131883166,0.0014150695642456412,-0.029971608892083168,2.2628045082092285,0.0,0,,-4.454482386522598,0.5113140094728413,0.636969827880144,0.16853242560546464,0.06611100579995341,0.24749400632553167
235200,196,2755.256771521994,1200,0.6480946508926421,-0.039461589211072234,-0.039823419249587384,-0.040284186601638794,-0.0229757409542799,1.62064528465271,0.0,0,,-4.10247099757475,-1.9492286392985383,0.22953363599151147,0.33943961532693934,0.16786471001186892,0.38629809982001145
236400,197,3707.896521581885,1200,1.0844660648395326,-0.011111917322598242,0.08981561260328824,-0.010329712182283401,0.057973604649305344,1.1546977758407593,0.0,0,,-0.2749601666297715,-1.0368668790749402,0.2894019215621711,0.1784223443511278,0.1652403529403675,0.40163486700908135
237600,198,6375.036533077445,1200,0.0,0.000514741144335765,0.0007831503822165763,0.0,0.0,-1.9994250535964966,0.0,0,,-0.6925988541230629,-0.09494148799472846,0.8845779541265102,0.0,0.0030914839948655635,0.11762709864121654
238800,199,6394.92801710574,1200,0.0,5.178110286966189e-05,0.0014968090333588853,0.0,0.0,-1.1692453622817993,0.0,0,,-0.8688798625351882,-0.13982874941327939,0.887712407117155,0.0,0.0026048217995596067,0.124738129021765
240000,200,2220.8626809625935,1200,1.0219706695162867,-0.07850606008301252,0.033775343521159566,-0.06338004767894745,0.02118685282766819,-2.833538770675659,0.0,0,,-8.666953512647716,-1.6906000135591215,0.15396761905203882,0.2703933958419976,0.17591818506487308,0.4952335473268164
241200,201,6428.372926852047,1200,0.0,6.789704825746467e-05,0.0001567206241208457,0.0,0.0,-1.6267297267913818,0.0,0,,-0.4304785592406249,-0.3084593424002242,0.8971327495431899,0.0,0.0026191821906145704,0.13026904011330148
242400,202,3040.2722908896244,1200,0.8466447909276825,-0.07027467478520678,0.007412873759457067,-0.05962248891592026,0.002928675850853324,-1.8562421798706055,0.0,0,,-5.136151543849019,-2.699734547540917,0.19752936762855014,0.27899468340303407,0.1560689144080009,0.3864569021828848
243600,203,3385.9341688182844,1200,0.9348910678477921,0.06946683604106159,0.0403757932422848,0.06112281233072281,0.017535781487822533,0.8022335767745972,0.0,0,,2.4360600072235425,0.2096299772319798,0.2812646890060963,0.2340939187341967,0.25244745264305973,0.6507542300623914
244800,204,3269.9375197513423,1200,1.3011224100315146,0.055638965524009404,-0.09359936684110401,0.04023496061563492,-0.05537431687116623,-0.7332698106765747,0.0,0,,-9.04090085760559,-4.128206870215993,0.20406229485135907,0.16224546646020296,0.19621845359912715,0.4562144958805759
246000,205,2914.818638768355,1200,0.9025714947968139,-0.038744210637842696,-0.06774795545712926,-0.0372801199555397,-0.03696741908788681,0.23876293003559113,0.0,0,,-7.2672753246771,-6.5255712710438365,0.20720016446972078,0.24855798070419932,0.14591537326940196,0.41834517185657716
247200,206,6309.065406298655,1200,0.0,0.0005260870751076848,0.0005350136182191394,0.0,0.0,-1.9888414144515991,0.0,0,,0.11205377201350006,-0.15087641461347964,0.8753919614248625,0.0,0.0036464423962562806,0.1377397749794768
248400,207,3626.4115664117708,1200,0.7613893836489167,-0.060288711708098304,-0.03442406991846849,-0.057864606380462646,-0.005857477895915508,-1.2658320665359497,0.0,0,,1.9847936771695558,-1.150745787096772,0.27268426183073885,0.2514474674001415,0.1709704093728147,0.36677459596305534
249600,208,4907.457236608782,1200,0.46044512864139436,-0.0077599572634854275,-0.03793325155499194,-0.010432546958327293,-0.029868222773075104,-1.1462457180023193,0.0,0,,1.861649975835325,-0.3867058229394454,0.5618672770000269,0.22363459554486742,0.0780089866239677,0.3793692722459658
250800,209,6326.134327883981,1200,0.0,-9.848225432679835e-05,0.0007764548947802717,0.0,0.0,2.738264560699463,0.0,0,,0.2887602067080552,-0.5876094572238844,0.8837954020142632,0.0,0.003319145251592829,0.13447463627294862
252000,210,3944.0057482081575,1200,0.5974678963886457,-0.04032806896973182,0.036232161225364136,-0.03960101678967476,0.013349270448088646,-0.00922288466244936,0.0,0,,4.30712948492269,-0.007346790021930396,0.4105169611570407,0.21168104227504247,0.12353300493233954,0.4205890509426235
253200,211,4073.497120285882,1200,0.5884236515415435,0.036691889728949746,-0.03285495097611454,0.03038877807557583,-0.03283604979515076,2.068380832672119,0.0,0,,-6.749423473704165,-0.3581174618657074,0.4553456149095926,0.21492093546888819,0.10991787298394454,0.45406665424988335
254400,212,4113.708236418376,1200,0.9959503324383125,0.08451602654631374,-0.021350233961881255,0.05357678234577179,-0.033455293625593185,1.5028225183486938,0.0,0,,2.9120300380180186,-0.5403775922689246,0.3616612888217287,0.13257216840683636,0.15819762014848782,0.447999034255853
255600,213,6267.175060885512,1200,0.0,-0.000650410073990779,0.000606719679418765,0.0,0.0,-2.1081440448760986,0.0,0,,0.9264323663082044,-0.29087262725712615,0.8655696558639994,0.0,0.003475946425946971,0.1413136108593653
256800,214,3936.9691854950415,1200,0.5885813635872982,-0.043460023598934076,-0.023328715488974344,-0.0348798967897892,-0.023794855922460556,1.1833051443099976,0.0,0,,1.8029126665395225,0.6882162028331927,0.38934005970126234,0.2714928467432963,0.0818430714716689,0.34957734876838087
258000,215,4080.910844476155,1200,0.737109418763833,0.0479744907221844,-0.03877150488423834,0.040509577840566635,-0.039362773299217224,2.7609152793884277,0.0,0,,0.6471795882610696,-1.8759366024967234,0.38636752170468003,0.22304713263737314,0.14403982320426864,0.4564181954566079
259200,216,4808.97654589194,1200,0.3808912010469626,0.028039730661474593,-0.014908864099605209,0.028443200513720512,-0.01398520264774561,2.576646327972412,0.0,0,,3.6711849975099353,-2.9530949964107385,0.5794744002280758,0.25764820298558555,0.05782059616724066,0.21850409334377816
260400,217,4651.133406354669,1200,0.5757841506364632,0.02281682539761236,-0.042491186554616506,0.02549535222351551,-0.03773504123091698,3.0846352577209473,0.0,0,,2.0814564118301577,1.0132444451843299,0.5231910278219623,0.24120841305176582,0.0878165889574634,0.28870244837337505
261600,218,5368.7965336461675,1200,0.6933904630775708,-0.04553827124655301,0.03612244349162004,-0.027184339240193367,0.02685338258743286,1.8106539249420166,0.0,0,,1.6348532029062255,-0.13696811721261642,0.6200542795354206,0.10030787495397729,0.10803092609378206,0.3166796464946307
262800,219,3231.4478839543144,1200,0.4749055655405958,0.0007937985948573041,0.03979497496097277,0.0064372718334198,0.05045619234442711,-0.7680612802505493,0.0,0,,-0.7797680135278289,-1.7481459580335255,0.285145053558412,0.408038629259482,0.11013876719584563,0.49080468469183985
264000,220,4611.4737090974395,1200,1.0181165815744961,-0.07923108655849148,0.03063181110030106,-0.04840301722288132,0.021512316539883614,-2.463329315185547,0.0,0,,0.08554271361174166,-0.29388691002184586,0.42401497164022833,0.07606198092517158,0.12494164553711516,0.35279431463041294
265200,221,4168.388049618958,1200,0.9113866520614786,-0.040264598561629665,0.06469766253777297,-0.035612765699625015,0.047980230301618576,-0.842772364616394,0.0,0,,-2.313378082863043,-0.8007974875311692,0.39205370847421933,0.19844963129515505,0.11563702059137781,0.4257243041997306
266400,222,5292.75311440523,1200,0.7110717284082175,-0.0352870358781689,0.04760376457874285,-0.02552216127514839,0.03424915671348572,0.12596005201339722,0.0,0,,-2.4469043673876545,-0.21549942198778357,0.6164885115194325,0.11423929776186405,0.10957789312148641,0.41780099997348935
267600,223,6274.60257995629,1200,0.0,-0.00026022661424316855,-0.0002262738291009489,0.0,0.0,1.1816649436950684,0.0,0,,0.7156938177771319,-0.6990377349013287,0.8718055825618825,0.0,0.004070875776451405,0.14266976406772536
268800,224,6356.315666303597,1200,0.0,-0.00020407356797148062,-0.0002425702004332598,0.0,0.0,2.068805694580078,0.0,0,,0.03821033873397775,0.13598797896525258,0.8837307868361783,0.0,0.0034606616248094592,0.15061797674445515
270000,225,4517.444438644501,1200,0.6508447134008603,0.01312242866976538,0.05284759574948075,0.014730310998857021,0.04267720878124237,-1.9222533702850342,0.0,0,,3.0444408091327175,-2.7922377968278815,0.48738449448809745,0.21488793085740435,0.12140198288334393,0.4015473452324144
271200,226,6302.734452911426,1200,0.0,0.0003329200538792461,-0.00028542938545722275,0.0,0.0,-1.556234359741211,0.0,0,,-0.14258372425259352,-0.19912332325527635,0.8803543921806258,0.0,0.004862238868292934,0.16718218573653745
272400,227,4290.545701757131,1200,0.78631949627198,0.04659135803337174,0.04630256406443224,0.0503324531018734,0.043486908078193665,2.917462110519409,0.0,0,,-0.6676201936564305,-1.4120686619744183,0.4384435136142123,0.2475909881140106,0.12747114991037561,0.5609113966650711
273600,228,3478.7908159710114,1200,1.3300340795714534,0.03722244687287685,0.10589898948681152,0.010632016696035862,0.05872479826211929,-0.30862918496131897,0.0,0,,-5.712684277467115,0.8150073273565647,0.2550831256697122,0.07673551842681821,0.2158115351799337,0.6498282851520999
274800,229,5269.137692759254,1200,0.42104234812250896,0.03400597855882091,-0.011807578276426972,0.030435679480433464,-0.0033238627947866917,-2.627192735671997,0.0,0,,0.9332531484821148,0.5658399201265093,0.6515664587920141,0.166444382709708,0.0662949815281708,0.24283718329427975
276000,230,4637.3900587282615,1200,1.073408882789652,0.01006206171790672,0.08918238612416275,0.0015352193731814623,0.0496547557413578,-1.0451111793518066,0.0,0,,3.9650775723467566,0.7511289899695314,0.4163561037898193,0.06049771380044601,0.13360103702906437,0.3817800949493141
277200,231,5398.332010181617,1200,0.6747358150406075,0.03276508861688152,0.04569713983726091,0.027435604482889175,0.03763905167579651,-2.436845302581787,0.0,0,,-0.7755871729451371,2.480517083529153,0.6500483597125261,0.13286611183510813,0.08110040553805946,0.37648682255606225
278400,232,4345.015546163962,1200,0.8415151364921675,0.004906377597498166,-0.07070826754802956,-0.0037451910320669413,-0.048846643418073654,-2.27663254737854,0.0,0,,-1.7112542057154954,-2.157134883630339,0.40136706101720065,0.17677191827285177,0.13809389273626327,0.5079498104776282
279600,233,5006.624912002078,1200,0.49220366259340087,0.01752550963600519,0.0371405663013847,0.016115769743919373,0.03016638197004795,-2.9476873874664307,0.0,0,,1.3990565622375892,-0.11887425517629861,0.6071793534496517,0.19192636116474335,0.09261654044328667,0.3006159106350448
280800,234,4119.208761341649,1200,1.171169654723637,-0.07515489229514376,0.06378258904903543,-0.05405617877840996,0.0341155007481575,0.6598573327064514,0.0,0,,-3.0617438629742435,0.5495914995723215,0.32594593861576,0.1258811396602752,0.13721337246537038,0.45743435932464016
282000,235,4197.5599975652985,1200,1.3642426258348965,-0.06671959429512596,0.09325330966556372,-0.043935488909482956,0.047007665038108826,0.5181995630264282,0.0,0,,-0.534087368897317,0.9022345142562781,0.3236798197910949,0.05064781809588298,0.15416531374427125,0.45081794455010643
283200,236,4993.503346674635,1200,0.7625974579762016,0.015504160494060977,-0.0619651191838386,0.00671501737087965,-0.046252574771642685,2.197509765625,0.0,0,,-0.9637548548287511,-1.9028918502205143,0.5425918368865628,0.12439409946393094,0.13271598229961293,0.38443035282605204
284400,237,4618.322733644315,1200,1.0648625140744068,0.08708851936260364,-0.017268306160851395,0.06732998043298721,-0.015605763532221317,-2.79252290725708,0.0,0,,5.731510465512233,-0.8060468288678112,0.4799679700428721,0.08622476161268926,0.1561018584065568,0.39139176155069466
285600,238,5443.447931861205,1200,0.7109193947806816,-0.0038459860662367353,0.0591628794234195,-0.0009111420949921012,0.03479456901550293,-1.3551017045974731,0.0,0,,-0.9592537883160135,-0.6949124884739866,0.6369662152381996,0.06274984840359933,0.09410244429792518,0.28607056634303135
286800,239,5782.249719275036,1200,0.661592402205519,0.05268306133073964,0.016335647376963785,0.044935889542102814,0.012467250227928162,-1.744882345199585,0.0,0,,-6.606591085088517,-0.9376158542691013,0.7476171895331184,0.08593664344409171,0.07328423084726841,0.30862661191374524
288000,240,3497.384943467863,1200,1.1700608102176437,0.011371257091036724,-0.09689761614474096,0.009742083959281445,-0.06396076828241348,-1.2683086395263672,0.0,0,,-9.539498813564494,1.3244074389534792,0.22745828658649078,0.16036038211100195,0.17157063344005744,0.5973042397324213
289200,241,4355.47244931381,1200,1.2124927993154024,0.0640158009160206,-0.07871436444493961,0.036972448229789734,-0.05498630180954933,-1.766211748123169,0.0,0,,-1.1882322673380976,-2.2506513062486357,0.3597065859626522,0.057442048362305084,0.13302957310549796,0.36583755727154005
290400,242,6249.100547888703,1200,0.0,3.7655770935348394e-05,-0.0008834956935717209,0.0,0.0,-2.159339189529419,0.0,0,,0.5557911781759852,-0.09328364131456514,0.8707784674289976,0.0,0.004522076962622695,0.14558468228216748
291600,243,6336.146173900658,1200,0.0,-7.40671579154729e-05,0.0004971493457203072,0.0,0.0,-2.759991407394409,0.0,0,,0.08988842037521946,-0.12224990499456666,0.8848353954131208,0.0,0.003807410114851583,0.1390890070068399
292800,244,4343.638538982555,1200,0.9843838087318538,-0.04085847659666458,-0.07349573300684613,-0.033956412225961685,-0.03801610320806503,-0.5852336883544922,0.0,0,,-1.9892760119043233,0.816728826892314,0.36830329221246577,0.12713655948016286,0.14480187268916764,0.363448615707234
294000,245,4438.91196187741,1200,1.1771177604790646,-0.09598963253497028,-0.0249951100714649,-0.06866057217121124,-0.007294808980077505,2.807219982147217,0.0,0,,-4.487391779634398,-1.3243275570586415,0.4118231376207223,0.08413675653357731,0.1302774383048811,0.35135155660109924
295200,246,2977.667802015749,1200,1.1338884318909837,0.09343394216360798,-0.036640745249251566,0.052547529339790344,-0.045852214097976685,1.7962427139282227,0.0,0,,7.32015668480025,2.5248901948155664,0.27688828639383917,0.15478382781399802,0.1567518012622876,0.5218665506259661
296400,247,4990.641733798352,1200,0.9388119128861122,-0.050448520179753674,0.060404162466956575,-0.034131914377212524,0.03283996880054474,-0.12015260010957718,0.0,0,,-0.36229715950704383,1.2997644219267293,0.5190635218561848,0.06748534281231387,0.10579086649865564,0.3806597402735546
297600,248,5054.7922588241545,1200,0.8729113487915416,0.044119148429596106,-0.058092024446144044,0.030014602467417717,-0.046339746564626694,-0.45672234892845154,0.0,0,,0.059824295480689425,-1.5849432024140637,0.5519897652726721,0.0724644925329378,0.13850693990632595,0.42266484016618855
298800,249,4909.109395331292,1200,1.1742839347404739,0.055096637222350836,0.08090527031078858,0.034214843064546585,0.0477837473154068,-3.0685527324676514,0.0,0,,2.2886965973147024,-0.824355731694527,0.49969941094405784,0.04059895184971405,0.1894684558238474,0.541672362780699
300000,250,6165.214618860754,1200,0.0,-0.0016909091257233766,-0.0001515771856557631,0.0,0.0,-0.37706616520881653,0.0,0,,0.6719061381030283,-0.7433953495367125,0.8670795246808767,0.0,0.006571140707044916,0.143232910123405
301200,251,4114.21681054242,1200,1.6622668620606855,-0.06714167475559646,0.12455494427412261,-0.061629943549633026,0.0731876865029335,-0.2861305773258209,0.0,0,,0.9621424625453737,2.54643040876496,0.3172537100479366,0.07130906515152426,0.19499998343948077,0.4971384458185926
302400,252,5670.99108962323,1200,0.0,0.0007631328604737167,-0.0023124954147776757,0.0,0.0,-1.7883423566818237,0.0,0,,3.1848163350989696,0.15875032652891888,0.823968840033497,0.0,0.010337449709534614,0.20694786702509949
303600,253,3712.663928056447,1200,1.4814362957073863,-0.12344228011974302,-0.03379692570047927,-0.09082158654928207,-2.889025563490577e-05,-1.9767485857009888,0.0,0,,0.4602967739976219,-1.1258715462786395,0.2462582024941249,0.12049397340459772,0.19171048663972548,0.38186185246533827
304800,254,6130.180539026927,1200,0.0,0.0019296266496931125,0.0009709440738321207,0.0,0.0,-2.8684744834899902,0.0,0,,0.6791611039771405,0.19430814730123047,0.8506018249431234,0.0,0.007775997278333045,0.15210251593726787
306000,255,3167.261385672311,1200,1.3483919234479596,0.031824591948045246,-0.11077365401651867,0.04813748970627785,-0.08725977689027786,-2.254619836807251,0.0,0,,-2.6874182300588627,-1.3052583871596934,0.18885507154985895,0.19307638270580432,0.28389651207494054,0.6651937367051285
307200,256,4040.052108343318,1200,1.0216151041224928,-0.05809719426766165,0.06420267065900256,-0.0679187998175621,0.05183350294828415,-0.06089616194367409,0.0,0,,-5.937102196346721,1.294877873082703,0.4139390901102595,0.2235376018075863,0.19020001504112946,0.5674144568088503
308400,257,5701.558344104388,1200,0.0,0.0030466271354058477,0.0011734310427813114,0.0,0.0,-2.532205581665039,0.0,0,,1.3082617502082863,0.7447266172854313,0.7818502314062676,0.0,0.009231888629392566,0.1701380726175479
309600,258,3290.1999837165886,1200,1.4300951750208724,-0.046687644470519526,-0.10998614533158331,-0.02616921439766884,-0.07656874507665634,0.7028931379318237,0.0,0,,-6.439963338494069,1.0309113677284578,0.20696811143259658,0.1476395965320245,0.23778783213463123,0.5550128696557795
310800,259,2565.0027522486575,1200,0.9893949075481452,0.0210231001523468,0.07972608488098695,0.028942951932549477,0.10693833231925964,1.7564802169799805,0.0,0,,5.147410714462257,1.3347828319608495,0.217332888464024,0.34825525344367436,0.2436066455254948,0.4568556964130673
312000,260,5888.496202659935,1200,0.0,-0.0031616789427399198,-0.00041045651490618617,0.0,0.0,-0.8978724479675293,0.0,0,,1.0826975499955154,-0.5820578600590293,0.8158110246472776,0.0,0.010567179544547386,0.14824384637721394
313200,261,5809.935961017879,1200,0.0,-0.00171208342074851,-0.0010685613244563346,0.0,0.0,-1.0238615274429321,0.0,0,,1.660893404913852,-0.12121261725882379,0.8304421803650419,0.0,0.011915729788013921,0.16957318304329466
314400,262,4664.1311669044435,1200,1.0660229464973296,0.08790534694843345,0.013496047864603277,0.07435720413923264,0.007828282192349434,1.1662598848342896,0.0,0,,3.5639837257982974,0.9426094042570752,0.5253456301271083,0.11027334266503534,0.189740000695405,0.5269890531888204
315600,263,5207.4536164948,1200,0.9647947868933389,0.03492699182144271,0.07331778618552283,0.03539791330695152,0.05331163480877876,-2.3191170692443848,0.0,0,,2.886476608658152,-1.457245445769974,0.6059588093324059,0.07958434267549026,0.1404932620441277,0.4366699719828493
316800,264,3748.312956612342,1200,1.5451744379652474,0.12008162891797364,-0.04741234024488433,0.10638272017240524,-0.03333306312561035,3.1216955184936523,0.0,0,,-5.342782728270008,3.2716282215757375,0.3588564666766111,0.12612727254149425,0.1759835139285127,0.43707709536078504
318000,265,3040.204819183571,1200,1.524322010334343,-0.09513564651476508,-0.08802330326356388,-0.09515107423067093,-0.05789096653461456,-1.1792967319488525,0.0,0,,-2.3128234905732588,-0.9972609715739515,0.14147359317925368,0.22984328882451355,0.26539863254632595,0.5103341836848597
319200,266,4848.154507480868,1200,0.7853983977753749,-0.035694794280525716,-0.05513408767697025,-0.031675610691308975,-0.040954843163490295,-1.4732073545455933,0.0,0,,-3.8893359927138533,-0.2391527482143506,0.5330965082174317,0.15524222778369345,0.1343302604830975,0.5101125844108055
320400,267,3804.7825831260384,1200,1.4203078799660565,-0.11861014857293448,0.0010301803926016822,-0.10851912200450897,0.0080832839012146,1.3752256631851196,0.0,0,,-1.8807752333198768,-1.1171367680005602,0.322856509572774,0.1823883229115884,0.18093182929378243,0.43935291726877723
321600,268,6005.634058887755,1200,0.0,5.070552771029346e-05,-0.0007059617662176365,0.0,0.0,2.6256725788116455,0.0,0,,0.2502741305835493,0.12230992457673867,0.8249244762784926,0.0,0.008327326074106486,0.16810939857553198
322800,269,3435.665387141338,1200,1.1777285175943413,-0.004192009625226949,0.10088211464221507,-0.03170273080468178,0.11081511527299881,-2.6219687461853027,0.0,0,,-3.7859782104795863,0.9561682335689654,0.31091568945413767,0.28969798415837494,0.1513717256192818,0.41402933574952
324000,270,5305.146259130285,1200,0.9299361526596871,-0.07713405436861752,-0.008061665957991562,-0.056191783398389816,-0.0036552762612700462,-3.106144905090332,0.0,0,,4.498155133220136,-0.966497806626897,0.6080062947260295,0.0631951205862714,0.11990304458362339,0.30485343322148867
325200,271,4739.666354935535,1200,1.3900454212449855,-0.06625653355475215,0.09858141001430919,-0.06534187495708466,0.06161487102508545,-2.226506233215332,0.0,0,,-1.2929912846788452,-0.3837252521544158,0.45964035246074236,0.06445086077393734,0.18385771267725287,0.5558039027791007
326400,272,6177.234919822664,1200,0.6662089460313932,-0.04353220409021794,0.034488674101100764,-0.032104089856147766,0.026906099170446396,-1.605442762374878,0.0,0,,0.29999076029104293,0.5001946645129692,0.8043439521542584,0.051284134443140686,0.08294320504487494,0.4000624645721949
327600,273,4238.893345569568,1200,1.318541547613106,0.0037013198824703887,0.10987074841232804,0.000182864154339768,0.08493899554014206,0.3769572973251343,0.0,0,,1.2398780046386166,0.6362805978379021,0.3946131884665678,0.12214021620328791,0.1649251609032154,0.4616984342430769
328800,274,3972.913857049289,1200,1.0863989160232213,-0.06404628260194771,-0.06444005416276335,-0.05487567558884621,-0.0466364249587059,-0.9529092311859131,0.0,0,,-4.461038012169347,-0.4951048728910397,0.3540975782267626,0.17692866030013354,0.13653378659921742,0.37348814391576207
330000,275,3083.3169101287235,1200,1.4643725075878453,-0.05658953156754061,-0.11053091794883156,-0.032616257667541504,-0.11047298461198807,1.2605265378952026,0.0,0,,2.3826790171924244,-2.3665599736629996,0.1513004659891401,0.23329554015553167,0.23436104831706156,0.535756081111466
331200,276,4056.038615957612,1200,1.0881982153600245,0.0657472770838902,0.06320419966844235,0.08809572458267212,0.06825156509876251,-1.4716086387634277,0.0,0,,-3.0758715606185203,0.09951879328042162,0.4106537403391819,0.263978689435137,0.2503996112056062,0.5759567943002522
332400,277,4055.6648974081386,1200,1.154178588823023,0.07635989965807469,-0.05862957035577239,0.06817895174026489,-0.0478033684194088,-0.21367861330509186,0.0,0,,-3.8721962286129235,0.9933114927423033,0.44127296353796186,0.13131671991547558,0.16854801149283113,0.441496694943312
333600,278,4967.487688526157,1200,0.9844302110719355,-0.030318520078078445,0.07726393107545938,-0.03733746334910393,0.06424291431903839,1.496536374092102,0.0,0,,-2.6927548668858874,-1.2362735523557657,0.5683563063225264,0.14188071120479778,0.13705511565743134,0.4037033619073224
334800,279,5460.055856806793,1200,0.6144828929806271,0.05032155323614544,-0.010786068279856263,0.0518731027841568,-0.0057841879315674305,1.1620595455169678,0.0,0,,-5.477589478086717,0.8049455285510098,0.7310593305870791,0.14225209747180925,0.08177687789402102,0.45381977004403573
336000,280,5690.417930254379,1200,0.0,0.004687378959729395,-0.003840254333815618,0.0,0.0,2.93263840675354,0.0,0,,-1.451776964889134,-0.5859919129484141,0.7812845190314942,0.0,0.011885965213436182,0.19541891988136212
337200,281,3942.3168516245396,1200,1.5883909901696938,-0.005466950362425321,0.13234637854282585,-0.008601037785410881,0.10888880491256714,-2.2512474060058594,0.0,0,,2.760573312279716,-0.9916741364312789,0.35407566921725897,0.13613700040508958,0.1872079122803459,0.48349341657252703
338400,282,5295.97979769665,1200,0.9524667793765328,0.016060940708930205,0.07774066946603751,0.013305888511240482,0.059576086699962616,2.015390396118164,0.0,0,,-7.9573903375106285,0.6679790773723109,0.6561616177721638,0.0747651983468085,0.15630923819702533,0.4397177705750311
339600,283,2992.2941920216667,1200,1.172501374675312,-0.03558898551226215,-0.09151062214304478,-0.05308452993631363,-0.10457661747932434,0.018703274428844452,0.0,0,,-8.006671746458597,-0.717823237274795,0.25089168821050495,0.3086406920567244,0.23846195990718774,0.6125479935816323
340800,284,5873.728342671017,1200,0.6354914674764657,-0.023969316868268874,0.047223220316939575,-0.02163533866405487,0.04307879880070686,2.077434778213501,0.0,0,,1.869713551864145,-0.058181108378563766,0.7640655958284378,0.10812447871866482,0.11462292062224413,0.444136081349619
342000,285,4991.7881064590365,1200,1.2266867512481736,0.00847457339294715,0.10271743665887471,0.015844905748963356,0.07424135506153107,2.3178393840789795,0.0,0,,-2.8724855802584153,-0.6926636717661021,0.5567652658848391,0.04676872252523029,0.171345811637474,0.41254460532384696
343200,286,4614.8181180989795,1200,0.9138528775599454,-0.06766807235074628,-0.03505833781012521,-0.05792497843503952,-0.03289082646369934,-3.100240707397461,0.0,0,,3.4288951918043145,-2.8499038246639916,0.4981975607118491,0.1728005604227076,0.14785706062322204,0.38558534534914296
344400,287,5751.010852466702,1200,0.9549745448285204,-0.03602797403004897,0.07120984527175003,-0.035200122743844986,0.058283623307943344,0.6383422017097473,0.0,0,,3.764677549387804,-0.9710624622844479,0.7252785494820838,0.0689352441979823,0.15390328522459473,0.5569386503599194
345600,288,4170.285694203296,1200,1.1194753338551082,0.004130402236857867,-0.09359431157671365,0.011069901287555695,-0.08086040616035461,-0.9804274439811707,0.0,0,,2.184017943446692,0.3873543708813995,0.3813531458474686,0.17521302351971152,0.1799317313672751,0.5684610119906838
346800,289,6220.576231023427,1200,0.0,0.001620233567768569,-0.002611587483455542,0.0,0.0,-0.6412813067436218,0.0,0,,-0.6586134992955116,-0.2546341148489976,0.869379805635348,0.0,0.008391706411703576,0.16372318608887804
348000,290,5263.883118639512,1200,0.9590055530021598,-0.0669352867973,-0.04736781403648412,-0.05894522741436958,-0.024227406829595566,0.06730003654956818,0.0,0,,-1.6961247023463943,0.16785741164287812,0.6016078581520339,0.08043693170228772,0.15715036961586834,0.46720598141423286
349200,291,6235.784641509972,1200,0.0,0.0017757418778614202,-0.0029372710165868933,0.0,0.0,-2.015946626663208,0.0,0,,0.1504646362536475,-0.09147779839070226,0.8687285765852714,0.0,0.011207470588512852,0.17852518447281318
350400,292,5184.191087051018,1200,1.0718766599322653,-0.08435592591464375,-0.030473812510554137,-0.07352843880653381,-0.019244365394115448,1.2292851209640503,0.0,0,,0.3194270089373631,1.1081620941891852,0.5987314740763512,0.08652434638312734,0.16500684925367148,0.43128459348200976
351600,293,5505.749500727929,1200,0.9059903851051674,0.004984301577276653,-0.07557309277796449,0.007468896917998791,-0.05108752101659775,-1.813581109046936,0.0,0,,2.2776588720381974,-0.8754055285378493,0.6403094662478656,0.06400796185764422,0.09616637869541854,0.31106728055850774
352800,294,5195.499786093391,1200,1.0711252708016006,0.06816138890671636,-0.06051655725527194,0.06373848766088486,-0.036673255264759064,1.8323369026184082,0.0,0,,1.0997639206290832,-0.3044176534118711,0.5904251928776598,0.07224882446062691,0.1406565573853429,0.4208520723492672
354000,295,6005.8042296261365,1200,0.7520062173540479,-0.011610810663343933,-0.06158768074075476,-0.00872803945094347,-0.04317435622215271,1.494391679763794,0.0,0,,-0.38975578073875927,0.9875832345435608,0.7657774591367418,0.038279976557091776,0.12198152724754628,0.5363989116845936
355200,296,4974.89023928679,1200,0.6612821186076978,-0.04439420681724327,-0.033300035842196055,-0.04463957995176315,-0.025865795090794563,-2.154448986053467,0.0,0,,-0.008639474180869217,0.5656442871602357,0.5899647709338703,0.1952449352470559,0.11662542839769664,0.32282162470065034
356400,297,5363.504786510557,1200,0.8629790057880156,-0.05022487821953814,-0.05302623323346793,-0.04837685078382492,-0.03579752892255783,-2.5552124977111816,0.0,0,,-3.9037346777107778,-0.1036316404786227,0.6534466623867226,0.09918024960322717,0.11502443164534495,0.40516419235802537
357600,298,6119.736558632806,1200,0.0,0.0029300217312885632,-0.0016852677374901723,0.0,0.0,0.30375611782073975,0.0,0,,-0.4135211018718536,0.05561807953700079,0.8562624601012613,0.0,0.012010395326232852,0.22870925317786814
358800,299,5494.732624365321,1200,1.0564113046977723,-0.060423529203992236,-0.06551830786760178,-0.04910935088992119,-0.03883254900574684,-2.3144114017486572,0.0,0,,-2.958704476898001,0.25915657840060324,0.6504072658951611,0.013650847700878996,0.10214825105104271,0.3071442639903557
360000,300,6218.915449194723,1200,0.0,0.0023173848784209914,-0.0008157013203307207,0.0,0.0,1.2370492219924927,0.0,0,,-0.6304488557015987,0.09841171790674053,0.8713394439077579,0.0,0.010186557642318935,0.17723939357081253
361200,301,5384.1247515345385,1200,1.0768182374991477,-0.05097047911973522,-0.07455148367807342,-0.04055826738476753,-0.04693659394979477,0.2618701756000519,0.0,0,,-1.4763859622787334,0.21627958375849288,0.5972304516933469,0.028128928968824442,0.14525382105821083,0.48200751700575534
362400,302,5958.7941611246015,1200,0.8181053635016208,-0.06817023764214615,0.0010604592158120383,-0.05597224086523056,0.0013993638567626476,2.2974693775177,0.0,0,,3.997630505617635,-0.4883642438635895,0.7686329750452571,0.05264723789491226,0.09837139197322359,0.3758957764605036
363600,303,5956.208279440981,1200,0.9279282685644197,-0.04908217513089004,0.05976834044889349,-0.041585881263017654,0.05246717855334282,0.7948297262191772,0.0,0,,-0.19068855032183357,-0.9358382171768266,0.7631917521987637,0.05396920132336806,0.14393868618893021,0.528328562547967
364800,304,4165.045925259711,1200,1.6930016763609894,0.057381701685732964,-0.12889229279847764,0.045054905116558075,-0.09901192784309387,-2.671919584274292,0.0,0,,4.026850724641158,-1.6750380786045396,0.3557834308547092,0.07730374423058178,0.23898847109490415,0.6122607672680721
366000,305,4092.1135552237856,1200,1.1301104448608401,-0.07970845788103134,-0.05031423843568098,-0.07408437132835388,-0.04249611496925354,-2.8017783164978027,0.0,0,,0.11525493582476108,2.686652898374456,0.37877232277155043,0.16505135620492567,0.1947136791086525,0.48213412168138775
367200,306,5507.0877494038,1200,0.9885966850431201,0.03332051143015445,-0.07547686200146017,0.030364815145730972,-0.05977322906255722,0.38920456171035767,0.0,0,,0.8470354787383862,-0.630031476663258,0.6768079211280928,0.07075731128674648,0.2112450889788713,0.7374357651459862
368400,307,4603.139222362665,1200,1.2883385116712958,0.024209212814770738,-0.10459645094175189,0.020281551405787468,-0.08743436634540558,1.4538447856903076,0.0,0,,-7.130970166541256,-0.3419463426753321,0.5113055198458082,0.10392406013778334,0.21818936999196328,0.650440939504013
369600,308,5828.310171608825,1200,0.0,0.0010167092435637553,-0.0028317432863588037,0.0,0.0,2.872129440307617,0.0,0,,-0.9553440633132696,-1.0001800670586412,0.8221983742040344,0.0,0.009187261747913887,0.20134543919492234
370800,309,6322.821497330842,1200,0.6878399114396209,0.009718448165927627,0.0569388017785412,0.013142605312168598,0.04358391463756561,2.1903672218322754,0.0,0,,0.9094329561839577,0.9598599099858298,0.8326120217841778,0.03720558774535465,0.10544679138682697,0.4661613012322026
372000,310,5271.608009920569,1200,1.2136246959127672,0.06880432161645794,-0.07540445194746087,0.06554345041513443,-0.054665181785821915,-1.4157090187072754,0.0,0,,0.845100620615006,0.9142998077964882,0.6040405773998192,0.04302743297261062,0.15067593471070698,0.5072052902680078
373200,311,5919.476344139729,1200,0.0,0.0034989671148871046,-0.003930147839226161,0.0,0.0,-2.915485382080078,0.0,0,,0.06108412107245258,-0.18363912537915328,0.8091517786927616,0.0,0.01204110486368059,0.1895738587420565
374400,312,3848.0203620774205,1200,1.0152699384788246,0.08070835821657357,0.029410324610070752,0.10337217897176743,0.0183457899838686,-0.3892369270324707,0.0,0,,-1.447038007735511,-1.9013717565313102,0.45133676450183,0.2770203209660429,0.1375227681149861,0.6732594124257293
375600,313,4262.100297792295,1200,1.4515359884694117,-0.11031386151334743,-0.05417119333618385,-0.10167685896158218,-0.029100796207785606,-1.3022112846374512,0.0,0,,-6.529605082384793,1.8980820065005763,0.39406159399279805,0.11101832513813135,0.16852357509027155,0.3961872397832556
376800,314,3765.426818749976,1200,1.3706763565330478,3.995689647258032e-05,-0.11450243002264412,-0.008045896887779236,-0.1155402883887291,-0.7790035605430603,0.0,0,,-0.38342068914409744,-0.4493049640890249,0.32621947264863754,0.19418039890224018,0.18714839070924863,0.4795822839310002
378000,315,5975.054842245761,1200,1.000152730391947,0.024415872694911994,0.08032861856406161,0.02714148722589016,0.06146712601184845,-2.265519618988037,0.0,0,,1.182857029650227,1.6573709570644992,0.7614175948474875,0.0257034969575428,0.15205572392545785,0.513989681244954
379200,316,5452.723264544519,1200,0.0,-0.002621103261806031,-0.0025135629839401832,0.0,0.0,-2.8082292079925537,0.0,0,,1.2041125928239702,0.13472479576185248,0.7151389626013079,0.0,0.01921281740758913,0.21754004567194793
380400,317,5188.945735214112,1200,1.4954395534722849,0.08814220628468263,0.09211437855688571,0.09204075485467911,0.062266286462545395,-1.8250972032546997,0.0,0,,-6.927048410524162,1.1484726730956363,0.5941176013128268,0.043496546665194924,0.2697159790730264,0.5469746490412859
381600,318,4648.289473894325,1200,1.4284967863373337,-0.08226357206293805,-0.08617131075610845,-0.06518415361642838,-0.07389038056135178,-2.342899799346924,0.0,0,,-3.023220887174839,-0.061863269266457875,0.47584253374731855,0.056200568391530356,0.17189711046861308,0.3973891425760974
382800,319,5408.0511285311,1200,0.7395143605963487,-0.021823598721628503,-0.05804691959481987,-0.013010408729314804,-0.0514356829226017,2.27823543548584,0.0,0,,0.5995362710106987,0.218548202528744,0.6743968120421068,0.12805742985245447,0.1545247221919391,0.5409087859441234
384000,320,5360.670327406203,1200,0.0,0.0081612766506632,-0.005191969729240686,0.0,0.0,-2.665144681930542,0.0,0,,0.8179635517997611,-0.012264758640011805,0.6927296038961455,0.0,0.02283538497537815,0.21377790118179724
385200,321,5422.3955375937285,1200,0.0,0.007448006845278382,-0.0031384626892663682,0.0,0.0,0.2484097182750702,0.0,0,,-1.302524400192432,-0.19069525504556367,0.7119857707541385,0.0,0.01763498248089672,0.17344551900321595
386400,322,4427.745179748486,1200,1.466425600596434,0.018410282143786476,-0.12127044460107723,0.026473436504602432,-0.10956177860498428,1.1546238660812378,0.0,0,,-3.446085557293475,1.341410472390656,0.426556849611694,0.13107368955057763,0.1849597777926579,0.5906846748390902
387600,323,4859.585499078909,1200,1.580682310376338,0.043817156078163944,0.1260592121738147,0.054621241986751556,0.10096602886915207,0.7656394243240356,0.0,0,,0.6542254378825341,0.1494263262387599,0.5163427284112625,0.045370621226100465,0.24819558860952498,0.5380780114359983
388800,324,3710.6795325548105,1200,1.6206139286637085,-0.0890778989974416,-0.10241234040793841,-0.08199591189622879,-0.07711368054151535,0.759139895439148,0.0,0,,3.7030560533116206,-1.0624422646055418,0.260152238263446,0.13387166035411566,0.3187841625008273,0.645794606493213
390000,325,6082.582013596166,1200,1.0101494150120918,-0.07444130409775591,0.03939931141650355,-0.062135856598615646,0.03031110391020775,1.099636197090149,0.0,0,,0.05633297039268746,0.7322338778729361,0.7781845109010558,0.02587649253721021,0.10281954072769003,0.4146488846416361
391200,326,6124.353513460555,1200,0.0,-0.0007255098766014806,-0.002027110780676064,0.0,0.0,-2.9582862854003906,0.0,0,,-0.3439088812651259,-0.41388736762334627,0.8581313544620368,0.0,0.009887608879153206,0.16636284069868976
392400,327,5639.06334012363,1200,0.0,-0.0033497091237165624,-0.003367182947828075,0.0,0.0,2.370424747467041,0.0,0,,-1.3947038567236854,-0.6036366079579268,0.774934018290726,0.0,0.01575531768386318,0.22678487821944648
393600,328,5761.98486951835,1200,0.934091273456046,0.07123095934689933,-0.03160074735110153,0.05965263769030571,-0.023194091394543648,-1.6862648725509644,0.0,0,,-0.4477741868721414,-1.8357242625672108,0.72100425584138,0.052485693747710414,0.11358247620826328,0.42090846066199106
394800,329,4971.713062916352,1200,1.0532438591081714,0.008038713116690792,0.08759310750041363,0.011421679519116879,0.07196037471294403,2.4542171955108643,0.0,0,,-8.487705180658269,0.8424995075608402,0.6553933332444936,0.0631491168199445,0.10207658947012703,0.35445403175719276
396000,330,5860.548864170123,1200,0.7910043436327792,-0.05851617890127926,-0.03046032532821584,-0.04094914719462395,-0.023436933755874634,0.1448357254266739,0.0,0,,0.6006014525535492,-0.42035706159676234,0.7307334479211101,0.05248010300902704,0.10608184288290275,0.44426762177060275
397200,331,6043.9304206003035,1200,0.0,-0.0007865003990346127,-0.0007310027896766854,0.0,0.0,-2.4487879276275635,0.0,0,,-0.7432321008705141,0.3060323118125139,0.8610761539514732,0.0,0.007824612330178969,0.16234407449690905
398400,332,4172.247699865679,1200,1.6826450293664503,-0.04509588718423919,0.13758367826989415,-0.06242350861430168,0.09770651906728745,-0.7887181639671326,0.0,0,,-2.6967488646339315,2.308577158263298,0.3631798087407408,0.09576248955285387,0.214262253919072,0.44460410650190463
399600,333,5643.053581487392,1200,1.0440831114442726,0.08711633616064858,0.007914540395117887,0.08087775111198425,-0.0010439810575917363,0.6697229146957397,0.0,0,,-1.7287132161482386,-1.0970749877337085,0.7348423441664325,0.07730426969391085,0.13192928327826225,0.5843141952780987
400800,334,5692.721736562942,1200,1.0612527132845369,0.08494602041248249,0.026388605697268665,0.08344869315624237,0.016375917941331863,1.6873586177825928,0.0,0,,-4.41213039365507,-0.2707987437302193,0.7567873273031711,0.07580247318340895,0.15784212663240343,0.5869099870985481
402000,335,5903.756721800928,1200,0.0,-0.0016686511990529258,-0.0008180552538040475,0.0,0.0,1.4058576822280884,0.0,0,,-0.5344164579372539,0.20693044031926688,0.8244658979927174,0.0,0.017246769728776798,0.21975255954314604
403200,336,4209.7430597778,1200,1.1654340774765615,0.005910038870550721,0.09803030165771612,-0.009527192451059818,0.10697107762098312,1.7160815000534058,0.0,0,,-3.5033825649575387,-2.1194910924778343,0.49035620590764933,0.20028191135254414,0.14618213003539277,0.4086946511344962
404400,337,6037.606544663933,1200,0.5832523239626799,0.0475146303257275,0.012030832643832196,0.04196779057383537,0.00500080781057477,3.1212663650512695,0.0,0,,-2.146474222788589,-1.2684402220870525,0.7978175762133575,0.08574460906663006,0.07682635569372778,0.3995123146205147
405600,338,5857.760300549275,1200,0.0,0.0025510604535262595,0.002492755071346171,0.0,0.0,-2.8162333965301514,0.0,0,,-1.3892031629115411,-0.5433683301308656,0.8302541871364857,0.0,0.007979301454294907,0.1877520081774769
406800,339,5833.458152982103,1200,1.0500004545452275,0.08734851469291373,0.005979456398158257,0.07657413929700851,0.0025726782623678446,-2.0281360149383545,0.0,0,,1.1455836323647721,-1.360544036458035,0.7508462434932993,0.053982092364641784,0.1505870571394009,0.6020130470161699
408000,340,4960.494406082393,1200,1.1711298447186724,-0.025006217750543205,0.09465741299636839,-0.03383443132042885,0.09627611935138702,-1.8110483884811401,0.0,0,,3.2238059754453188,0.18458834234591126,0.5856337894244322,0.1612302670224529,0.20359865021820328,0.5741374967963805
409200,341,6047.101955177722,1200,0.0,0.002227794608408186,0.0027747280687959747,0.0,0.0,0.5648601651191711,0.0,0,,-0.3005719774185046,-0.5490137642645622,0.8511282191986974,0.0,0.008445803373346175,0.18413004014425235
410400,342,6080.856105272175,1200,0.735586110939459,0.031304791110559047,0.05343445532729542,0.025850817561149597,0.032445184886455536,1.8878810405731201,0.0,0,,-1.082016778571559,-0.6325295030191359,0.7617303281097458,0.021784963837387594,0.1119285203712149,0.49340793943416883
411600,343,6109.231445819858,1200,0.0,0.0017299597791043063,0.0006380314555791966,0.0,0.0,0.42628392577171326,0.0,0,,-0.09212047362509257,-0.7093722260737406,0.8589635605251378,0.0,0.010348344156594086,0.15916110610474213
412800,344,5936.554873805606,1200,1.137941288125799,0.07179988971581203,0.06352764639026941,0.06632453203201294,0.04315410926938057,-1.9795482158660889,0.0,0,,1.4341694209605174,-0.5741152170971268,0.7404683059202484,0.02598088732284475,0.18220546124340048,0.5588017673618915
414000,345,5954.043085527916,1200,0.0,-0.0002924271686408162,-0.0034845005301872645,0.0,0.0,0.956741452217102,0.0,0,,0.31240976323070574,-0.4613617809761169,0.8450997053200329,0.0,0.01793536355662099,0.1977093000214311
415200,346,5765.792024809108,1200,0.0,-0.0008806874501853148,-0.005047229249341069,0.0,0.0,2.143376111984253,0.0,0,,0.4068996678089832,-1.7163454392250521,0.8019210646862102,0.0,0.022580117381774272,0.2707345427645092
416400,347,6377.711049460216,1200,0.6638865548264026,-0.0514147714422516,-0.021916696864421093,-0.04209677129983902,-0.011214538477361202,-1.9738093614578247,0.0,0,,-0.6257449025065399,0.03816226598867594,0.8425928501949974,0.02750730692086255,0.08918742009066737,0.4400048514646882
417600,348,6318.59201407334,1200,0.6658053177936712,-0.052213939856634826,-0.020385922006820212,-0.04284229874610901,-0.010015822015702724,2.0578479766845703,0.0,0,,-1.0699332222068567,0.169488355530721,0.8362108815844811,0.03386172662335142,0.10387397094371988,0.45240781118733336
418800,349,6178.405609233102,1200,0.8446158038421964,-0.05692129889122737,0.041822365485764665,-0.050613079220056534,0.04418492689728737,-2.703756332397461,0.0,0,,-0.22277951417855374,0.4344287081841493,0.8245515658916029,0.06892879768857296,0.1359498022305774,0.6699638253076485
420000,350,6392.996502906816,1200,0.8081465933774992,-0.06341158529359553,-0.02384116512869448,-0.05164937674999237,-0.013239536434412003,1.2335853576660156,0.0,0,,-0.39606110680528844,0.3494061166894922,0.8462487828900028,0.01689292487245202,0.12171185821629567,0.42627288142882125
421200,351,5666.9729882086685,1200,1.2652469239123043,-0.049318262899739285,0.09329344769537427,-0.04600300267338753,0.07895702868700027,-0.6052396893501282,0.0,0,,-2.36182034295448,-2.803199738312935,0.7245057077264135,0.04856764602096172,0.25573982226756165,0.7691892701305427
422400,352,6380.554979999629,1200,0.6571910234168509,-0.042996721828020584,0.034511070081230104,-0.030784791335463524,0.031189654022455215,-1.4320656061172485,0.0,0,,3.3004961446539554,-0.06632921527895173,0.8476553712609587,0.03571749158461872,0.09791680195825361,0.47186148859784055
423600,353,6112.885397967198,1200,0.0,0.0007985036067467516,-0.0029343280643036257,0.0,0.0,-0.5459834337234497,0.0,0,,-0.4941457635983672,0.1984619695449014,0.863115815316193,0.0,0.011280054702040665,0.20501806322069996
424800,354,6065.68898816897,1200,0.0,0.0002557330832903373,-0.003994301558064521,0.0,0.0,-0.40885645151138306,0.0,0,,-0.6891683088927805,-0.28151031405140264,0.849945641716657,0.0,0.010725045613758383,0.22840825189719757
426000,355,5097.809135160897,1200,1.4458958598734075,0.09953531571321983,0.06915742947012683,0.10296070575714111,0.05609428137540817,2.8843750953674316,0.0,0,,7.64602338091232,-2.487225611512183,0.6326524695704905,0.088551893569562,0.24225408777826327,0.6511448258739455
427200,356,6004.454694924377,1200,1.0970667870160173,-0.00893341486706652,-0.09111344479620381,-0.010834624990820885,-0.07137710601091385,0.641852080821991,0.0,0,,-1.0475260319398547,1.0862832928549917,0.7690615667861109,0.019210515326280084,0.21795727270035983,0.7748271640704391
428400,357,5794.720695882597,1200,0.0,0.003454917375895898,-0.004838931715965151,0.0,0.0,-0.5311294794082642,0.0,0,,0.5051241105477804,0.08236006559087143,0.798411834615477,0.0,0.017600341897337373,0.19677145591971457
429600,358,6134.39534448694,1200,1.0114222483001434,-0.06771836798055159,-0.05040317514476438,-0.0577736496925354,-0.03817617520689964,-2.7252068519592285,0.0,0,,-2.242626965450875,-0.012732091554267598,0.8018883897804507,0.02380465992461717,0.17521970320449806,0.4965320694331592
430800,359,5673.637339992608,1200,1.156764473889943,0.011922831035635219,-0.09567649800909656,0.008506975136697292,-0.08160358667373657,2.6129348278045654,0.0,0,,-1.5206063276403738,-1.6404566025474003,0.7215880508227174,0.05065839285474211,0.1931647272827164,0.61125938681083
432000,360,5668.979695373473,1200,1.0816877229960506,0.0851754869081043,-0.02958021368188729,0.08271446079015732,-0.02655784785747528,2.5546059608459473,0.0,0,,-0.9257156979098987,-0.039953596635152334,0.706017029138313,0.09185619606334634,0.16030651047522082,0.5334485058884716
433200,361,6040.905010508365,1200,0.0,0.0005925830224837394,-0.004066012454198783,0.0,0.0,-1.044458031654358,0.0,0,,0.6964063684266961,0.010772318733432299,0.8550462626548293,0.0,0.013126219253200289,0.1934952925997589
434400,362,5969.5610296848,1200,0.8774293214403507,0.029204955779073238,-0.0674113067530921,0.02827862650156021,-0.05103302001953125,0.4790286123752594,0.0,0,,3.835598360237315,1.7490992580143285,0.7895842570670497,0.0342345984928187,0.14237529527941065,0.5439626216994057
435600,363,5890.048649855888,1200,1.3394027335787382,-0.0788249594013282,0.07923612790865589,-0.06832431256771088,0.07618441432714462,2.0361523628234863,0.0,0,,2.46760368990339,-0.8769221384173297,0.7620107527439828,0.03889220000352014,0.19354997204772392,0.49917487769649826
436800,364,6087.378352282676,1200,0.0,0.002769224734093138,-0.00015629902000129258,0.0,0.0,2.886828899383545,0.0,0,,0.37140864933791917,-0.23229640281840241,0.8491515347076711,0.0,0.017388464553377333,0.23453995858205712
438000,365,6079.313120825291,1200,1.0504469449821083,0.07981058684068194,-0.036101251899186254,0.07063865661621094,-0.028889380395412445,1.7929589748382568,0.0,0,,-1.7496329090172482,-0.8257041017727343,0.790610078981738,0.03881266669890941,0.13753594894841312,0.4191892252266796
439200,366,5967.028377438074,1200,0.0,0.0036922254110866412,0.0017926033014975722,0.0,0.0,-2.9964122772216797,0.0,0,,-1.0370436193400483,0.36422846667301884,0.8373916736706213,0.0,0.01847348015520628,0.24232762161900603
440400,367,5748.149808406043,1200,0.826952361829334,0.025156718184447428,0.06419931934068804,0.029595278203487396,0.06859182566404343,0.5026472806930542,0.0,0,,-0.32013382440797955,-1.0861831209199497,0.7613873532835521,0.13703380301907298,0.183777626262913,0.6270699942633468
441600,368,6493.761362050494,1200,0.7129407705133937,-0.040625387091415326,0.043351291718466765,-0.03276834264397621,0.03490464389324188,-0.48884502053260803,0.0,0,,2.3109348301134585,0.868999982169157,0.8719598707508237,0.02544878017537511,0.10786423371717511,0.5557807598271877
442800,369,6036.210205021827,1200,0.0,-0.0001546793971212027,0.00038017415644361755,0.0,0.0,0.6254814267158508,0.0,0,,-0.8240165156917602,-0.5024709103328586,0.8485538251768314,0.0,0.01803664549631305,0.27216511031646995
444000,370,5827.4652731709375,1200,1.1292610672102699,0.07816901196425127,-0.05265494210978272,0.07485102117061615,-0.04460955038666725,-1.8335765600204468,0.0,0,,-2.0220317403694597,-0.9205453137635471,0.7630128635651201,0.04748109237209116,0.13153779137189586,0.4831335740442774
445200,371,5872.224697905306,1200,1.2255050544831696,-0.06655069265022098,0.07746503065846073,-0.06096731498837471,0.07030416280031204,0.16643765568733215,0.0,0,,-0.47752248795716884,0.14525543750472467,0.7907712688982915,0.041823790781835894,0.16807298457319167,0.4975069373966591
446400,372,5774.304237933874,1200,1.3395992008401987,0.09234252697043209,0.06278873938147708,0.08690204471349716,0.05600663647055626,2.9030795097351074,0.0,0,,-0.16632283681551474,1.7049571963006227,0.749139870832193,0.05802818180445808,0.24417728096295777,0.6954361554420441
447600,373,5410.270850267931,1200,1.1892978847889992,0.09578420979957915,-0.02567891305865718,0.09984751045703888,-0.03047948330640793,-0.44988158345222473,0.0,0,,-1.8085232377544946,-1.4142778774700444,0.715362375304917,0.11764768717295437,0.1498131415216327,0.45484700228170655
448800,374,6212.302902653256,1200,0.0,-4.603956074139701e-05,-0.0001711325640211315,0.0,0.0,-0.9166969656944275,0.0,0,,-0.4854376258723039,-0.22796571630433446,0.8844333788311426,0.0,0.016647935280513174,0.22476960241055569
450000,375,5752.909986110761,1200,1.4837538947568498,0.054212687045881204,-0.11139281550627951,0.05805585905909538,-0.10258787125349045,1.714552879333496,0.0,0,,0.760516532414735,-2.474765501792288,0.7487453269109732,0.053120703467875126,0.2366666645427135,0.7036414907004924
451200,376,6067.138035001454,1200,0.0,-0.00023882561877102294,-0.0016599378560154972,0.0,0.0,1.5574336051940918,0.0,0,,-0.6766707058624053,-0.9298265307351661,0.8624860015585243,0.0,0.017395825416629516,0.22595605364809812
452400,377,6330.468990734666,1200,0.6526068894227367,-0.017185141689709298,0.051602565860635864,-0.013994530774652958,0.044004738330841064,-1.8465392589569092,0.0,0,,-0.9713432021188387,-0.7442987697336158,0.8587743221552109,0.04461554403189314,0.09571249693948164,0.6261596172970822
453600,378,6370.205559417405,1200,1.1160825539369021,0.09241789466975907,-0.010502716325902599,0.08433639258146286,-0.010546515695750713,-1.666235089302063,0.0,0,,3.419966365132597,-1.0281314488514555,0.8664033952915137,0.026988162134273103,0.14487045177094274,0.43250617270267044
454800,379,6263.846973874821,1200,0.8910790629886737,0.0599853107860469,0.04399950569101717,0.06091699376702309,0.03925921022891998,-1.1903046369552612,0.0,0,,-0.2875201320117821,-0.14444568878509378,0.8389462244743559,0.06347333407074368,0.1287615753027839,0.5610802618051319
456000,380,6015.090393935357,1200,0.0,-0.0027186121076646047,0.002222134471559033,0.0,0.0,0.2968066334724426,0.0,0,,-1.2105411334609277,0.8773242727297529,0.8462942951279494,0.0,0.017824712711762426,0.2610562602042082
457200,381,5776.620199613299,1200,0.0,-0.004265436446760027,0.0037615673973253375,0.0,0.0,0.3505276143550873,0.0,0,,-0.5290936715205193,-0.11809074047662929,0.7999344981062335,0.0,0.02361224201882748,0.32009071021174473
458400,382,6330.412852098952,1200,0.7405863091781966,0.002322588999687086,0.06202713766263175,0.007765073329210281,0.05338478833436966,0.21079589426517487,0.0,0,,1.9306906107758464,-0.6657648611310555,0.849895367416817,0.04109168329373669,0.13738328628610583,0.5355781301723755
459600,383,5605.391414900705,1200,1.3021639333477533,-0.07146013534282356,0.08174642179114083,-0.06439705938100815,0.07896630465984344,2.1106998920440674,0.0,0,,-0.7923064506289874,-1.4776795325493879,0.7025568630497692,0.07097774040665578,0.16860980926623795,0.4866897869929942
460800,384,5983.049338254288,1200,1.2168919364365773,0.1005454336714638,0.014140436292078421,0.09748546779155731,0.008763302117586136,-0.3419335186481476,0.0,0,,-4.342437559332791,0.0736384018709491,0.8328601016426941,0.04722655426518953,0.2084858070114565,0.6897400391481411
462000,385,5759.702033723734,1200,0.9843953410420998,-0.08138771856449434,0.010289630015408448,-0.08325449377298355,0.011204940266907215,2.296741008758545,0.0,0,,-0.1778417661010727,0.38462688342680873,0.7495499590290098,0.10710401372577076,0.16483628427088765,0.5977350310452937
463200,386,5626.198091921688,1200,1.4382047884665352,0.04289619739664018,0.1125364524262163,0.048468347638845444,0.09716048091650009,2.0768795013427734,0.0,0,,1.1447720805397046,0.49759163511240956,0.7060353090098013,0.04037514735816595,0.23110605429014294,0.6206578316045676
464400,387,6004.822989711318,1200,1.1554395735921614,0.025596858774449352,-0.09292880900512142,0.019627736881375313,-0.0867358073592186,0.18207278847694397,0.0,0,,-1.0655319860518397,-1.9087397630555032,0.8083912892135471,0.042049965631736595,0.20910808504729536,0.5621234578201596
465600,388,5864.57626854733,1200,1.111630142098967,-0.025517394482870142,0.09000419905359862,-0.011643372476100922,0.0849371924996376,-1.801646113395691,0.0,0,,1.1507700627876567,-1.7137937770580884,0.7819373536809268,0.05207885131499588,0.18022252685776088,0.5904071146586554
466800,389,6065.533359628307,1200,0.8293333259584665,-0.06504342324500509,-0.023461437261928682,-0.05796013027429581,-0.01886613853275776,0.3423871397972107,0.0,0,,-0.657908893613991,-1.6032881563996253,0.8062940453241283,0.059045186075119244,0.15964725189104853,0.6078570486223515
468000,390,6104.77416683255,1200,0.8795566782274277,0.05576724537444909,-0.04773420790766929,0.05609031394124031,-0.0429166704416275,0.06024811789393425,0.0,0,,-0.5649708491259133,-0.9002386926650345,0.822174712197511,0.0740452789359912,0.13564889993890497,0.422804481513809
469200,391,6438.949190869509,1200,0.7747532940763353,-0.06451447439809467,-0.0038090811043940283,-0.05668463557958603,-0.0008190727094188333,-1.3563143014907837,0.0,0,,1.8971993574806334,-0.06126128621622358,0.8676665070942878,0.03901347124828007,0.10937430778841102,0.5409423044341599
470400,392,5736.507908837489,1200,0.0,-0.000613350242912504,0.005388482309732702,0.0,0.0,-1.9118144512176514,0.0,0,,0.6953325106079123,0.15696360989578875,0.8078078567972997,0.0,0.02321885135230054,0.2721525303680496
471600,393,5675.18903988598,1200,0.0,0.0031890915541305173,0.0012631313244534244,0.0,0.0,1.1757330894470215,0.0,0,,0.6918346790150748,0.2278731485703874,0.8092877714929795,0.0,0.024399695898215,0.3184317402243074
472800,394,5448.583018441824,1200,1.3544018788346404,0.06828385008913582,-0.08988118482362994,0.07309824228286743,-0.09352976828813553,-3.0622384548187256,0.0,0,,0.06445540644926954,-1.1917285171866647,0.7053035428791264,0.11083707441407431,0.22577791899747843,0.682987038784884
474000,395,6265.11507002229,1200,1.1331066160633843,-0.09148602129410355,0.0237120772382043,-0.08419208973646164,0.025641845539212227,0.17353250086307526,0.0,0,,-2.448303569826976,-1.1172029527225389,0.8455402759072841,0.033690791936558905,0.17775934568679055,0.5899655209722091
475200,396,5652.1521390216785,1200,1.4878830593364245,0.054078313090918734,-0.11165079977513605,0.048459019511938095,-0.10909169167280197,-2.7786288261413574,0.0,0,,-0.8095421316286256,-0.2543074217025499,0.7349812208933466,0.055757013530266186,0.23326803615201355,0.6882317700044418
476400,397,6355.979230812206,1200,0.861116298395595,-0.0001627132707643163,0.07192200406676488,0.004284006077796221,0.06584396958351135,-0.4001968502998352,0.0,0,,1.2530982654482665,-1.0794263614022106,0.8637592993441731,0.04328307264767042,0.13407823507085156,0.5870592163013717
477600,398,5650.27615717032,1200,0.0,0.003959343788547159,-0.0023031224263479685,0.0,0.0,-2.1293540000915527,0.0,0,,1.6466678797241743,0.5578662070683417,0.818715522465265,0.0,0.024330463263650695,0.2647457886363343
478800,399,6410.575680943023,1200,0.9799000521744043,-0.013192101403403317,0.0806330392424489,-0.009334692731499672,0.07233084738254547,0.2347581833600998,0.0,0,,-1.3268042577217574,-0.0658016855350881,0.8640966058296209,0.035771651323028154,0.13231391258181988,0.5470463688985633
480000,400,5929.126211975261,1200,0.9683040126575326,-0.05413074850043988,0.059844421892738024,-0.05145787447690964,0.0576632097363472,-2.9402759075164795,0.0,0,,-7.41970056206119,1.920285990338179,0.8336836681936642,0.060433649743994206,0.1801066965979027,0.7576337666488265
481200,401,5258.899242303867,1200,1.3458558053416065,0.045483488335099104,0.10263489221830456,0.051605213433504105,0.10394798219203949,1.2529393434524536,0.0,0,,-1.8272568800173346,-0.2083438905346573,0.6513356814659352,0.10287696830279103,0.2453964478155208,0.5687406154579481
482400,402,5923.837157854505,1200,0.0,0.0006703710441370994,-0.0004831832502427192,0.0,0.0,1.8450425863265991,0.0,0,,1.738624281806519,0.07401380803491944,0.8505689612633586,0.0,0.02073673821492345,0.20609064371737834
483600,403,6251.793181947036,1200,1.436418287688924,-0.09545886509424949,0.07252813550455635,-0.0840141624212265,0.07152316719293594,-0.0946822240948677,0.0,0,,2.364017378420385,-0.14993889030553043,0.8310011798308536,0.023223526473294308,0.24682749975594115,0.7007662914977835
484800,404,5304.6351103382385,1200,1.1866233297103792,0.0861159349436781,-0.04872861216924499,0.09471745043992996,-0.0580902099609375,-2.9458906650543213,0.0,0,,-5.005988863325088,-0.4046317568763089,0.6787743021269365,0.15771109930629482,0.1265029620298258,0.40521898410319396
486000,405,5908.338350002646,1200,0.0,-0.004209940705885125,0.00012944206325221945,0.0,0.0,1.5262035131454468,0.0,0,,-0.7523750727036947,-0.33897871446312905,0.8282230166706495,0.0,0.0294083023536091,0.29982497528746693
487200,406,6070.806068415546,1200,1.3169414974874785,0.10860091690360661,0.016666350587661197,0.10968946665525436,0.011466081254184246,0.34547334909439087,0.0,0,,-2.632574302062067,0.24752101178403282,0.8221121643690558,0.06436704476391945,0.1721217555496835,0.5076731416746242
488400,407,6135.025696587035,1200,1.3543526244246689,0.11182325637732021,-0.015360384393935616,0.11100693792104721,-0.016800016164779663,0.594140350818634,0.0,0,,-0.5988097812971942,-0.30150290659619494,0.8462072073899183,0.05084602799676005,0.1483225748882852,0.4591129449859876
489600,408,6411.121944380205,1200,0.9203081680394359,0.009580392075815196,0.0761140666013431,0.010799286887049675,0.0717870220541954,1.6010175943374634,0.0,0,,0.32791184734596324,0.34225253024973334,0.873153070788818,0.0459791895230248,0.1595957554236085,0.4183180374365771
490800,409,5869.573332701265,1200,0.0,-0.00038548000405672414,-0.003311000777741948,0.0,0.0,0.7796045541763306,0.0,0,,0.20834767727317535,-0.5674429455650862,0.8342534237612863,0.0,0.030846397223251103,0.2712138152013287
492000,410,5888.264835290767,1200,0.0,-0.0008662992854547861,-0.0021164015751159075,0.0,0.0,0.574053943157196,0.0,0,,1.3359126089499016,-0.9322175237329424,0.8452468588830616,0.0,0.020029769423707183,0.2423449282589337
493200,411,5633.201558657504,1200,0.859182963797036,-0.05387371244347007,-0.047838193357537764,-0.0566072016954422,-0.03993695229291916,-0.03042362444102764,0.0,0,,5.502008594616132,2.961080792100138,0.7571637914338605,0.09336104224202922,0.1493363844243831,0.4989648416848854
494400,412,6501.817311661919,1200,0.8646204104971411,0.0698397423510472,-0.018233405357192946,0.06192416325211525,-0.02018881030380726,-0.9447415471076965,0.0,0,,-1.3243405250684581,-1.3226419335234127,0.9016222124666126,0.023621830275728777,0.11295763408795077,0.47261260436163705
495600,413,5901.917643385615,1200,0.0,-0.0009732366910475406,-0.003301023310481219,0.0,0.0,0.7958568334579468,0.0,0,,-0.4715213090068972,-0.277270148538521,0.8352778649591099,0.0,0.018694779901147117,0.24526702131852735
496800,414,6418.33976910165,1200,1.066302201046357,0.08372744686493375,-0.03049326422638602,0.07757115364074707,-0.03501586616039276,-0.07625972479581833,0.0,0,,-3.053933648832369,-1.0851691871258553,0.8821157150938226,0.03313151665325756,0.14552182293099666,0.44089707303911524
498000,415,6606.4579351794355,1200,0.6594245858895684,-0.054651862040458035,0.005982805965875019,-0.04661298915743828,0.006567632779479027,-0.020888283848762512,0.0,0,,0.26923603916024774,0.6027452147906175,0.902568017394475,0.02264424876457781,0.07694993121684118,0.34078945437920727
499200,416,6063.878719696823,1200,0.0,-0.0011450932964433866,-0.0011313516057678342,0.0,0.0,3.066129446029663,0.0,0,,-0.16937669926933818,-0.34646609085239694,0.8730414210554536,0.0,0.022255258952537736,0.21054814589924126
500400,417,6167.311313962751,1200,1.0961583855562471,-0.013658955449277066,0.09060637887917224,-0.006416682619601488,0.09031972289085388,1.63994300365448,0.0,0,,-1.2811972570789647,-2.0647710172922955,0.843923054951859,0.05973822300757947,0.18316661627073208,0.610054115475842
501600,418,4920.137157463201,1200,1.2882568135370585,-0.029741598336196245,0.10391388506229711,-0.018273424357175827,0.11156870424747467,1.8186755180358887,0.0,0,,-0.9187896114361566,0.5757677080031277,0.5948459542684849,0.15407971171562443,0.18224474245647546,0.49390294717791583
502800,419,6316.965234993861,1200,0.8864947456467726,-0.017201206634737676,0.07184576759364908,-0.016607051715254784,0.06736793369054794,-3.053711175918579,0.0,0,,-0.9252552646963548,0.5564044093116488,0.8718143069122145,0.048280501969439615,0.1086825560671545,0.4696766594261905
504000,420,6009.570596102864,1200,1.201344842958347,0.09863269475343911,-0.01746308154732376,0.10160022228956223,-0.021470988169312477,-1.070763111114502,0.0,0,,-4.244181671333463,-0.5518347824831763,0.8242213548440537,0.07552958714297023,0.193443705551793,0.5992354014072061
505200,421,6268.22825134621,1200,1.2855006184991133,-0.10359914552267833,-0.02727046210017737,-0.0994357019662857,-0.026997294276952744,-1.6523321866989136,0.0,0,,-1.9895595814998481,-1.4200092093761822,0.8469333377045,0.03881841939899278,0.1838950601587988,0.43172498966560996
506400,422,6176.331427985007,1200,1.2407921418134293,-0.06904824371275058,0.07751120589160411,-0.061820682138204575,0.08317144215106964,-0.021289261057972908,0.0,0,,-3.809322936878133,-0.2791319579110116,0.8298978792175772,0.05813731767645533,0.20307994234502433,0.6417970658801392
507600,423,6514.071182325449,1200,0.8956530273259572,-0.06901070157959541,-0.02843128161299501,-0.06267981976270676,-0.02596430480480194,1.3567619323730469,0.0,0,,-0.3744134017800554,-0.10502147492468958,0.8911480935085698,0.029902382885122574,0.11595027699364671,0.5148985926894514
508800,424,6491.942692355382,1200,1.068953750192969,-0.08913013242638741,0.0019967867866291103,-0.0843547135591507,0.005310778971761465,-2.2046003341674805,0.0,0,,-1.757572798281959,0.08013530409970428,0.8801235131664318,0.032743963327600094,0.14239328420289654,0.3940345342869941
510000,425,6405.5587130401855,1200,0.9629644679259032,0.009879319578046348,0.07965435051686097,0.010880663990974426,0.07485012710094452,-1.1344939470291138,0.0,0,,-2.232112627342357,0.6061917320040784,0.8883506356691705,0.03839990307627256,0.13968176360838597,0.42629222997151167
511200,426,5287.997891900287,1200,0.0,-0.00017475254846140593,-0.005984184483966179,0.0,0.0,-3.009063243865967,0.0,0,,0.7639869793400763,-0.5199295490126449,0.7211076880227157,0.0,0.03349187694405656,0.34908509298843243
512400,427,6369.22615907196,1200,1.0665895820244153,-0.08236624145124448,-0.033457149229371076,-0.07553558796644211,-0.02884966880083084,0.9038581848144531,0.0,0,,2.7363392439833047,-0.5484104976999059,0.8567031896367593,0.024228489254273632,0.13420717956098047,0.432434110646781
513600,428,4939.946193948857,1200,1.0896206090558198,-0.03037104558538918,-0.08557627117239264,-0.033258985728025436,-0.09095805138349533,3.104147434234619,0.0,0,,3.858916511475753,2.0104275105895844,0.6762038818352848,0.14291147609397206,0.1868731300031659,0.5189993946663414
514800,429,5692.8657365208755,1200,0.0,-0.0015239924668632543,0.0010252729432395215,0.0,0.0,0.852001428604126,0.0,0,,0.2622813698737095,-1.0462306094457396,0.8274588433781958,0.0,0.048622185232141076,0.2336334657640478
516000,430,5632.979985686045,1200,0.0,-0.001970780516052989,0.004429394455388023,0.0,0.0,2.0691006183624268,0.0,0,,0.16388573577258236,1.3286780190247847,0.8012811689901415,0.0,0.03597761570105673,0.24463355479564286
517200,431,6035.995055488282,1200,1.2683509272842135,0.055342593671871436,0.09041692655013707,0.05778544023633003,0.07989060878753662,3.095081329345703,0.0,0,,-6.025034995130513,1.109723595539507,0.8294698430785892,0.033011085773533184,0.20973727044521676,0.6137829229405597
518400,432,6511.993059435887,1200,0.8770117834137356,0.0642102830585882,-0.034904996385940024,0.05968426913022995,-0.03239636868238449,1.1698819398880005,0.0,0,,0.6805664607382248,-0.490184913599133,0.8912932424750013,0.035518784491803713,0.11086166027801515,0.41027250640152363
519600,433,5693.451302234995,1200,1.111553690803515,0.06511546130506309,0.06604438341134014,0.0753706768155098,0.06913512200117111,3.002034902572632,0.0,0,,-0.22394457828166742,0.24162350395888282,0.7494883210845323,0.12950143700696456,0.20469019249208378,0.6771317291586681
520800,434,6422.489914858751,1200,1.2235371595235236,0.10132527765582333,0.011413612027320386,0.09922521561384201,0.012138258665800095,2.2515995502471924,0.0,0,,0.3613369734431289,-1.0254223225095473,0.887648789288894,0.04035791400174354,0.15210843150937461,0.6765603110965437
522000,435,6529.320799809195,1200,0.8103502994126578,-0.04556416034420272,0.04984146398994325,-0.04238482937216759,0.04673657566308975,1.878482460975647,0.0,0,,-0.9055775723426457,0.2978326390216047,0.8952190014125976,0.04124409195864442,0.09319964301940742,0.5042494602414099
523200,436,6303.47206605068,1200,1.2731761237101682,-0.06636303779549324,0.08302525204900181,-0.05828890576958656,0.08261464536190033,-2.5147664546966553,0.0,0,,-1.129664793356339,1.121024255571955,0.8567248340945666,0.034336658731196686,0.1951053749793332,0.5155185376902552
524400,437,6712.87628503433,1200,0.7229994600950921,0.059409292473047375,-0.010029814714678658,0.05193255841732025,-0.008710539899766445,-2.022109270095825,0.0,0,,-0.3137182705484646,1.2181699405632178,0.9229780394755726,0.019233464649571656,0.05001986361254122,0.37554723212513347
525600,438,6418.533191380484,1200,1.160353977292972,-0.08130900406454322,0.052688171905720865,-0.07389313727617264,0.05476810783147812,-2.158853769302368,0.0,0,,0.38133620264519136,0.26458131196346496,0.8788824311561554,0.03080817104877811,0.12986367846421845,0.5046375150667198
526800,439,6590.559183447086,1200,0.7324094693822797,0.05076601758366517,-0.03431944602683553,0.04280412569642067,-0.03487921133637428,0.14325851202011108,0.0,0,,-0.5411688978231867,-0.3492326234181112,0.903547416498468,0.030622945377708377,0.08857455133264001,0.43363930690055574
528000,440,5550.986234527011,1200,0.0,0.0008239298421535118,0.004853526154084266,0.0,0.0,-2.3989810943603516,0.0,0,,-1.6128204241358797,1.1010361267484563,0.7853757864136313,0.0,0.030142737381440313,0.3106262577305576
529200,441,6514.175953558193,1200,1.3107047007007617,-0.10924408709785115,0.0038277115005466806,-0.10152512788772583,0.007591121830046177,2.6307952404022217,0.0,0,,0.24834830660614995,0.6190106291720383,0.88000420671395,0.018733485502907675,0.13271337937149355,0.3869557324750894
530400,442,6399.25612539118,1200,0.5531108086919214,0.0279925031300672,-0.0366435822482596,0.0266132615506649,-0.037028227001428604,-3.0511231422424316,0.0,0,,-0.7442063979433886,-1.096643396002848,0.8856226232122882,0.0749045450728569,0.08241554301005577,0.5691891465547525
531600,443,6461.023184459866,1200,1.2090719758094344,-0.0792644890954956,0.06263936921510053,-0.07104446738958359,0.06514377892017365,-3.140744209289551,0.0,0,,1.1636599210226268,-0.09350623854080915,0.8766377120818735,0.030872830349542746,0.17155811098666401,0.6450676768348248
532800,444,6493.58591651357,1200,1.0922949976751841,0.03503611362565531,0.08419588249965206,0.03721282631158829,0.07598154246807098,-1.6823577880859375,0.0,0,,-1.6873515690716556,0.37717115122811706,0.8967933831766929,0.023468398332620048,0.17162903101330548,0.5234282395364501
534000,445,5982.237155767857,1200,1.193620884240158,-0.009327931441305731,0.09903125422019253,-0.008314701728522778,0.09314029663801193,-1.1119390726089478,0.0,0,,-1.3266402829869803,0.7085639554016187,0.7978705250548456,0.05266195002028531,0.1824220408203903,0.5886279184190083
535200,446,6410.601823850539,1200,1.1647818128369467,0.055702926416940114,0.07970047011762095,0.057924892753362656,0.07320363074541092,-2.269589900970459,0.0,0,,-3.3134091062426294,1.409360987266774,0.8730580393951666,0.0369741987173157,0.1718478423205413,0.5378194503974598
536400,447,5735.788737695732,1200,0.0,-0.002722994959750782,0.0046367446152871025,0.0,0.0,-1.9872708320617676,0.0,0,,-0.10616067112809284,-0.5326800825161204,0.8091554842321556,0.0,0.04992856860863149,0.26557124635540796
537600,448,6079.82295996315,1200,1.4353648096349054,-0.11825965414245497,-0.01830119601509221,-0.10788794606924057,-0.02002021111547947,-2.833794355392456,0.0,0,,1.796736208951842,-1.6058644351810574,0.822335201594983,0.02213278595919791,0.15118064443417062,0.39815026741544185
538800,449,6722.291319565612,1200,0.9438254012098576,0.07847546743586718,0.005602451487607117,0.07025794684886932,0.0033079253043979406,-2.55513858795166,0.0,0,,-1.932620022232953,-0.7501189145054481,0.9279045280836168,0.012546522099584866,0.08783915638871392,0.5475226006076133
540000,450,6043.8550200015,1200,1.1869201563134406,-0.02181985418580907,0.09696223759026427,-0.011611959896981716,0.09367357194423676,1.587505578994751,0.0,0,,0.5645848302342459,0.2704257818616277,0.8259965424403594,0.05405095665226999,0.19866340269451577,0.618337705005222
541200,451,6545.619827534041,1200,0.8611563676617426,-0.043327175468548064,0.05756356196537595,-0.03462700918316841,0.05568010360002518,2.263666868209839,0.0,0,,-0.18955620820777427,-1.4203317349827358,0.898028512468623,0.028348294421951074,0.103162423262525,0.5677528099129745
542400,452,6108.010843133826,1200,0.0,-0.0011009743708205988,0.0013048528342602056,0.0,0.0,1.3470189571380615,0.0,0,,-1.7924652031363197,-0.1365733806499641,0.8742534027689615,0.0,0.022067677025446892,0.17793889670897567
543600,453,6670.254007800929,1200,1.110341690618564,0.09199503217313781,0.010414356428597766,0.08742322027683258,0.006878440268337727,0.3919696509838104,0.0,0,,0.7748703180267198,-1.3214515691117616,0.9161336839419285,0.022428343807818097,0.11867713231134633,0.5571736659652519
544800,454,6769.137649249642,1200,0.6223040448614814,-0.029419221621910113,0.04287586352431038,-0.022560372948646545,0.03867700695991516,-1.9757672548294067,0.0,0,,-0.7887539764510191,-0.8489522987412763,0.9339504190066521,0.016418340669787777,0.07089367505648335,0.7114349404501851
546000,455,6744.746034110568,1200,0.8681804467235639,0.06867787146258858,-0.022855396881216846,0.06202659755945206,-0.022734468802809715,2.3520936965942383,0.0,0,,-1.478698037610773,-0.303151655047955,0.934571200021646,0.015413700298171866,0.09428610722416574,0.35822917380053965
547200,456,6613.651917496292,1200,0.8238752111772528,-0.020745453521866106,0.06548426901296102,-0.017532238736748695,0.0622258186340332,1.5230138301849365,0.0,0,,-3.37150882236174,0.0007822188513228887,0.9165923129596859,0.03139766015721557,0.10298989089893748,0.6127563899615257
548400,457,6399.714145829442,1200,1.3521872137277884,-0.08725701898324803,0.0713488597779671,-0.08184006810188293,0.07022503018379211,2.7220091819763184,0.0,0,,0.7179827812036844,1.100104258047994,0.8723081901856578,0.03089842151877944,0.1279183520070182,0.4768527909138795
549600,458,6572.444726685092,1200,1.2220487414229309,0.09666652593435944,0.03206817040089681,0.09432727098464966,0.02987026609480381,-1.6163818836212158,0.0,0,,-0.40974066584929036,-2.1363076107182537,0.9131652282054167,0.02752305062156262,0.185296931416719,0.7694692549204813
550800,459,5366.839935022387,1200,1.2803202227624657,-0.01010681597154407,-0.10627443132616411,-0.014351502992212772,-0.11106318235397339,0.1449568271636963,0.0,0,,5.9214349972539395,0.6066672867794904,0.7500972744827403,0.10043488997050778,0.22381801918341737,0.7110089367740023
552000,460,6447.177489597799,1200,0.5928433681688341,0.04644450136248274,0.016909066964012356,0.04850238561630249,0.01599382609128952,-3.0901057720184326,0.0,0,,0.20641249035422998,-0.6207878072932281,0.8804865887701955,0.08307726256111284,0.06533525131001201,0.5035298369280891
553200,461,5789.476062854282,1200,1.366700841883115,0.08475640709112603,0.07638852901409451,0.09081216901540756,0.07239959388971329,-2.3036515712738037,0.0,0,,1.1268733193966523,-0.11493499415575686,0.8011391070688977,0.0679976357102952,0.26241817904481596,0.7143550033513636
554400,462,5764.196598750486,1200,1.333986338764497,0.03238768331900264,-0.10635968051621582,0.03376951068639755,-0.10449209809303284,2.3665683269500732,0.0,0,,4.1392980025136765,-0.0773962809470516,0.7869866886708664,0.06157299878638141,0.20618684750970906,0.5610488230982661
555600,463,6667.994789551846,1200,0.8948971864822358,-0.024142800835218896,0.07056781959061999,-0.021145563572645187,0.06503204256296158,-2.5256407260894775,0.0,0,,-1.1133174918686277,0.692512985392552,0.9159646577859155,0.02586150223902692,0.10570143836805358,0.3491137501550233
556800,464,5811.2947936461815,1200,0.0,-0.002533551992429421,0.0008413403933583376,0.0,0.0,0.0812307745218277,0.0,0,,-0.8617864594786429,-0.477863853443338,0.8166684143533902,0.0,0.03269329403980011,0.23549268202971135
558000,465,5824.045512950355,1200,0.0,0.0021775373352714393,0.0025302668673556953,0.0,0.0,-1.5871829986572266,0.0,0,,-1.1610427131682597,0.4518639844176533,0.8314484995011024,0.0,0.029606160989539852,0.22935629000881444
559200,466,6379.614511609554,1200,1.2842249441991491,0.08259702395395349,-0.06805028709076244,0.07642812281847,-0.0625932589173317,-0.5892423987388611,0.0,0,,0.2116050031680144,-1.0266827422724298,0.8717569287800238,0.021968389311965868,0.14824139393664715,0.4302901515994294
560400,467,6351.762637153163,1200,0.6572440864373031,0.049795535570211547,0.022925359249685084,0.051349617540836334,0.021056344732642174,0.8016501665115356,0.0,0,,-1.2181582456981932,-0.42995886222497093,0.8700913611079112,0.07924467773301834,0.07502492372962763,0.5245695315072768
561600,468,5376.60138345585,1200,0.0,-0.007142189527594784,-0.0068824746757529765,0.0,0.0,1.349300503730774,0.0,0,,1.2551362719498056,0.5203385615459046,0.7216303057778132,0.0,0.05436578807774908,0.3300417434214098
562800,469,6324.030273933091,1200,0.5112308308358202,0.04266883514207811,0.0016747385852117543,0.04122718423604965,-0.0011925811413675547,1.3821548223495483,0.0,0,,-3.0015810299457453,-0.6775061203290119,0.894917558027836,0.0675134040366865,0.05662170052797875,0.4084900205472565
564000,470,5316.692251897832,1200,1.0269103392804768,0.04002112043240351,0.0761776849790349,0.05407117307186127,0.08095984905958176,1.1796907186508179,0.0,0,,3.8465812805359603,-0.501393995032485,0.7025391992204091,0.16278289457115316,0.1589674431125618,0.6707970268229568
565200,471,6755.859497103712,1200,0.6122913338441758,-0.04952378954080223,-0.012334140021312669,-0.04086943343281746,-0.009229136630892754,-2.274996280670166,0.0,0,,1.0296193738425823,0.06978635247846893,0.9259014677128969,0.011843673488061514,0.07575218712208186,0.4296088144111764
566400,472,6351.9088308645205,1200,1.0694119418380765,-0.07301396260758168,-0.051128251121330175,-0.06872504949569702,-0.05020330101251602,1.8369442224502563,0.0,0,,1.7077644743644347,0.2959485153194712,0.8749515239843381,0.03268395568364401,0.1418870741460781,0.5561907626310241
567600,473,5873.264782532963,1200,0.0,-0.004889587128421644,-0.0011391880703916408,0.0,0.0,-2.3965539932250977,0.0,0,,-0.6845916451487437,-0.9403890434902432,0.8480330221722078,0.0,0.018552316153629213,0.23145758026129504
568800,474,6629.188335543987,1200,0.559524509210444,-0.00907964586388246,-0.04574401955632254,-0.0089757414534688,-0.04090778902173042,3.0347962379455566,0.0,0,,-0.3657243076454011,1.384031905057696,0.9234890429915853,0.038279720420494205,0.09629330265728638,0.7114814408717559
570000,475,5897.180526518326,1200,1.1814414710079881,-0.04965912160934816,-0.08508932460970238,-0.054122183471918106,-0.08535925298929214,-2.784996271133423,0.0,0,,2.7539224397691573,-0.6749573627478613,0.8355080616089023,0.07292612087296868,0.20481733409899008,0.6786492037547672
571200,476,6256.819453577693,1200,1.4564225241314819,0.1183033696612253,-0.027263076235563507,0.11471403390169144,-0.02937796525657177,-3.026594400405884,0.0,0,,2.8080808622149855,0.25423814401123895,0.8448699759882248,0.04464122882951981,0.20483851406582024,0.7067808934635401
572400,477,6448.227978344514,1200,1.4232715979614665,0.10657518786448276,-0.05216079988897437,0.09947673231363297,-0.052284885197877884,1.839941143989563,0.0,0,,-1.8952520665877373,1.4088798260287327,0.885719693103404,0.022666552754636957,0.15522703264217205,0.5986136511281249
573600,478,6664.755705449029,1200,0.8060275219977246,-0.059264091307000735,0.03191288079197551,-0.04958236217498779,0.030999774113297462,1.0770164728164673,0.0,0,,2.734573327972284,-0.16496406128775978,0.9122788128207943,0.017687123220992133,0.08032220360476736,0.32423174118003784
574800,479,6304.112088728626,1200,1.4037379889739567,0.09915137778887918,0.062245759408794246,0.09875193238258362,0.056653667241334915,1.6339322328567505,0.0,0,,-1.2816625849266041,0.029540429691974863,0.8728048149612275,0.02774832960711814,0.2356557176031908,0.7926488420958254
576000,480,6169.542248120107,1200,1.4561462627586501,-0.1212991654299433,0.004978747044002295,-0.11329660564661026,0.008095926605165005,1.080241084098816,0.0,0,,1.7772385057777962,0.11937295108401365,0.8381396069229687,0.023796261498245763,0.14293035313373254,0.4031873176625171
577200,481,6733.955777943317,1200,1.16804292643928,0.09665938835663444,-0.011811067802697124,0.08903477340936661,-0.013525208458304405,-2.441277027130127,0.0,0,,1.9000793228004138,0.1894981656977712,0.93052397582289,0.010609284555459593,0.1377145343191444,0.4748804012220945
578400,482,6716.070628105145,1200,1.0234673435497241,0.05775615702392327,-0.06275909092563471,0.05504986271262169,-0.06055871769785881,-0.12224822491407394,0.0,0,,-0.8160212607933297,0.0012860720282140904,0.9321785759466886,0.023747238256691252,0.13503228952162039,0.6325560977013304
579600,483,6286.03827999186,1200,0.8632966516398022,-0.024134062978227226,-0.06778684687397912,-0.02410183474421501,-0.06375622004270554,0.9570977091789246,0.0,0,,0.10610545355684808,0.13007662352813518,0.8488296511008373,0.06986148924916419,0.14098097220706923,0.5864549177984981
580800,484,6486.862393642021,1200,1.2573026392981428,-0.08848261223531818,0.05632261532509177,-0.0819050669670105,0.057629894465208054,-0.18663446605205536,0.0,0,,0.24592226881888637,-0.27326037057684976,0.8863696800355689,0.02754648706933896,0.11941758659631252,0.44358214550391734
582000,485,6584.198041484892,1200,0.6423664776842097,0.041554421913187124,-0.0337453513182739,0.03537764400243759,-0.02873472310602665,1.3277829885482788,0.0,0,,-0.7264801219128038,1.652483321388663,0.9221602622258434,0.020098854423071966,0.07530802297476376,0.40562509015629894
583200,486,5895.24872434764,1200,0.0,-0.0005559282381086849,0.003466957450626688,0.0,0.0,3.058363437652588,0.0,0,,0.02766355639645927,0.539679556569948,0.8509384630375753,0.0,0.029003017726040678,0.2267937217372032
584400,487,6599.100232416714,1200,0.9242783537163297,0.07429387930144771,0.02050429322418592,0.07115369290113449,0.016953282058238983,0.6205614805221558,0.0,0,,2.0379710403684386,0.010190739074722005,0.9124566935626099,0.028872264725759936,0.09624496488372308,0.5033414809899667
585600,488,6679.880865029704,1200,0.827056492897627,0.06864939369916025,-0.006230562215732028,0.06346284598112106,-0.0046617696061730385,0.8645196557044983,0.0,0,,-0.8822468398356572,-0.47671640179835695,0.921012162770392,0.0261368922183589,0.08583865898478639,0.5686901072631365
586800,489,6722.474892986645,1200,1.2432081371244261,0.10368847403978654,0.0010379075649719557,0.09919994324445724,-0.003209651680663228,-0.20805226266384125,0.0,0,,-0.04501591670545536,-0.45353942499772365,0.9314490420453211,0.01473440357916368,0.14262017497947024,0.6613558750645769
588000,490,6612.049205562366,1200,1.0564837763770338,0.029810518802585062,0.08305340603308195,0.03227821737527847,0.07383641600608826,1.0661346912384033,0.0,0,,1.085878339324646,-0.681962298525723,0.9214928357063098,0.01479332383285543,0.1878355334386517,0.6396775916587308
589200,491,6241.4220838168085,1200,0.6410140507044606,0.051416197879984304,0.01569206108156395,0.04681190475821495,0.00869976170361042,-0.3233410120010376,0.0,0,,6.052961076849737,1.814958831731263,0.8656842954610068,0.053035698688993646,0.07367790028834116,0.3269511777496843
590400,492,6260.019698443569,1200,1.0031704263277836,-0.04289019614564482,0.07178134452425616,-0.039929043501615524,0.07039704918861389,-1.3119035959243774,0.0,0,,-2.687734280060658,1.3886799380507455,0.8546009073822955,0.05398435110973285,0.1673146737796976,0.7484166438523263
591600,493,6660.966040728123,1200,0.9644627131144955,0.02382594174434138,-0.0767812472780215,0.020080456510186195,-0.0703696757555008,2.8882060050964355,0.0,0,,0.644346958478188,-0.015980939042515567,0.9161690875229702,0.017410615812119314,0.1716518983804686,0.7683337589690526
592800,494,6590.0115448008955,1200,0.6239741230213163,-0.03428127713375154,0.039101606034568824,-0.029624100774526596,0.0345931202173233,-2.997138261795044,0.0,0,,-1.3866816749478457,1.220508426411142,0.9044705314023397,0.03490746448308765,0.10427754658562344,0.5704759555798556
594000,495,6373.8524799581955,1200,1.2258889385187342,0.03153590197624307,0.09738090216746786,0.034383147954940796,0.08706942945718765,-2.650982141494751,0.0,0,,1.4495268195390156,-0.07443739455751273,0.8679670457653242,0.01887075802561812,0.1603696442180769,0.5235408659417611
595200,496,6313.311441813235,1200,1.1123875330663933,-0.060436932417725325,0.07035486240646784,-0.056310541927814484,0.07009605318307877,0.06181890144944191,0.0,0,,-2.5514198105642887,-0.5366660825611369,0.8743166956710712,0.04409102991472068,0.17749364204361,0.8182410336376336
596400,497,6140.70065767447,1200,1.4020887777364563,-0.04942839067458057,0.1059146152333007,-0.044273145496845245,0.10171791911125183,-0.3527108132839203,0.0,0,,-3.167163045113335,0.49319038330833065,0.8647745772722825,0.029564231520709305,0.26002824893784743,0.7886987637070387
597600,498,6428.0852787896365,1200,1.2031306177621595,-0.06442086954841625,0.07690052560037,-0.05843913555145264,0.07475359737873077,-0.11968871206045151,0.0,0,,-1.1347115062324635,0.737891273771221,0.8944114146973244,0.027231497511999544,0.15962092202081646,0.600253515167137
598800,499,6505.504288161734,1200,0.983694523395379,-0.004956623621724223,-0.08202388487611169,-0.009898263029754162,-0.07573553919792175,1.4691362380981445,0.0,0,,-0.39031030156305097,-0.7569153179603452,0.9010072561826232,0.02853133107684954,0.14140605068780748,0.6872796941763519
600000,500,6084.045999666648,1200,1.5000178907673918,-0.06206280470201036,0.10857193864537425,-0.05505845323204994,0.1034555584192276,-1.5152510404586792,0.0,0,,-6.786428445787392,0.9034726870821322,0.8831704022659682,0.02052382535605985,0.2568853709300407,0.6550602804685277
601200,501,6571.868246382481,1200,1.13823710819658,0.0044261386204566865,-0.09475060414412088,0.004580256529152393,-0.08994724601507187,-2.3547117710113525,0.0,0,,1.5965412414860967,1.0100898852934996,0.9206679064333531,0.02285122812247517,0.17387872752015904,0.6436243545134797
602400,502,6656.491811278737,1200,0.8675977002585639,-0.011456024717749529,-0.07138717752817997,-0.010411636903882027,-0.06305164098739624,0.3486495018005371,0.0,0,,0.7179078999867399,-0.4752549605878067,0.9248270569410224,0.013466872921526412,0.1495250239026558,0.7158261881473015
603600,503,6762.438637048103,1200,0.6599176767216446,-0.05295356059150117,-0.015181133159984152,-0.04546583071351051,-0.010210180655121803,-2.4446513652801514,0.0,0,,-1.386400806151816,-0.3150914429293338,0.9360605202434683,0.009702362686346354,0.0536435123418768,0.40167132542826656
604800,504,5302.352937745797,1200,0.0,0.0025406813275731903,-0.0030387499414741025,0.0,0.0,-1.7425538301467896,0.0,0,,1.24388303813771,-0.7173689796176856,0.7354957394545983,0.0,0.08265640093096821,0.24478486026545218
606000,505,6700.519318199613,1200,0.8973099433521748,-0.03280039994401551,-0.06723198267263894,-0.031912583857774734,-0.06092424690723419,-2.0180366039276123,0.0,0,,0.4601364949073871,-0.15274872187128216,0.9225235756688795,0.022431489876094033,0.10238915853853363,0.4495545427695962
607200,506,6054.0699433960435,1200,1.5266139589412213,0.04481253628632667,0.11980302300709264,0.05231979861855507,0.10507024079561234,2.5601067543029785,0.0,0,,2.088495057335427,-0.1454124199483156,0.7940159254538729,0.029535780503863632,0.16060246226655536,0.5395577946521023
608400,507,5627.79994886407,1200,0.0,-0.003146102193532443,0.0026241996854700976,0.0,0.0,-0.06346624344587326,0.0,0,,-2.0224942652617344,0.5185236511498167,0.7995014912929896,0.0,0.05095749176895925,0.24543259638776302
609600,508,6509.864187153442,1200,1.3992538201626687,0.08488886722960257,-0.07995926875200758,0.07982491701841354,-0.07745830714702606,2.0897774696350098,0.0,0,,-0.30292823598785157,-0.9018918228668731,0.9018287388240177,0.020887186703229255,0.18886993254665482,0.6622161338314866
610800,509,6651.017199038758,1200,0.9558074034328539,-0.02431862417717215,-0.07584800667329288,-0.022969160228967667,-0.07069788128137589,0.6589315533638,0.0,0,,2.1718393549987742,0.925591641757878,0.9255337059474407,0.021897520721743877,0.12799493261512182,0.5624785379447084
612000,510,5937.3311626150935,1200,0.0,-0.004306181844099817,0.0006812732514406693,0.0,0.0,-1.2175524234771729,0.0,0,,-0.6062786700721388,-0.4532473468811027,0.861009932244976,0.0,0.03025234260568149,0.22988591754898124
613200,511,6641.056344175921,1200,0.9422028568274852,0.07124034448903645,0.03316946288000378,0.06916133314371109,0.028794625774025917,1.7504339218139648,0.0,0,,0.33711313793315134,-1.413471151438718,0.9187869334083583,0.028544017812613256,0.16864467731086183,0.7126230505852241
614400,512,6663.979258894274,1200,0.9508982199865815,-0.015693965295789068,-0.07767300552092377,-0.015143766067922115,-0.07294651865959167,-0.3954046964645386,0.0,0,,0.07989630410842145,0.6131887812959013,0.9274764271776543,0.024957271757435256,0.15682991823478654,0.6635894484061342
615600,513,6300.0100496816585,1200,1.2499931206860262,-0.00658490350397909,0.1039733572238723,-0.008389892987906933,0.10394555330276489,-0.10332151502370834,0.0,0,,5.148252050609583,2.5923660262885115,0.888382268450546,0.0463042257595622,0.15850150378394412,0.6734445087966767
616800,514,6455.929553606466,1200,1.4113838538560493,-0.009174445848671395,-0.11726185920189203,-0.009693046100437641,-0.11087872833013535,2.1533079147338867,0.0,0,,0.8833252289907146,-1.63266716747404,0.8910905833830847,0.022346175214314236,0.19536241357725911,0.5851887155566916
618000,515,6265.044059247739,1200,0.0,-0.0014966178228432532,-0.0005341486371162971,0.0,0.0,-0.3133908808231354,0.0,0,,0.5350810511684814,-0.09934547296309784,0.9039817792909101,0.0,0.016019927450398073,0.21763023577800447
619200,516,6703.055701114783,1200,0.7496841787156159,0.010885225223233253,0.061559488974368116,0.010874148458242416,0.05073431879281998,0.2747291624546051,0.0,0,,1.9857687341164876,-1.366309195337391,0.9316619577189761,0.00714022797736372,0.10464399326702666,0.5205492257483878
620400,517,6558.89256745676,1200,0.7707617916003058,-0.038213378715087724,0.05165513300933966,-0.035014502704143524,0.044754162430763245,-2.124812364578247,0.0,0,,1.9583333328423036,0.7636306799703726,0.9223130152579839,0.021805619835228805,0.09923057161840035,0.6970223484757891
621600,518,6530.364640655573,1200,1.3314186573447462,0.0876413707691068,0.06848174713798748,0.0921083316206932,0.06211161985993385,2.8296728134155273,0.0,0,,-0.6936214459830264,-0.5447936099665106,0.9036869313980384,0.033446407482974755,0.1758293474556786,0.7920535328500339
622800,519,6668.603648583783,1200,0.807496530465368,-0.06327771445524602,-0.022990006102165342,-0.054435648024082184,-0.017861155793070793,-2.6637496948242188,0.0,0,,1.3663756847104311,-0.6852537000534306,0.9188059814629338,0.012027346268451826,0.056785554252140664,0.4016811780208103
624000,520,6148.649117980284,1200,1.5078157938623464,-0.05309594289055293,0.11423173297325662,-0.042254213243722916,0.11087053269147873,2.2881479263305664,0.0,0,,3.432509836352336,0.1529973485340588,0.8367335015209802,0.029218159256868496,0.22992393415463117,0.651233252056925
625200,521,6743.904119047499,1200,0.9453366294395901,0.0685896089060106,-0.038819765059577495,0.06249954551458359,-0.03787790238857269,-1.5985575914382935,0.0,0,,1.733983444317553,0.21189258455092252,0.935149730649274,0.016331775140595473,0.0910781009815834,0.36993436320557066
626400,522,6302.547517957791,1200,0.0,-0.0010012474731086797,-0.00038131015046360245,0.0,0.0,0.7179383039474487,0.0,0,,0.3503178473484908,-0.2856009655739364,0.9121466798874889,0.0,0.010011102338397544,0.19249184021081617
627600,523,6562.55218413251,1200,1.0979345352409826,0.05867385493400192,0.0702982954632391,0.057946622371673584,0.06407354772090912,1.5037912130355835,0.0,0,,-1.1897006957388423,-1.0482838115316093,0.9111552680519207,0.023140985266039905,0.14201596332676103,0.6282497408512078
628800,524,6703.0618284318225,1200,0.6774959626257068,0.042166109037505235,-0.037601776066381085,0.03923724591732025,-0.03246547281742096,0.5481505990028381,0.0,0,,-0.7330658321651423,-0.4538958518926803,0.9258384867044638,0.02808852928944745,0.06408807493302549,0.41634521910752653
630000,525,5631.352244900704,1200,1.407819187846902,0.018199061775594102,0.11625897992985201,0.02363220602273941,0.09952110797166824,-2.0086772441864014,0.0,0,,1.6671342786241354,-0.5041026881099209,0.7737999607420997,0.02683828020289221,0.16993321873001868,0.4847293960263045
631200,526,6697.486856936916,1200,0.714214412543692,0.04560578975198665,0.0384103281100831,0.043841756880283356,0.03262658789753914,2.340238332748413,0.0,0,,0.27486595473593617,0.7832353824660551,0.9220997878621595,0.024595523685254642,0.10725999489583259,0.646279835494764
632400,527,6424.501701512353,1200,1.349435874157127,0.00197137484866544,0.11249985994174573,0.005274283234030008,0.1027446761727333,-1.793455719947815,0.0,0,,-2.4071740825369066,-1.4861892296657515,0.8811194312038301,0.016941500161828063,0.19387582393403308,0.6635319166717691
633600,528,5922.41528207079,1200,0.0,0.0006485417946019256,-0.002299547261822796,0.0,0.0,-1.8155300617218018,0.0,0,,0.6252780839083166,1.0119984070444934,0.8433500271833468,0.0,0.047895994978574635,0.3442765716262026
634800,529,6152.130228208813,1200,0.0,-0.0011731777871367723,0.0005052270235459639,0.0,0.0,1.1496713161468506,0.0,0,,-0.35054670879828953,0.19467954912769447,0.8998681666440287,0.0,0.015595879973628456,0.19831137032958182
636000,530,4821.007728762135,1200,1.2685706780038808,-0.10525195899242189,-0.013561037547676645,-0.10569271445274353,-0.023172486573457718,1.510886311531067,0.0,0,,7.448213345734044,-1.5988923116789526,0.6805790839676734,0.12189305805584146,0.13809036216388604,0.4712002048604227
637200,531,6789.4699335637615,1200,0.9044569884705138,-0.06791222513328482,-0.032692955664061746,-0.05977020412683487,-0.028556663542985916,-1.3362370729446411,0.0,0,,-0.5011416558913933,-0.2962238703965326,0.9424191886303693,0.005251938697125633,0.07769413847198997,0.42373687947573013
638400,532,6723.550638165158,1200,0.6441843412837829,-0.0023283236032056393,-0.05368221400113696,3.5796881547867088e-06,-0.04495735093951225,-0.7455177307128906,0.0,0,,-2.079932765947752,-0.11479065852906171,0.9279688847629308,0.01325457028840899,0.09997141445737492,0.6212904064961647
639600,533,6659.925791248825,1200,0.9170775855731879,-0.0470301102890611,0.06028208960330193,-0.04260783642530441,0.058130621910095215,-1.0811094045639038,0.0,0,,1.2985093030685195,0.4665185153267114,0.9375427398640248,0.022758004762466453,0.12338142898995284,0.6293680832285362
640800,534,6730.39210053833,1200,0.831871115677803,0.00323958175132395,0.06945700818140066,0.007763900328427553,0.06212238967418671,-1.8132344484329224,0.0,0,,-0.08554110755177616,0.8160657064520055,0.9326957282721882,0.012947872410706931,0.08927569471955515,0.4610627023897624
642000,535,6767.886733422405,1200,0.870135716851348,-0.07207841665552157,-0.0081220972046186,-0.0675421729683876,-0.005882516503334045,2.5731425285339355,0.0,0,,-0.531039578932684,-0.5241367613410371,0.9382714788944643,0.018983646321775335,0.09977356649784769,0.5425721443569037
643200,536,6612.896805697763,1200,0.8891474834050846,-0.041403262150753774,-0.061503655618921786,-0.038813021034002304,-0.053502582013607025,0.7148602604866028,0.0,0,,-0.9971286409824138,-0.5194957416359915,0.9133993226850822,0.01800873027036536,0.13794504612713387,0.6299536614531489
644400,537,6758.4812826955695,1200,1.0561718129840323,-0.07929741451053728,-0.03825571289890269,-0.07386520504951477,-0.03333631530404091,-1.5676259994506836,0.0,0,,-0.8311770098803517,0.47751730653268276,0.9308753779259107,0.01334572602804335,0.11852578534451931,0.4547364181191816
645600,538,6640.201828279186,1200,0.6313852995638143,0.04063559193012076,-0.03343428558698869,0.034823425114154816,-0.029605291783809662,-0.13364748656749725,0.0,0,,3.184453921621166,-0.021708013725762688,0.9265298336624744,0.022677512194036235,0.07601659554110286,0.4082542485261301
646800,539,6355.458537266142,1200,1.4103329902010246,0.08420881591454712,0.08223730213454035,0.08661579340696335,0.0758010521531105,-3.047886371612549,0.0,0,,2.5958783424268908,0.361285096921555,0.8713448568106705,0.03072469103691424,0.17608743112854544,0.7403364538449435
648000,540,6416.635044538904,1200,1.4766254886301609,-0.1059375052717822,-0.06260495090996761,-0.10181628167629242,-0.06079237908124924,-1.866665005683899,0.0,0,,-0.09998351094082036,-1.1496860858279112,0.882208468514533,0.026834734840906305,0.1568571974268815,0.48924438819626204
649200,541,6778.665706561015,1200,0.6883796923567416,0.055801079258106664,-0.013457521886044642,0.05057237297296524,-0.010317886248230934,-0.45619848370552063,0.0,0,,1.2526694042117825,-1.1980408533911953,0.9438927692255366,0.017062888740681705,0.07393461211555671,0.49049629997708344
650400,542,6624.881104266593,1200,1.0038201449142912,0.08235088367239113,-0.016081382233415726,0.07975359261035919,-0.022140059620141983,-0.035007573664188385,0.0,0,,4.692346720508346,-1.0949433177922903,0.9254914045530065,0.03135605634253217,0.16423226783705944,0.6810593019000356
651600,543,5624.715442299928,1200,0.0,-0.005905201866988433,0.0005128182716039981,0.0,0.0,2.2628042697906494,0.0,0,,-0.6044953433670359,-0.8282800355174259,0.8168782763495714,0.0,0.02814306972071685,0.3461773843881517
652800,544,6738.745145365439,1200,1.1755845761262773,0.09656183649453914,0.016648874844942933,0.09322679042816162,0.014082984067499638,2.517296075820923,0.0,0,,0.4027507423368156,0.7571364200266627,0.945530666721971,0.016292026108336244,0.18498298961793505,0.7760932233708884
654000,545,6166.577553620814,1200,1.4912134125057737,0.02201903013679562,-0.12230243267627273,0.021495459601283073,-0.11675038188695908,2.26015567779541,0.0,0,,-2.5519919088236325,-0.8139444903299982,0.8360893955176713,0.037027218971250685,0.2594766094606008,0.6569762100214983
655200,546,6302.0882099510845,1200,0.0,-0.0024443063933080635,0.0003573267125575598,0.0,0.0,0.5760638117790222,0.0,0,,-0.469091615668197,0.5479662085299525,0.9116493994038342,0.0,0.011094795705637536,0.19859712416362243
656400,547,6784.997740601295,1200,0.6669313152001455,-0.05390450245738807,0.013683253534463006,-0.04877081140875816,0.014278770424425602,-2.682960271835327,0.0,0,,-1.4823834479804574,0.8207561009150227,0.937822103971331,0.023591133818568033,0.06650138457808596,0.5615386137043583
657600,548,6723.9978970089205,1200,0.7133724300829297,-0.03182277847011404,-0.05021588799378961,-0.026790637522935867,-0.0414327010512352,-2.6658530235290527,0.0,0,,-2.733230211405853,1.2048537781150057,0.9354966455394753,0.007730474168739677,0.06789788707791032,0.4116416747527811
658800,549,6651.879039315066,1200,0.8391873461822943,0.024060745778125458,-0.06570303492095803,0.023288467898964882,-0.057653360068798065,1.5702860355377197,0.0,0,,-3.0324186758115186,0.5705252048778943,0.9299010218910226,0.011401084909652524,0.11410731792369701,0.6661369408402327
660000,550,6736.569037191593,1200,0.8302595059028316,0.048456647955897235,-0.04940019866011293,0.046275775879621506,-0.045586973428726196,2.7138023376464844,0.0,0,,-1.9118948608978255,0.5158534505052904,0.9421884245690656,0.01848735103700651,0.09941867064634428,0.5984572603256003
661200,551,6626.357908240059,1200,1.4197443207282434,0.11796388817695162,-0.0093773479140596,0.11033177375793457,-0.011010383255779743,-1.830803632736206,0.0,0,,4.494708170255922,-0.9799876735625462,0.9210456524543075,0.012374562979878809,0.2327028499245861,0.7183822754848591
662400,552,6715.062273262002,1200,0.8797263798720641,-0.05084312871394886,-0.05281696749129916,-0.04491904005408287,-0.04726681485772133,-0.5864481329917908,0.0,0,,-0.6738727292954841,-0.5630542329879936,0.9316691587885518,0.012124510857481133,0.10228789910809098,0.5242073963313911
663600,553,6826.502664500221,1200,0.919233641070847,-0.06612045202191923,0.0387780441912984,-0.05955994501709938,0.03788541629910469,2.715015172958374,0.0,0,,0.31449954296221894,-0.8287250304757852,0.9496147348707755,0.012631492268941351,0.11247239161035014,0.5729864124686007
664800,554,6815.954355109596,1200,0.5910198925660717,-0.04929046139193229,0.003573361322249484,-0.04269672930240631,0.006666596047580242,-0.6327388286590576,0.0,0,,-1.0980746569381947,0.8823413102232575,0.9443645872526564,0.015024218875801522,0.0695418293532327,0.5370200057394336
666000,555,6350.925281481114,1200,1.0087531011691069,0.016585614095370276,0.08302114353064759,0.02429480105638504,0.07425729930400848,2.6064329147338867,0.0,0,,-2.562974626924143,2.073754370360934,0.8832026298425363,0.0243195409031431,0.12253594293653679,0.46292420439523263
667200,556,6812.203192493892,1200,0.9736464331008351,-0.07605864370045141,0.02827636710994051,-0.06925231218338013,0.026826495304703712,-0.6230552792549133,0.0,0,,0.6763410309540928,0.6618419051257137,0.9423069672447758,0.010891395343695133,0.1043843022709774,0.5357257609242652
668400,557,5407.772486119397,1200,0.0,-0.00016208614260613963,0.004660612119379778,0.0,0.0,-0.7810452580451965,0.0,0,,0.11128455384581978,0.2475130806048577,0.7669091869283828,0.0,0.06157557286809794,0.2774505401386739
669600,558,5486.985700337431,1200,0.0,-0.004225437932206298,0.0016778410445122283,0.0,0.0,-2.128028631210327,0.0,0,,1.8652128797115883,-0.07799529491677198,0.7798046490052699,0.0,0.06370838910744181,0.38501385767321944
670800,559,5387.777961102021,1200,1.177472583084806,0.06702404807992682,-0.07169563731895497,0.07876820862293243,-0.08072054386138916,-0.51652991771698,0.0,0,,-3.655043950474976,-0.31318568810421377,0.7032269484636362,0.16689255888162938,0.18121409099297964,0.6082982974888306
672000,560,6640.477353572323,1200,0.8203437182465694,-0.020537345907696382,-0.06525837030242235,-0.02003687620162964,-0.055967528373003006,-1.7019212245941162,0.0,0,,-2.7836308022957406,-0.6739466997648959,0.9246596483013498,0.012067114851143663,0.14007097952493974,0.6673921952731596
673200,561,6660.129899177135,1200,0.5950572480033991,0.04668064017060571,-0.01677873387690223,0.03956880047917366,-0.013083341531455517,-0.5010724067687988,0.0,0,,-1.5171975019306227,0.9168630210468426,0.929363894375107,0.01706638659882476,0.073729501107497,0.47118520903798916
674400,562,6748.511017050773,1200,0.8996405136848643,0.014395128470040952,-0.07357528719213384,0.013093721121549606,-0.06604496389627457,-0.49911952018737793,0.0,0,,-1.869285801503808,0.17117044591312436,0.9356595277603198,0.011559791226456523,0.13070180940313436,0.7565188934598464
675600,563,6727.440337201121,1200,0.9636953090558721,0.012625870336459687,-0.07931032335537085,0.011050269939005375,-0.07181625813245773,0.8505547046661377,0.0,0,,-0.17989188166866601,-0.6330918615331754,0.9350623872259662,0.011188304344429656,0.16003753177697294,0.7359180151259193
676800,564,6713.274840756841,1200,0.8028987805120783,-0.05096578258323962,0.04343340211967131,-0.04399976134300232,0.04066435620188713,-1.6162457466125488,0.0,0,,-1.8821347620942726,0.13248276634647327,0.9320997746354629,0.017142051415380357,0.0988093642600604,0.5867965528184699
678000,565,6760.329689635274,1200,0.9436259465733657,0.015497240681771446,-0.07709397201961865,0.01450068037956953,-0.0706370398402214,1.4738415479660034,0.0,0,,1.6042242570585357,-0.14913595547100175,0.9440297189814724,0.01330899730790749,0.14754174985469043,0.6799379774579712
679200,566,6585.053879700361,1200,1.280313681385983,-0.10107899525844567,-0.03417881651296199,-0.09235212206840515,-0.02993938699364662,-2.269423007965088,0.0,0,,1.0064170525096536,0.08733016560276351,0.9131371339161406,0.009824847526149762,0.11168465358570286,0.412124002231211
680400,567,6764.810389575569,1200,0.6165110409438854,0.04608378615931383,-0.02273681148101876,0.03734886273741722,-0.019424866884946823,0.3457316756248474,0.0,0,,-0.3489238022627129,1.5322778281042893,0.933831147531753,0.011036326656940335,0.05867919601644111,0.3812150104679963
681600,568,5909.878562566524,1200,1.4920595852827074,-0.04062983461703214,-0.11751268098481364,-0.03803694620728493,-0.11010891199111938,0.875653088092804,0.0,0,,3.534605202912715,1.349104434193086,0.8151681203019565,0.04342186728366606,0.14454062425906752,0.44915409025653247
682800,569,5485.533164738272,1200,0.0,-0.0012198320069490708,0.0005732165619511147,0.0,0.0,2.3798885345458984,0.0,0,,-0.3526183229234464,1.2605035032423593,0.7984562400290395,0.0,0.04334155215556434,0.4152602110327087
684000,570,6632.199878321598,1200,0.8283735639947952,0.04465688647061467,0.05299573694617433,0.04504535347223282,0.044750966131687164,-2.1041975021362305,0.0,0,,1.6927408569416482,1.5210344234317477,0.9048282242661186,0.02489386385654915,0.1027107270101444,0.4741245754674596
685200,571,6754.112644346788,1200,1.0117540486471794,0.08212171284076972,0.019170687930595717,0.07741706073284149,0.01644928939640522,-1.3494960069656372,0.0,0,,-0.5103667393610445,0.822144542369416,0.9377210177537616,0.01687006288525213,0.11463157480562187,0.4976233851283205
686400,572,6483.173669853969,1200,1.2275997819954054,-0.021278542047409678,-0.10006748143608082,-0.01843530312180519,-0.09104199707508087,-1.8807685375213623,0.0,0,,2.955688815401684,-0.622914442602049,0.9071880377678648,0.012318565541235298,0.1642178553669336,0.6240526871437876
687600,573,6675.695139203753,1200,1.2710054202810686,-0.10558907974260048,-0.008590208418015012,-0.09533804655075073,-0.0058566490188241005,-1.4325463771820068,0.0,0,,0.09127964776376433,-0.24539220407067683,0.9253739722730827,0.006003154184312871,0.12554142074691266,0.467277021596908
688800,574,6753.71847814902,1200,0.6937791597896136,0.05693860984772115,0.01002807755846858,0.049353521317243576,0.00865807943046093,3.0381147861480713,0.0,0,,0.6851400709891938,0.07961516758936166,0.9294051766570084,0.01854581035634074,0.08092884114522142,0.43440122345771554
690000,575,6716.034014349871,1200,0.637827987556113,-0.0007066372803526395,-0.053243331731271444,0.00220524612814188,-0.04719891771674156,-2.435159921646118,0.0,0,,-0.8888488615244241,0.05242317910509882,0.9410086616490829,0.02113974302564431,0.0987740240774911,0.6451886745683373
691200,576,6702.5845215318805,1200,0.8973321752155662,-0.02167261678760636,-0.071691860734193,-0.016205448657274246,-0.06699618697166443,-0.1518450826406479,0.0,0,,-0.46411777537342236,-0.07532369501809907,0.9396024478693957,0.01544105651808031,0.1596200258407366,0.7043364790517063
692400,577,5938.523394214098,1200,0.0,0.002512639994759789,-0.0036901289763775083,0.0,0.0,1.0542550086975098,0.0,0,,-2.7983042038844608,0.6703553576793365,0.8790946630548935,0.0,0.018450345019496956,0.1924985982235863
693600,578,6370.705093319583,1200,1.5380991737313914,-0.08509979862632924,0.09596300903486524,-0.07603409141302109,0.09234219789505005,-1.570687174797058,0.0,0,,-0.0773272821748147,0.31129414271735095,0.8623536441717994,0.024528846597788638,0.23773348342492293,0.563608753100026
694800,579,6792.08047253674,1200,0.6833637882428599,-0.04928428888069544,0.02862433599352994,-0.04166588932275772,0.026514112949371338,0.7540886998176575,0.0,0,,1.8204522245690629,-0.5971758137156251,0.9494714920162405,0.010370384909373602,0.07391456407329125,0.5006449473160358
696000,580,5906.814028669563,1200,1.5198529393808322,-0.07539754307422092,-0.10177573504210805,-0.07023746520280838,-0.09276896715164185,-0.2341838777065277,0.0,0,,1.1843098797070202,-0.8183652508631314,0.7930092426101878,0.03330299727080175,0.13118301229826934,0.3665159773988221
697200,581,6375.938396904231,1200,0.0,-0.00021571865218661293,-0.0011349040276643295,0.0,0.0,-2.8106839656829834,0.0,0,,-0.20223441196036981,0.04472449023704985,0.9222914257214442,0.0,0.007896139039091976,0.17631132341061515
698400,582,6667.467413181495,1200,1.0298937498575782,0.06886043547739545,0.05156599386328967,0.06745986640453339,0.04361839219927788,1.6573023796081543,0.0,0,,-1.0842966658732172,1.2227899023134374,0.9337719684050793,0.014538773702713496,0.10939665830969258,0.6685047402952417
699600,583,6739.489279261115,1200,0.8832635169964616,-0.01676136317873375,0.07181212661547468,-0.010940118692815304,0.06437452882528305,-1.608392357826233,0.0,0,,3.4953686581257473,-0.3377314662861246,0.9357812073035597,0.008463682170855623,0.12281643898245145,0.4954397674577073
700800,584,6761.813346453709,1200,1.1193371720213918,-0.09099384549987198,0.020585694020610903,-0.08356223255395889,0.020499935373663902,-2.4215049743652344,0.0,0,,1.4251960885784474,0.6097832005014567,0.9386635539737004,0.009612748947143462,0.08449864360774083,0.41967094448351794
702000,585,6661.566791237778,1200,1.462121657452979,-0.12105572149493227,-0.01454642101188021,-0.11651350557804108,-0.009654133580625057,-0.9854688048362732,0.0,0,,1.1524951214984969,-0.0027967723270063477,0.9165696841679365,0.015992268632401736,0.10987843132381153,0.4295875957150452
703200,586,6409.795629523948,1200,1.2525972975466375,0.03210479205753454,0.09961871619300611,0.0367903932929039,0.0907699465751648,2.35298490524292,0.0,0,,-2.1612309601805246,2.4478415092575005,0.889870164432481,0.020014972800726425,0.15479553670237653,0.5890216532459759
704400,587,6770.17317743095,1200,1.223357299920478,-0.0858341862057683,-0.055102655687964484,-0.0809846967458725,-0.04838864505290985,1.14313542842865,0.0,0,,-0.7959150586961379,-1.555381667355813,0.9378125769458364,0.009865352314267344,0.16543354329764293,0.6406063186570751
705600,588,6818.317308992175,1200,0.8263105739205421,-0.057231401569912965,0.038450505558140335,-0.049941789358854294,0.037372905761003494,2.8846819400787354,0.0,0,,0.38237473598139615,-0.18656501329915298,0.9512604456918744,0.010615205803996105,0.10326115636193357,0.498718224762591
706800,589,6660.459471750054,1200,1.2513160252889681,0.018578350794086502,-0.10261665805211276,0.01602846384048462,-0.09548445045948029,-2.4232869148254395,0.0,0,,-0.4714516579988351,0.890318497005071,0.9244173721470541,0.013359008100079905,0.1961338989973013,0.7948494249114444
708000,590,6757.7868145565735,1200,1.0719630857195765,-0.017018287343494858,0.08771892468391475,-0.013746527023613453,0.0808962732553482,-1.6671041250228882,0.0,0,,-1.01926855881765,0.08493349960213674,0.9404798196483891,0.010651041708115217,0.1461711908682326,0.4447786645472029
709200,591,6728.707256298963,1200,1.0428117589413108,-0.028783639354163892,0.08204578088419592,-0.02350028231739998,0.07479920238256454,-2.6385111808776855,0.0,0,,-0.6199792738883323,0.8479429552004332,0.9283385999042044,0.011391914098254371,0.12026396010723119,0.4322399058870912
710400,592,6821.472108097003,1200,0.5591634079001785,-0.03106810530549271,-0.03475201907755088,-0.0259521696716547,-0.030693426728248596,2.5175986289978027,0.0,0,,0.31473415676218414,0.6277677889930152,0.9529201099812847,0.014333201013068135,0.05933785756554243,0.4932396583000131
711600,593,6759.594584620585,1200,1.1302945740283057,0.09001640582722259,-0.027790511698527975,0.08559272438287735,-0.028238443657755852,0.3131943345069885,0.0,0,,1.3983483691975944,-0.20698393883416874,0.9417807386979983,0.018437630796917123,0.11001547357541033,0.4511596175634101
712800,594,6435.918073291623,1200,1.439021868838414,-0.08147893424092632,-0.08799087449951731,-0.07272927463054657,-0.07970144599676132,-0.949704110622406,0.0,0,,0.16441090087942722,-0.8735800611666968,0.8930007175342324,0.007975164348843015,0.18224645852815752,0.47063976850039374
714000,595,6824.3784391549225,1200,0.8316760481166203,-0.04803522281690432,0.04997729520333211,-0.04291793331503868,0.046390730887651443,1.313815712928772,0.0,0,,-0.5205663804143312,-0.20660910978183683,0.9439800600945913,0.01639631695268251,0.08906141249278295,0.4829706501131674
715200,596,6758.994506585259,1200,1.0087299270834522,-0.023766201498297217,0.08072093382148217,-0.018952468410134315,0.07707976549863815,-1.6895086765289307,0.0,0,,-1.7743041906601824,0.9733744641823402,0.9465866483045672,0.01565997318222566,0.1547060687933743,0.6234880127277003
716400,597,6758.815006177259,1200,0.8904382064757462,0.007261667980483002,0.07389838002243579,0.008822351694107056,0.06492330133914948,1.7415934801101685,0.0,0,,-1.7933114920239888,1.5142111097006523,0.9395705657970638,0.008421363099268275,0.12222165894897193,0.42872077571339323
717600,598,4915.098861902726,1200,0.0,0.003651037363138076,-0.002374413069505054,0.0,0.0,0.05130868777632713,0.0,0,,0.40168434259889285,1.8059458329143123,0.713435230399118,0.0,0.09809930918804173,0.3204586476497944
718800,599,4841.808413752032,1200,0.7062993151284538,-0.05377636280858996,-0.0240725487754694,-0.0795116201043129,-0.03136114776134491,2.435743808746338,0.0,0,,-0.7201103481103444,0.02776927863902381,0.6061500477733551,0.3143937343207861,0.08857723399394211,0.48752047484118105
720000,600,5851.7109417338015,1200,0.0,-0.0026532328902156566,-0.0021119881087085426,0.0,0.0,-0.8554893732070923,0.0,0,,0.8122546133676048,0.6200581338496886,0.8651767465957245,0.0,0.02958634923836867,0.22316609241565993
721200,601,6813.687393803025,1200,0.8993067210987616,0.03912922572335038,0.06412493445601647,0.04060584679245949,0.05726321041584015,2.4355359077453613,0.0,0,,-1.1620823840549217,1.045047992710248,0.9465204209428341,0.013591236811020242,0.11119957124298147,0.51492182604356
722400,602,6800.597106139452,1200,0.9486873571272586,-0.027934183615080137,0.07401212379920248,-0.023889021947979927,0.07089775055646896,1.4288616180419922,0.0,0,,0.1518697425744465,0.5040997460883014,0.9470996371893983,0.0181637770084978,0.11077691954683118,0.45804079431406725
723600,603,6663.324123563939,1200,1.290116778640875,0.04365353437816875,-0.0983441700764979,0.045220568776130676,-0.09170151501893997,0.5165001749992371,0.0,0,,0.23968823177434584,-1.2187092356742593,0.9228495128552384,0.01678501802985231,0.2205436363590872,0.8439848945397149
724800,604,6622.890992991177,1200,1.3646425928372274,-0.11356521557908844,-0.006079354906459548,-0.10736594349145889,-0.006993339862674475,-2.8369879722595215,0.0,0,,-1.446212186065497,0.3071588127898517,0.9201490801396299,0.014896241119956155,0.09652984539367622,0.4412915338573158
726000,605,6813.913373659509,1200,0.5438308290510425,-0.03491300331837389,0.02905843163053623,-0.02955782413482666,0.028203679248690605,0.3715016841888428,0.0,0,,0.4484603039298955,1.040154283402139,0.9484461291369134,0.022220686220480387,0.06648277705681341,0.4281060652198976
727200,606,6833.964388339339,1200,0.6373768164771239,-0.04990723191147803,0.01915298411814027,-0.040820054709911346,0.02122713066637516,-2.4286491870880127,0.0,0,,1.5698749686233124,-0.03291473244983762,0.9458311754247368,0.008682565132344479,0.07010811593777369,0.4012660230623282
728400,607,6088.5522892687795,1200,0.0,0.0009773951114010182,-0.0014859948002282244,0.0,0.0,2.278090715408325,0.0,0,,-1.010475917012675,-0.36680954122665227,0.8946339097753713,0.0,0.024893169177514676,0.237644083176042
729600,608,6717.45390404699,1200,1.1889442895257203,-0.08071813180028788,0.057736528579485566,-0.0706513449549675,0.056927938014268875,0.09750481694936752,0.0,0,,-0.053039968490954166,0.5108536949910306,0.9306944364632136,0.007130552166450553,0.12323080049084481,0.4362756374622783
730800,609,6227.258304553658,1200,0.0,-0.000478921644460787,0.0013845399980559267,0.0,0.0,1.4127963781356812,0.0,0,,0.05834062928022168,0.3987648827206563,0.9109368025846353,0.0,0.01607933966554002,0.17127245085476456
732000,610,6352.95904165485,1200,0.0,0.0015205666988765873,0.0016464915211093349,0.0,0.0,2.153177499771118,0.0,0,,-0.7357139434330247,0.5184524705511726,0.9182666001697894,0.0,0.019155461848973765,0.23327642417600256
733200,611,5472.122204137689,1200,1.0456798545572639,0.04895793135370357,-0.07265897284127562,0.06643007695674896,-0.07935185730457306,-3.0330207347869873,0.0,0,,-1.1209758865337862,-1.05368741191846,0.7162476074350685,0.18667596782970222,0.1657206579731851,0.6149032126331041
734400,612,6262.187725010484,1200,0.0,-0.0020706027675513198,-0.0014763865629685434,0.0,0.0,-0.10875174403190613,0.0,0,,-1.0480665416376687,-0.24481381406606073,0.9165020910031513,0.0,0.011170789635937078,0.19544954155781477
735600,613,6795.477599030935,1200,0.6176692778817122,0.05124829906627096,0.005414925693376364,0.045328013598918915,0.0070355478674173355,2.875352144241333,0.0,0,,1.6694088778027094,-0.04699487982576096,0.9402777779781254,0.020350635370642533,0.0577681036990485,0.4820854327648423
736800,614,6852.542018128103,1200,1.0679901264071379,-0.08848955391072189,-0.009657726504705198,-0.0804668515920639,-0.007249102927744389,-0.19569912552833557,0.0,0,,-1.1800929105382423,0.1668416866934454,0.9464644351433253,0.0058221611723018795,0.10364509043423868,0.48258983112858306
738000,615,6853.668668453294,1200,0.8424851745461072,-0.07020068483144114,-0.0018818777270487711,-0.0616096593439579,-0.00022532478033099324,0.6824321150779724,0.0,0,,0.13117660473925352,-0.7073849471837752,0.9493229615141814,0.00457243178606101,0.10610660770039397,0.5370646213656213
739200,616,6773.952990553475,1200,0.7719303412252506,-0.03342932520327529,0.05495962334020015,-0.028584707528352737,0.04736136645078659,0.6934571862220764,0.0,0,,-1.8016229843881153,0.6718333043023593,0.9449277011946848,0.007162646184084339,0.09730879119406974,0.5768171765299825
740400,617,6535.444412398869,1200,1.234524781892265,-0.039675495884659844,-0.09493434644709153,-0.03436681255698204,-0.08627566695213318,-0.3054741322994232,0.0,0,,-0.25264462195782755,-0.5580758311881213,0.9068248631856045,0.012134992752139258,0.22839091653593116,0.6795573951062264
741600,618,6705.4468143438635,1200,0.9743451058258422,0.07253074370216753,0.036747167872745956,0.07134632021188736,0.031538013368844986,3.1100497245788574,0.0,0,,2.259316431287152,-0.5562300644728085,0.9296791197833837,0.027992877625158556,0.11477181995847388,0.5142887548948322
742800,619,6597.437257459646,1200,1.4971289074615843,0.054773908063806366,-0.11212548375069903,0.054385438561439514,-0.10556861013174057,0.6684773564338684,0.0,0,,-0.053515518108772496,0.11843757730511653,0.9223451127660085,0.014197775286581832,0.26200978282489473,0.7869864876127474
744000,620,6499.965731824405,1200,1.462924868690447,0.0008517046341439337,-0.12194088188189656,-0.0019225350115448236,-0.11694086343050003,-2.6253907680511475,0.0,0,,1.8661565956786585,0.2439363321961918,0.9074042460354883,0.022005574808301228,0.2843479719951367,0.7621679367779496
745200,621,6779.7742564491355,1200,0.6666573474931217,-0.043326022479081544,0.034802882260656226,-0.0372924767434597,0.03157152980566025,1.3041552305221558,0.0,0,,1.426141983744579,-0.12810050717983845,0.9389280230423992,0.018231893164668753,0.08883836798352818,0.5638687759526397
746400,622,5091.853172485931,1200,0.0,0.005033697924953962,-0.00801401355208796,0.0,0.0,1.1795958280563354,0.0,0,,2.7700152956808526,1.7947039447330162,0.7202908448829713,0.0,0.02312297780387626,0.4567718292298441
747600,623,5585.649520672205,1200,1.3457954582230678,0.08354685902018652,-0.07483937016541614,0.08673327416181564,-0.08033005148172379,-2.181105375289917,0.0,0,,-8.582908109808317,1.6980409718065224,0.8024385610062184,0.08717319121842992,0.1889430668887693,0.6202008809623581
748800,624,6836.837972230855,1200,0.8915764298528114,-0.02767831369266099,-0.0689501698030859,-0.02555093728005886,-0.06333044916391373,-1.9922161102294922,0.0,0,,-0.7747779582452229,-1.0015334545953876,0.9561035137660044,0.0093914879357536,0.13954787934713336,0.6431292186235696
750000,625,6874.16119174824,1200,0.8386400369676141,-0.04417495978865766,-0.054155488584245716,-0.039432525634765625,-0.0487847737967968,-1.6085995435714722,0.0,0,,0.005865450851053498,0.5879080928251169,0.9590876139329132,0.006315738063485411,0.10508782517254334,0.649985805882968
751200,626,6872.300104697337,1200,0.7541958623191701,-0.057559787158441546,-0.025311593526650075,-0.05090998113155365,-0.02054612897336483,0.8773982524871826,0.0,0,,-1.1354524728663329,-0.23169092310175152,0.9543059998758004,0.006681127790602289,0.07954241738586845,0.48523398205866375
752400,627,6731.515507750811,1200,1.1608136910607991,0.07890569740430617,-0.05596081854147157,0.07725860178470612,-0.0552799217402935,1.9351160526275635,0.0,0,,0.8030650525635346,0.02288233839458916,0.9394648979945766,0.02581781453490835,0.1254963044757478,0.6588393603099332
753600,628,6791.501092301944,1200,1.197152896522893,-0.09318399834260696,-0.03569606518035428,-0.08548977971076965,-0.030600013211369514,2.701251268386841,0.0,0,,0.6133124277900799,-0.6877097300385536,0.9506157769948894,0.00250570537028026,0.15372583046603702,0.6020784029660816
754800,629,6890.771323746959,1200,0.7752920117449152,-0.05646840065803226,-0.03139437701909792,-0.05097799003124237,-0.027961544692516327,0.8940313458442688,0.0,0,,-0.015644788126330713,-0.6364068110629375,0.9582422547638056,0.008381832841200773,0.08836218536358548,0.6025378221603193
756000,630,6864.989470552874,1200,0.9663957260196162,-0.010417540230655368,-0.0798565408017163,-0.009120025672018528,-0.07113884389400482,1.3402304649353027,0.0,0,,0.13425547446588304,0.8535045189877584,0.9469457746677588,0.006577972945368682,0.08513130379687935,0.5919668294784197
757200,631,5333.779368686314,1200,0.0,-0.0010324465078600754,-0.0010388983031139711,0.0,0.0,-0.5094358921051025,0.0,0,,0.8578889872594034,-0.2887365021354925,0.7483268246176321,0.0,0.06107435610025556,0.30883561560297595
758400,632,5611.872422836073,1200,0.856080801571942,0.020350922096905918,0.06917104509396427,0.03281593695282936,0.07123234868049622,-0.8160070180892944,0.0,0,,4.272261559996342,0.7217928899881053,0.7566617146171007,0.14800858545367646,0.13785097411311406,0.4457436990397607
759600,633,6813.809376649621,1200,1.2881192308904725,-0.1061546105270448,-0.015954620943023953,-0.09711271524429321,-0.013782855123281479,2.663581609725952,0.0,0,,-1.0087728061230266,-0.422406533924149,0.942191334055445,0.004446022611114863,0.13443221822641527,0.5889171028620341
760800,634,6866.937743372609,1200,0.61323453486457,-0.03981612922301495,0.032220442784819954,-0.0325157456099987,0.03016805090010166,-2.8387222290039062,0.0,0,,-0.36496322815722637,-0.2719661642899636,0.9499573204204529,0.010789822903140435,0.05562776300894816,0.3867689618412977
762000,635,6757.653542567798,1200,0.887886952410617,-0.009142590669502354,-0.07343505827858585,-0.00709092803299427,-0.06645574420690536,0.8083240985870361,0.0,0,,-1.1412164682006238,-0.42352475158977454,0.9438001134482206,0.011645847475478388,0.12297199862125507,0.580211269201777
763200,636,6889.2241407367865,1200,0.7626578265230386,-0.03686660163145999,0.05180120662494442,-0.031697988510131836,0.047344714403152466,-0.2926279902458191,0.0,0,,-1.0481086737587149,0.2889485776809468,0.9566663804522989,0.009005745220962794,0.08733969776829224,0.5657733853021822
764400,637,6294.188969841549,1200,1.3390456058290015,0.1108086606349045,0.013580191353881894,0.10955526679754257,0.016787772998213768,0.3701484501361847,0.0,0,,0.42884387462366824,0.10643248097151294,0.8525878801774035,0.05446794709888518,0.19963360249583095,0.6591652701206849
765600,638,6821.563582701097,1200,1.0768517714597798,-0.06186211635575967,-0.06502742773545178,-0.05465910956263542,-0.05958046764135361,-1.9167094230651855,0.0,0,,-0.12076352501531326,0.07735728113504318,0.9411141364200343,0.008191858215773305,0.13623644579632202,0.6945753748401458
766800,639,6187.052641867586,1200,1.1059390850484203,0.07021679305585832,-0.05992607512553756,0.07747525721788406,-0.058819931000471115,-2.3323686122894287,0.0,0,,1.118365713945043,-0.33623489972879683,0.8347992202265708,0.08987245059803761,0.11721843727718391,0.5854176972249602
768000,640,6849.507235436881,1200,0.6586761333555071,-0.0498939353930184,0.023225533648242584,-0.043283745646476746,0.024114999920129776,-2.6457409858703613,0.0,0,,0.7674959879313471,0.9724973898232631,0.9511471872336298,0.012702192166741134,0.062168284958341896,0.3779912216816353
769200,641,6878.009717157423,1200,0.778087208688918,-0.04797978414117669,-0.04370567512843038,-0.04086637496948242,-0.040609944611787796,0.6086553335189819,0.0,0,,-0.5806839734821158,-0.2770536226515467,0.9517903736517087,0.00778009198267447,0.07781513563245747,0.5103761134445503
770400,642,6843.589326904561,1200,0.7298911217057833,0.026090592753056897,-0.05502735750594508,0.02597232535481453,-0.04841237515211105,-0.6564688086509705,0.0,0,,1.2009226799183974,-0.4118624072159789,0.9504877205108153,0.013073763470017657,0.07611039572663587,0.5474242949524768
771600,643,6800.841830796861,1200,1.1676791996139677,-0.08061342673586866,0.0546005554096673,-0.07332253456115723,0.0534236766397953,-2.6055970191955566,0.0,0,,1.2181093585352567,0.9696054357936551,0.944058806068295,0.010111830446782637,0.11547372618227311,0.5655775272654477
772800,644,6691.15629140277,1200,1.4055191183064941,0.09662852808553804,-0.06621535168622747,0.09477134048938751,-0.06699030101299286,-1.102009654045105,0.0,0,,-1.123374301358423,-0.8059957668089012,0.9416356617433495,0.023532409581568554,0.1672347217802539,0.6540086445303122
774000,645,6478.511635325758,1200,1.527096678837012,-0.005677990249738012,-0.12713856621412142,-0.006540132686495781,-0.11815933138132095,2.2728466987609863,0.0,0,,-2.3507204267591972,0.15570180694114782,0.8830192606182823,0.01893735400344977,0.14411282291856756,0.5756833209311434
775200,646,6824.5863204369125,1200,1.1137568436798382,0.04560668417112899,-0.08093624257130203,0.04652305319905281,-0.07474946975708008,0.019990460947155952,0.0,0,,-0.8514518479055578,-0.1997131763734897,0.9503260267576146,0.011854469417055993,0.12715912819164504,0.6693163453966248
776400,647,5387.255819395694,1200,0.0,-0.0003374202185191075,-0.0017222101248626262,0.0,0.0,-0.6030359268188477,0.0,0,,-3.016319380674988,-0.32592564657944256,0.7843780900364581,0.0,0.04518407153121079,0.36094709661069513
777600,648,6886.1128928099615,1200,0.9716009319452665,0.08095504451637196,0.0019853701346940365,0.077471062541008,0.0005306543316692114,-1.7411463260650635,0.0,0,,1.0007639335843512,-0.6548014806744611,0.9570847232470476,0.01331883201598465,0.1290986000107044,0.6887991790688668
778800,649,6932.56248195201,1200,0.6207683023960608,-0.049161418345699134,-0.01630553295961242,-0.04128773882985115,-0.011446443386375904,0.20896655321121216,0.0,0,,-0.5821618325005624,-0.05271495586988841,0.9549406114522431,0.0022489632223117633,0.05018013250176299,0.406929860948309
780000,650,5799.16667428512,1200,0.0,-0.003942570713267138,-0.0005002857333936779,0.0,0.0,1.5199263095855713,0.0,0,,-0.24715943750662916,-1.145800984518541,0.8421019745424233,0.0,0.029509907130475237,0.23759638368410266
781200,651,6645.089109768355,1200,1.2495844214169844,-0.006436235158909462,-0.10394531407979433,-0.004553962964564562,-0.09799385070800781,2.5178415775299072,0.0,0,,-1.3969718222472982,0.1527893031366655,0.931414520804789,0.01450289160342304,0.1764807815740125,0.7271480183070356
782400,652,6898.828734789453,1200,0.9541474359002973,-0.07879697291906172,-0.010866404086455773,-0.07166967540979385,-0.007870900444686413,-2.099066734313965,0.0,0,,0.4886124375574851,-0.10007538989932796,0.9515864075389389,0.005655332555039261,0.051488813157731385,0.35668059226293997
783600,653,6046.761383981999,1200,0.0,-0.0028732369512712683,0.0003195222482136392,0.0,0.0,-0.5365051627159119,0.0,0,,-1.2997072140386152,0.0756154706522678,0.9056456428395052,0.0,0.018888645098001748,0.2316218943574206
784800,654,6777.501614291222,1200,1.026826461885501,-0.04399271436184648,0.0735002731050137,-0.03635749965906143,0.06764225661754608,1.900642991065979,0.0,0,,0.9630750568278101,0.681879392078293,0.9439117021381853,0.0064071095878590854,0.15268008183995227,0.7832730241031691
786000,655,6876.504024808984,1200,0.7376512307408067,0.05710474506135474,-0.02276155686355564,0.05441364273428917,-0.02107205241918564,-2.312596082687378,0.0,0,,0.40021286012427165,0.04314839793651525,0.9542963925374388,0.019719680183520095,0.07484484038116317,0.5900816635826907
787200,656,6894.3433069982075,1200,0.6348351735409188,0.05290468452656348,0.0010541712571291177,0.05088832974433899,0.0021103043109178543,-2.0385499000549316,0.0,0,,0.8436382867601913,0.26288406161335476,0.9563881377054042,0.024561005747123218,0.06071587726466742,0.5815486147738493
788400,657,6663.29890160169,1200,1.3162544709751929,-0.09525374534504896,-0.054425306051311594,-0.08858827501535416,-0.04850669950246811,2.028414726257324,0.0,0,,0.5147505299713965,-1.2355316280124526,0.9221458519969953,0.008210868392674183,0.13637705587482518,0.6076405159068676
789600,658,6323.495277322411,1200,1.4520069760244936,0.050761437226139086,-0.10985695936832189,0.04650847613811493,-0.1052624061703682,2.0891518592834473,0.0,0,,-1.6418115789169403,-1.1311815532036253,0.8887331733918088,0.025415280281819802,0.26760081591456686,0.7782868150708069
790800,659,6224.700523573347,1200,0.0,-0.001881653677251806,0.0014115248796070052,0.0,0.0,1.5954381227493286,0.0,0,,-0.1116312363441224,0.6380614057800907,0.8967893014600533,0.0,0.027638275210782593,0.37299076512437446
792000,660,6104.535931184673,1200,0.0,0.00047716071919840213,-0.00025691831663890376,0.0,0.0,1.384903907775879,0.0,0,,-0.266862064440562,0.05342460959448549,0.8942168622633003,0.0,0.025730321594701615,0.2604906580765814
793200,661,6913.833030022966,1200,0.8779106118463295,-0.0699406732433612,0.021692884381662267,-0.0631301999092102,0.022613685578107834,-0.3577759861946106,0.0,0,,0.6811473744703044,0.1372250298572754,0.9576320016387821,0.0075898418979230605,0.07946276316026506,0.4824355077331005
794400,662,6704.017263580987,1200,1.3952484819329762,0.11158118279025454,0.03277689145339712,0.10836248844861984,0.029406357556581497,-1.83056640625,0.0,0,,-0.21499940471889945,0.91643019826145,0.9437801388543746,0.011855438630663089,0.18778509745626504,0.7639950835792378
795600,663,6912.588856212852,1200,1.1592778774434644,-0.080480209067765,0.0534402626125946,-0.07438207417726517,0.04976288974285126,2.6887903213500977,0.0,0,,0.10997912331792835,1.080658675477027,0.9581850296847191,0.0058768584194900724,0.12144701840256064,0.5329888782245443
796800,664,6860.442445019831,1200,0.5998718979877692,0.00752093155583952,-0.04951917848182954,0.009517070837318897,-0.04395908862352371,3.0604465007781982,0.0,0,,0.5770936051773154,0.4730759487024647,0.9580190171227535,0.015318188716236815,0.06652355188532975,0.6885664611469651
798000,665,6956.621487164713,1200,0.9689702766451205,0.07966114626624433,-0.013215107481526215,0.0751839205622673,-0.01305883377790451,-2.453451633453369,0.0,0,,0.40869987196839924,0.7632914487426921,0.9657053507234727,0.009127876553339838,0.07210416864750695,0.7165964434288286
799200,666,3790.719751353254,1200,0.4908775691396078,-0.04092871581280495,-0.0032077755326462413,-0.07900383323431015,0.0005257280427031219,-2.3764142990112305,0.0,0,,-1.359959710685995,-2.938335340513752,0.44149683044408583,0.46364524829127274,0.05036935592186359,0.3771883959866086
800400,667,6305.336868369114,1200,0.8752621840198668,-0.030554545997390894,0.06623067378468123,-0.02999022975564003,0.0655628889799118,2.5082695484161377,0.0,0,,-1.6048243238828481,0.07471978077205269,0.8546567913530689,0.08788329469907075,0.09997755952017863,0.6479284296422768
801600,668,4049.557796271689,1200,1.2810436263806446,-0.09532502342067257,-0.04819305774635738,-0.12733857333660126,-0.06989166885614395,-0.27411577105522156,0.0,0,,3.6536691242447104,0.6800702864277713,0.4904365882558224,0.28527524046609454,0.18533582969043744,0.6116894413394333
802800,669,6288.22865914579,1200,0.0,-0.0003280098029700271,0.0001599733455946246,0.0,0.0,2.6666054725646973,0.0,0,,2.175050769950012,0.2502875557635909,0.9187390997375472,0.0,0.016132708688883876,0.2111425647580902
804000,670,3257.8795842954873,1200,1.2332681082200359,0.10069870032422575,0.022401105982987644,0.1501862108707428,0.04738789051771164,0.42071443796157837,0.0,0,,5.798176580164047,-0.9714462984912646,0.37269478267218764,0.35465420185310725,0.30660893711086573,0.8376505263215025
805200,671,5734.147585219102,1200,0.0,-0.00609711700447758,-0.00023422693702775056,0.0,0.0,-2.514786720275879,0.0,0,,1.834471371607264,0.2321606691101535,0.8334345330726456,0.0,0.030824344664854265,0.33564823873477884
806400,672,5955.409152072011,1200,0.0,0.0027468253778346243,-0.0027556315643360954,0.0,0.0,-0.48516109585762024,0.0,0,,0.9440213597826963,0.16888528982992018,0.835410412360012,0.0,0.026948575891816394,0.2306838360998997
807600,673,6882.9877894680985,1200,1.2102591534408806,0.10066574091479207,-0.006182912190404105,0.09611683338880539,-0.006210593041032553,-0.8134695887565613,0.0,0,,-0.4741528990620875,-0.7214598261442363,0.9558424837857571,0.01213060283729888,0.0924848912543958,0.6935492127055917
808800,674,6873.330342553942,1200,1.3108808253345794,-0.10883280190362207,0.009638087367896113,-0.1021638736128807,0.010954228229820728,-0.39312487840652466,0.0,0,,0.03458444240338863,0.22006122132852923,0.9592451437128108,0.005834271017114213,0.08490489521723432,0.5416928208297684
810000,675,5765.402769308393,1200,0.0,-0.004331359317243317,0.0003559923855275789,0.0,0.0,-2.6659903526306152,0.0,0,,-1.1759790962640995,-0.08068344543303049,0.8222437914783773,0.0,0.026857672944456665,0.2439922519371592
811200,676,5189.449685010412,1200,1.0704528643462299,-0.029642976985216462,0.08414668682301056,-0.03147762641310692,0.09401943534612656,-1.9559361934661865,0.0,0,,-6.824319863319381,0.976483994084069,0.7411402479091609,0.15714599815659303,0.20425376032264883,0.7740013570862714
812400,677,3356.8724474544642,1200,1.1014083554408949,-0.07640004483777689,-0.050969331175675224,-0.13463984429836273,-0.09686871618032455,-0.3264954686164856,0.0,0,,-9.615547043716719,-2.3255782329800736,0.3646332906499595,0.4359589683589968,0.12173713686229871,0.350581942811361
813600,678,6267.41639328734,1200,1.1933941113944906,0.02538872733411259,0.09615760871463687,0.024418821558356285,0.09566320478916168,-2.219543933868408,0.0,0,,-0.2354586898405706,0.0766203040929815,0.8425273561362862,0.0624922230869907,0.1676805792717599,0.5139286490721497
814800,679,6814.080538291359,1200,1.0220248054851222,0.06729670728536527,0.052473428862910745,0.06658708304166794,0.04551135003566742,1.1001473665237427,0.0,0,,0.3863917358242063,1.1146375373334838,0.9449552829947501,0.01164036753876237,0.12352941613965804,0.7200422289900132
816000,680,6013.76448375265,1200,0.0,0.002332492683914504,0.0011587479434658726,0.0,0.0,3.096834897994995,0.0,0,,-2.1979623861032556,0.14368717645503964,0.8755597784209282,0.0,0.02329993209345927,0.2156484765276454
817200,681,6794.291002361704,1200,1.159070697321389,0.04565833189506464,-0.08521593271260604,0.04712584242224693,-0.0796104297041893,1.3719730377197266,0.0,0,,-0.9417375908091796,-0.2148972935007892,0.9424727702876566,0.013772823588957369,0.13909758022434365,0.7616893303401251
818400,682,5818.3047926861345,1200,0.0,-0.002954603368561376,0.0029914749974136946,0.0,0.0,2.452610492706299,0.0,0,,0.9813556282638252,0.34277694358474126,0.8663847930398119,0.0,0.01912505530972058,0.2955443614627553
819600,683,6726.68019044458,1200,1.0017026722528326,0.06709890958038542,0.04988889460145995,0.06709861755371094,0.044141579419374466,3.0591959953308105,0.0,0,,5.509606303890801,-0.8863303470948463,0.9480099206823127,0.015272152573253827,0.09892963881331814,0.7808939856926153
820800,684,6673.647319695879,1200,1.53922174494479,-0.010680795076430282,-0.12782667078137955,-0.009215693920850754,-0.12130303680896759,2.789299488067627,0.0,0,,0.17949156846708922,0.7644536570406737,0.9175444452996174,0.015144519325524772,0.2347468312103986,0.7711140990608294
822000,685,6297.073899980022,1200,1.5179605136883245,0.06360175202605532,0.10949543719645874,0.0660441517829895,0.10267128050327301,-2.431624174118042,0.0,0,,1.6694794647374582,-0.11390898814361096,0.8656364879877646,0.030699141756430237,0.1850423590159201,0.49564237668202166
823200,686,5426.89823531485,1200,0.0,0.007892518772346296,-0.004131979389231204,0.0,0.0,1.5428462028503418,0.0,0,,-2.237938577624393,0.259387871059313,0.7821563618839569,0.0,0.025317734698006255,0.18117351427325898
824400,687,6871.642436938799,1200,1.3241264392598753,0.11034387788105844,0.0017375292913820268,0.10581018775701523,-4.836179527956119e-07,-0.24856550991535187,0.0,0,,-0.3635249199454933,0.5307457259253452,0.9572509806564041,0.009479533160758682,0.1112096221700529,0.5145348795083564
825600,688,5710.547692869054,1200,1.5995179527451888,-0.05817190034561611,0.11993360333716327,-0.06477918475866318,0.13107794523239136,-2.0414116382598877,0.0,0,,-2.84438492746474,0.7255393245631673,0.7421135469854463,0.12400367810087869,0.311428776548635,0.7934449654652156
826800,689,6894.551925591517,1200,0.8202288082513994,0.025169991429221508,-0.06365573581891298,0.025461936369538307,-0.05547386035323143,0.014089684933423996,0.0,0,,-0.29537376091361717,0.7410372475133294,0.9514181308624008,0.007075234231621084,0.06363461076591864,0.6646601360783089
828000,690,5045.814221368111,1200,0.5495832459985129,0.0453954100453176,0.0062991928523654615,0.05928801745176315,0.010489880107343197,-1.7301701307296753,0.0,0,,1.5603187741539968,0.9189942344518879,0.6815884438661214,0.25750636860279796,0.08213442636191565,0.4366770730165733
829200,691,6904.299709490336,1200,0.9072486395157158,0.06606340402609898,-0.036777537393908474,0.06411918252706528,-0.03459911420941353,0.1940477341413498,0.0,0,,-0.6114018228384225,0.18539719576220196,0.9608863045711977,0.015217620707293395,0.05984806574720518,0.5332069866635265
830400,692,4799.770068964305,1200,1.795773007962148,-0.14949427344997596,0.006785297405383693,-0.17397800087928772,0.007478560786694288,-1.6092019081115723,0.0,0,,9.223940791400965,-0.5761525916221211,0.579482116611086,0.16604346156439695,0.26299080948889203,0.5936208571691372
831600,693,5624.05634144501,1200,0.0,0.005637468333886286,0.0010182645926550655,0.0,0.0,-0.8072079420089722,0.0,0,,1.7257436517017164,0.4084469617014337,0.8037014026943778,0.0,0.03599643065984171,0.3483770480579643
832800,694,6648.289978600407,1200,1.0706172285218525,-0.0827078118458846,0.0335100384301478,-0.07659808546304703,0.032956842333078384,-1.8922957181930542,0.0,0,,-2.8347773229491695,-0.4991729781568158,0.9340878103912814,0.014302955348277777,0.10785690836985493,0.6325751106052131
834000,695,6891.059079892419,1200,1.0303361202861838,0.0782264146052544,-0.03542041774030535,0.07491931319236755,-0.03534675016999245,1.4449093341827393,0.0,0,,-2.7272241444498255,-0.6033504222445764,0.9648291220180539,0.012853711404945112,0.10735581597688826,0.6971078309273607
835200,696,6354.2545192328025,1200,1.3003628458469136,0.031865363898852084,0.10357895701709306,0.029891589656472206,0.10098671913146973,0.47790923714637756,0.0,0,,-1.1027488944756776,0.46354953257814185,0.863950440941845,0.043869520685199045,0.20723832663391095,0.7020883188766184
836400,697,6511.34622726052,1200,1.726495671720532,0.12621489479166356,-0.0690828501159837,0.12472494691610336,-0.06641817092895508,0.4927370846271515,0.0,0,,6.955485960933975,1.8889743148491276,0.8854437615972015,0.03306064549420941,0.10739667494659874,0.5458322813689176
837600,698,6879.266201904413,1200,0.9586345286530852,-0.03381798119102738,0.07245136297197197,-0.027742406353354454,0.06651924550533295,-1.4753481149673462,0.0,0,,-1.9502931411682647,-0.6938949013888726,0.9534890666208882,0.006515094342085897,0.12912722437796945,0.6904125362041555
838800,699,4642.976184234259,1200,1.9129594883853716,-0.10563684087484498,-0.11944789659196661,-0.11945152282714844,-0.12877126038074493,-0.8584913015365601,0.0,0,,5.303857764463561,0.7012541853011274,0.5183300576523128,0.1648168530841244,0.1994991215563118,0.4422255536208187
840000,700,5674.729881920778,1200,1.7977390028264393,0.1028743053240357,0.10953804469210421,0.10829685628414154,0.09857744723558426,-1.1101527214050293,0.0,0,,5.300371565258933,1.312014989790825,0.777730926395618,0.04967583545858374,0.1821118920820794,0.5793263350993696
841200,701,6744.4615386382575,1200,1.169114625592687,-0.08436683913827123,-0.04873010642001156,-0.07797247916460037,-0.04427130147814751,-1.3975727558135986,0.0,0,,-0.9988771449053602,1.0355411667382082,0.9256323639131528,0.015108449673048646,0.14266046392480675,0.558092344223668
842400,702,6902.417079136249,1200,0.8290175041880703,-0.009545783686627651,0.06851586653583523,-0.005466953385621309,0.06296021491289139,-0.27523043751716614,0.0,0,,-0.6884721543669713,0.01103708537829547,0.9615537169852711,0.00821966875093131,0.12746888403089357,0.6899085678669564
843600,703,5455.849766281431,1200,0.0,0.008855169419849372,-0.0003184577026576581,0.0,0.0,1.7214778661727905,0.0,0,,0.2015869557693142,1.4677051325863546,0.7469316531388767,0.0,0.01631155721352648,0.516592898658827
844800,704,6955.668622548101,1200,0.9703363742059987,0.07954960576124606,0.014705032303885446,0.07655514031648636,0.011802916415035725,-2.137366533279419,0.0,0,,0.7057131662694773,0.35887822900600097,0.965890591388143,0.011099817446652059,0.1149111256559918,0.8548522412721915
846000,705,6645.534515992918,1200,1.6621046777650395,-0.13847128625704502,0.0035772178938401795,-0.12952332198619843,0.0018886257894337177,2.897503614425659,0.0,0,,1.427538248713547,0.13078425777188468,0.9164774637037596,0.007741011848224362,0.15296863569128244,0.47606236931435536
847200,706,6891.56575078329,1200,1.046173879597433,0.06371551756949283,-0.05956309946417959,0.06273949891328812,-0.05521123856306076,-0.18716207146644592,0.0,0,,0.01847050884637464,-0.18606765088943605,0.9577078623734294,0.01249989099910109,0.07875864761008078,0.5629681671202582
848400,707,5506.073575213209,1200,2.0273194002707884,0.031848678094317406,0.1659235027322302,0.033753056079149246,0.16643525660037994,1.3340702056884766,0.0,0,,7.672800591000744,0.45853349807614563,0.739459139420986,0.0635889452664547,0.360321197047028,0.712133416738952
849600,708,6720.938631861428,1200,1.5199693289602836,-0.09483059187792599,0.08402292916715724,-0.08666368573904037,0.08050736039876938,1.3173421621322632,0.0,0,,0.8291601093794775,-0.1127706859848325,0.9289512279934374,0.007503975577285509,0.21120122042630854,0.6953051573591814
850800,709,6826.930929130305,1200,0.7825482924782533,0.004125468839893784,-0.06508528945511793,0.004353067837655544,-0.05893164128065109,-0.00385053688660264,0.0,0,,-1.8985670379458486,0.10606533815960266,0.9477042079736518,0.015194699772476988,0.08085845978484589,0.514149589859274
801200,1,6825.084030782468,1200,0.0,0.0009521249760619353,-0.0002269464309191611,0.0,0.0,-1.8855323791503906,0.0,0,,-0.7908983587643191,0.23723331975347947,0.9473226215721599,0.0,0.002180824454371331,0.1332277591879026
802400,2,1533.5736845694873,1200,0.5673785574173159,-0.03983998334829304,-0.025529951930546937,-0.11599094420671463,-0.06805136054754257,-1.8701061010360718,0.0,0,,22.187385498102937,-4.783320715750135,0.20760090614653984,0.6153153096038896,0.08760628298542485,0.3664820936685665
803600,3,6771.219563512198,1200,1.299212184167166,-0.08974747729883459,-0.06055808204132119,-0.08171509951353073,-0.055134132504463196,-0.4077971875667572,0.0,0,,0.08588453029503439,0.128662529926562,0.9303623503212421,0.007154588154522955,0.12584930352126025,0.6198800616924917
804800,4,4820.8959817562445,1200,1.7594092111682995,0.1404401177612575,-0.042110608391135784,0.15599212050437927,-0.0464947409927845,1.8649567365646362,0.0,0,,-7.406970295828581,2.040222010871705,0.6388905383156156,0.15417106483550883,0.20240347101619044,0.7195542760809646
806000,5,5974.008409563766,1200,1.1655560202069382,0.03145736243364641,0.09218297473810136,0.03902262821793556,0.09134412556886673,-0.7220039963722229,0.0,0,,6.395411817417317,1.1281292570684585,0.8489439575749338,0.07020145015727129,0.24715204547396885,0.7714402910102025
807200,6,4508.091636214735,1200,1.6066289519141104,-0.03881212298161278,0.1288694751932176,-0.03249246999621391,0.16859570145606995,-1.4417715072631836,0.0,0,,2.286973392322756,0.10711737268486335,0.4851016738014395,0.23472660331382247,0.1679038852132501,0.6239876725787787
808400,7,2891.48776642755,1200,1.2094580224891036,0.06935508064410655,0.07409348258331236,0.13560625910758972,0.11441656202077866,-2.3566739559173584,0.0,0,,-7.059721708722806,0.8416330003155182,0.21427440745026075,0.4263614155880017,0.21351393199928784,0.6677375499767212
809600,8,6820.495673056658,1200,0.0,-8.27082886643755e-05,-0.00044205613253533104,0.0,0.0,2.4278409481048584,0.0,0,,-0.527379943763253,-0.18626329784731271,0.9166124636697648,0.0,0.0033066886692965556,0.12918389132366145
810800,9,4361.62753198458,1200,0.9579640040830689,-0.01977863529718526,0.07805471821879609,-0.013164401054382324,0.11196316033601761,2.1588294506073,0.0,0,,0.47532665534132046,-2.620293923409121,0.49312181912644537,0.31956919029398295,0.14566894089056875,0.42118920307425023
812000,10,2639.2370748373323,1200,0.5859803277681725,0.0038823759643215948,0.04996207519362739,-0.021193061023950577,0.14114131033420563,-2.6086573600769043,0.0,0,,-2.5983751518699627,0.8269802641446349,0.19318455262007825,0.6095622486619674,0.1074565938728676,0.27466708903226034
813200,11,5458.965571296923,1200,0.7505885958113212,-0.0428882107484847,0.045558819440546676,-0.04942980408668518,0.04985753446817398,-1.6644339561462402,0.0,0,,3.0968995377841657,0.6155267262914218,0.7411201919602591,0.17986305130634783,0.08732937196415119,0.4012275462867013
814400,12,5113.556367909598,1200,0.0,-0.001662817980900843,-0.00016123251393411532,0.0,0.0,2.704186201095581,0.0,0,,3.0528490367150325,-0.29387345986462454,0.7177918218347729,0.0,0.038385229279706966,0.3212037933546116
815600,13,2255.3312443855384,1200,0.5938766282446365,-0.00557412932375195,-0.04963120591518118,0.0037666468415409327,-0.1635621339082718,0.7652419209480286,0.0,0,,-1.1814075364726695,1.5624701153397758,0.09633487464210307,0.6545113660089419,0.12545165194114635,0.500152306856807
816800,14,5897.136505458206,1200,0.6611879923593481,-0.0009736064017858942,0.05509091795287393,-0.0013840580359101295,0.06284494698047638,-0.20332226157188416,0.0,0,,2.3909537402752874,-1.1752072597465997,0.7861564721059286,0.15723925105633846,0.08182034714576993,0.2799692449221967
818000,15,3773.0139962038925,1200,0.7767666466387655,0.06300840635219039,0.015173515189221304,0.11179761588573456,0.02114143595099449,2.353524923324585,0.0,0,,0.6711339728074428,1.3543635816122,0.4260854660388972,0.42075122651727065,0.09092517692252444,0.305842159954238
819200,16,4776.394047557744,1200,1.2264281138921065,0.04075731219056116,0.09518094413319377,0.06381099671125412,0.10054405778646469,2.82781720161438,0.0,0,,4.247565457230949,1.0788830583697588,0.554497584609138,0.20156291465032203,0.12321250618790323,0.2807881546189157
820400,17,6126.736961131218,1200,1.2996454800416992,0.1072006364643119,-0.018840717951814575,0.10829469561576843,-0.03039379231631756,0.8306528329849243,0.0,0,,0.6229921029514619,0.7111871597949739,0.8099301806679812,0.07718354741074246,0.09442045395890147,0.3808594045940014
821600,18,4726.114813425208,1200,0.0,-0.005379063341175483,0.006702173884833288,0.0,0.0,2.018352508544922,0.0,0,,-0.6665304408938112,-0.4865961999458389,0.6198880988946642,0.0,0.029482533419383436,0.21939339820710066
822800,19,5602.597422553452,1200,0.9130794344038297,0.07451526929047984,0.016609520288315166,0.08438398689031601,0.011695208959281445,-2.974599599838257,0.0,0,,0.32661795885587747,1.1663058437429257,0.7435526900648728,0.1435963322633324,0.06254003505140103,0.31917607582865093
824000,20,4935.799292749015,1200,1.235327281196937,0.07933012878817142,-0.06817267358340155,0.07988986372947693,-0.0982266515493393,-0.03975951671600342,0.0,0,,-2.5621103202465396,-1.1051867366642285,0.5673650538150821,0.20219393026722027,0.1644419153032529,0.6156895953627818
825200,21,4081.3931788051623,1200,1.4986625847083659,0.10139377734266579,0.07316607955080386,0.1388671100139618,0.11084073781967163,2.9127585887908936,0.0,0,,-1.5743402654468441,-0.6256886763285864,0.41829104346675,0.30456294879374446,0.2598817573441295,0.7137899569022828
826400,22,5040.194538448763,1200,1.514721979032948,-0.06236702000385239,0.10975732533707867,-0.06843351572751999,0.12444457411766052,-0.6457021832466125,0.0,0,,-3.5924186730278054,-0.4947399841382026,0.587163636962027,0.16639322994960146,0.12860401059078838,0.29922664128278054
827600,23,6374.148363637898,1200,1.3728876484057635,0.11433855734811636,0.004279645337959946,0.11738574504852295,0.0060480800457298756,0.9625329971313477,0.0,0,,1.8405034651205614,0.7307102151397219,0.8636021459049609,0.05570346927978356,0.09954563387405858,0.47331589988345873
828800,24,2792.324426383362,1200,0.9799445368905625,-0.029911035441206237,0.07619784775305587,-0.04644229635596275,0.09780482202768326,-1.4235831499099731,0.0,0,,-16.61471569699379,-0.8956457261385458,0.3372112653807494,0.3200052884345686,0.11766274632706046,0.37522915485856045
830000,25,5146.219749639434,1200,0.8020273039171391,0.022087058019676784,-0.06408186320189611,0.013209427706897259,-0.07949329912662506,2.0993435382843018,0.0,0,,-1.145720015438338,-0.5790441416734718,0.648168143226236,0.21696306760537393,0.11753626545246966,0.5438968381134591
831200,26,4300.956966455025,1200,0.0,-0.007109860623783298,-0.004603367132045363,0.0,0.0,-2.920947313308716,0.0,0,,0.0585164668136299,-0.22082040030391153,0.5225044138145997,0.0,0.043498437223239594,0.2782756623223589
832400,27,1117.785278814316,1200,0.34305061649165747,-0.03316273381346448,0.00921132263445642,-0.16411031782627106,-0.05432852730154991,-2.9879634380340576,0.0,0,,11.339888932335812,-0.6598662647615967,0.04644923497615772,0.7554105376825255,0.0797912755968002,0.2655817069440443
833600,28,5729.1715223852925,1200,0.999691048446929,0.07210509567759692,0.042567715112478526,0.08021722733974457,0.0370318777859211,2.149290084838867,0.0,0,,3.776652290995016,0.25734758151275056,0.7840487883806067,0.1037780938115404,0.11104674669955251,0.4740467790373367
834800,29,4831.31229722615,1200,1.3544325210948527,-0.1122048526397947,0.01861584676619671,-0.12561370432376862,0.005115200765430927,-1.6921929121017456,0.0,0,,11.948803302084142,-0.5230214503423404,0.6114681457531407,0.15717613460674526,0.11392717685049618,0.38797421580562075
836000,30,6315.5436347571,1200,0.6581185952130386,0.029072673367522846,-0.046741905941883426,0.033527739346027374,-0.044823165982961655,-1.8674226999282837,0.0,0,,-0.15563473422902901,-0.18413352248511922,0.8419130657811039,0.09579028104377718,0.055147587226633446,0.29888365199908373
837200,31,5131.996566240926,1200,0.0,-0.0012888959132060956,0.0038309724080476215,0.0,0.0,2.2591891288757324,0.0,0,,1.4034636481491252,0.01932817364240113,0.707032230968315,0.0,0.027563491696265013,0.23954704248536757
838400,32,6248.264806279415,1200,0.5941252012916145,0.04694310188521542,-0.015789020792555706,0.049807097762823105,-0.01531994715332985,1.806765079498291,0.0,0,,0.8366314249689083,-0.25227014522224545,0.846120837818589,0.10916554057439284,0.06097178865790485,0.33564479277926523
839600,33,5998.574089487751,1200,1.0503349036947593,-0.08371395495929242,-0.025961134730916904,-0.0818009302020073,-0.020762138068675995,1.3420042991638184,0.0,0,,0.7499223986932043,1.1921042370691137,0.7912529379736981,0.08006031538516781,0.10329748586180995,0.35580816518916397
840800,34,4345.478841391776,1200,1.8573487901739363,-0.09175647247186512,0.1252421624789255,-0.09244723618030548,0.1495145857334137,-1.5244747400283813,0.0,0,,-1.9746999379728876,-1.0045333621062018,0.4689990109335193,0.19069656414146013,0.1457227329004724,0.32922116190586304
842000,35,4879.868424923944,1200,0.0,0.0014873789841048032,-0.005698289231258195,0.0,0.0,-2.284122943878174,0.0,0,,-2.6853751237526784,-0.4717534850402707,0.69158623599773,0.0,0.0490659141082919,0.2694932356426059
801200,1,7091.28564524669,1200,0.0,0.0011906840756083872,0.0004137549422298806,0.0,0.0,-1.8855323791503906,0.0,0,,-0.6422432443488357,0.03427586973094193,0.973082390047602,0.0,0.0019221460461302702,0.13853629649671564
802400,2,1684.682239437309,1200,0.5637339158151254,-0.044070291690561245,-0.017719354967136426,-0.11599094420671463,-0.06805136054754257,-1.8701061010360718,0.0,0,,18.771439845835243,-4.045452280389338,0.2577684264136199,0.5633290545901953,0.09779746964511009,0.47672084188363406
803600,3,5991.355310226009,1200,1.2457521036656511,-0.08520323234370299,-0.0593279709866498,-0.08171509951353073,-0.055134132504463196,-0.4077971875667572,0.0,0,,1.5618049185487726,0.3367106950755892,0.8405074329081165,0.043475018043964114,0.12592253604677095,0.8246234917596066
804800,4,2801.9580034834626,1200,1.2437405144238218,0.09913993205774553,-0.030232384899303858,0.15599212050437927,-0.0464947409927845,1.8649567365646362,0.0,0,,-9.71813824724553,1.0973060172761882,0.3438693224218504,0.3906652364375077,0.14998205520724356,0.7079278401573704
806000,5,4047.9076663231954,1200,0.8361735751949579,0.013468674527911239,0.07001946512961883,0.03902262821793556,0.09134412556886673,-0.7220039963722229,0.0,0,,4.145414341796081,2.210527882724321,0.4877742462694943,0.32925476941975373,0.15731029444727826,0.6699852602393355
807200,6,3372.294623137494,1200,1.2285617938161324,-0.030719693295292613,0.09834371996786864,-0.03249246999621391,0.16859570145606995,-1.4417715072631836,0.0,0,,2.7340308207582695,1.3757797153219673,0.2930851847924118,0.40032198434357663,0.12621762625056868,0.5693992492918344
808400,7,1551.9439745848233,1200,0.6677482289028738,0.04257557343398735,0.035829707591091324,0.13560625910758972,0.11441656202077866,-2.3566739559173584,0.0,0,,2.299973761106231,0.4523539320576705,0.07246137920627388,0.666237489137728,0.14900789736527803,0.5845782010614494
809600,8,7333.49970717689,1200,0.0,0.0006560929604259271,-0.0005225916295546602,0.0,0.0,2.4278409481048584,0.0,0,,0.26781499662728375,-0.3589796414185235,0.9715857905415347,0.0,0.0021573738329158172,0.13283986576964465
810800,9,2823.0933698149056,1200,0.6790393796568405,-0.00803999291949863,0.056031089410678865,-0.013164401054382324,0.11196316033601761,2.1588294506073,0.0,0,,7.397189141613284,-2.671911226062039,0.29561017054038624,0.4862322575727818,0.1371868611656394,0.4380009372274254
812000,10,3679.4925834804167,1200,1.3393865662458064,-0.01697108070867699,0.11031851234155884,-0.021193061023950577,0.14114131033420563,-2.6086573600769043,0.0,0,,6.530147665279622,-0.11138910469299061,0.4057565611125795,0.2634655565984961,0.21909793823034712,0.5104879147983851
813200,11,5418.409444175548,1200,0.7213916196511678,-0.03823114758173176,0.04674976085535759,-0.04942980408668518,0.04985753446817398,-1.6644339561462402,0.0,0,,0.22525524649202286,-0.4548880837776946,0.7015371302823105,0.20450219390663257,0.10408640285665488,0.5704321798931192
814400,12,5702.020336918649,1200,0.0,1.5595807402951096e-05,-0.0013835665607879637,0.0,0.0,2.704186201095581,0.0,0,,0.6443656066142367,1.0155019783244974,0.7989369546235013,0.0,0.025150813508209257,0.2713780454523246
815600,13,2140.497349377212,1200,0.7714368348783237,-0.02464554853097609,-0.06487100555345153,0.0037666468415409327,-0.1635621339082718,0.7652419209480286,0.0,0,,4.681100116509201,-0.7441508055805459,0.12116481832077959,0.5657069008532346,0.16287574529906262,0.4664240351654149
816800,14,4659.463544591352,1200,0.4723758471581194,-0.006748411043640363,0.0392255764658956,-0.0013840580359101295,0.06284494698047638,-0.20332226157188416,0.0,0,,-2.5951753810965754,-0.7919609847562025,0.5593545787825615,0.3589202302351977,0.06045236535785069,0.3756220927865914
818000,15,2361.221050684323,1200,0.4433076766278519,0.03766499509430661,-0.00035933900106047665,0.11179761588573456,0.02114143595099449,2.353524923324585,0.0,0,,8.80626500696081,-0.3000524614281503,0.175421521038942,0.6271922610792593,0.07537654621222188,0.3966235662689188
819200,16,3361.7791576790937,1200,0.826690208003328,0.018266072920687295,0.0700012302092642,0.06381099671125412,0.10054405778646469,2.82781720161438,0.0,0,,6.60658261107663,2.595872741481971,0.33634259644843484,0.4152467079186764,0.11628942440688109,0.41790099956312426
820400,17,4187.76079903568,1200,0.8664408179349313,0.07045161943974633,-0.016181895095339384,0.10829469561576843,-0.03039379231631756,0.8306528329849243,0.0,0,,1.200696936252165,-0.5247579872235971,0.45931710141461274,0.35759782573145366,0.06679726611594546,0.3649810158681739
821600,18,5502.645153648793,1200,0.0,-8.094756184167283e-05,0.00146181649034753,0.0,0.0,2.018352508544922,0.0,0,,0.9725101313222448,-0.20403094277949693,0.7680771341234849,0.0,0.016347850113452755,0.22338730478989832
822800,19,4976.837381323405,1200,0.7803533153628581,0.06500056095341118,0.004693338234017183,0.08438398689031601,0.011695208959281445,-2.974599599838257,0.0,0,,1.737709308842412,-0.9436327713170208,0.610350513187662,0.2525248710518415,0.0769306150379042,0.4607939800507619
824000,20,2320.049660155248,1200,0.5829600422132668,0.03190316035046339,-0.03667154902562121,0.07988986372947693,-0.0982266515493393,-0.03975951671600342,0.0,0,,-0.11617575888977492,-0.11640335224108593,0.17650794907683337,0.5856005914397723,0.09542381006187695,0.5847926209133707
825200,21,1932.5337597447178,1200,1.0032811225060672,0.05868372631703407,0.060500376399238304,0.1388671100139618,0.11084073781967163,2.9127585887908936,0.0,0,,-7.001643977973829,-0.5069015597857861,0.12481504635908579,0.5290873240321253,0.10688849040393339,0.4323253395106743
826400,22,1617.8046473508202,1200,0.781934997580921,-0.018852869796392075,0.06399647139217211,-0.06843351572751999,0.12444457411766052,-0.6457021832466125,0.0,0,,-15.970178409208081,-2.6753329617060597,0.14347207931144618,0.5393101332911814,0.15667697242726875,0.49258938284811915
827600,23,4575.711350194726,1200,1.0987972761350848,0.09155297336997206,0.002618695315486078,0.11738574504852295,0.0060480800457298756,0.9625329971313477,0.0,0,,-3.5733304927371927,0.0991688851555236,0.552337373413229,0.24665998622444926,0.07440477551250635,0.3379503453022018
828800,24,2015.8075908444112,1200,0.5354142227480584,-0.019107770929375833,0.040319312480840405,-0.04644229635596275,0.09780482202768326,-1.4235831499099731,0.0,0,,-13.75785435366367,-2.5799556548016245,0.2620951182022943,0.5235421256241538,0.08899277345424145,0.36334775853017454
830000,25,3392.426808494195,1200,0.42072920458965674,0.005030560900481773,-0.03470560000317542,0.013209427706897259,-0.07949329912662506,2.0993435382843018,0.0,0,,-0.2186360488236899,-2.185954201463791,0.3434317075207851,0.5127022659393038,0.061867178122357425,0.32666568851687233
831200,26,4867.086410721987,1200,0.0,-0.003058289859796285,0.0005619601991501246,0.0,0.0,-2.920947313308716,0.0,0,,-1.4072851680004514,1.3395306991028624,0.5758185850562079,0.0,0.028492098846865172,0.20809648819260695
832400,27,1683.766717668287,1200,0.4828108428464164,-0.03657614353971761,-0.01753665638705242,-0.16411031782627106,-0.05432852730154991,-2.9879634380340576,0.0,0,,10.290971303505467,2.1774687907495416,0.04752187226112797,0.7131397645414298,0.11318863254539678,0.5034330551453573
833600,28,4619.494526651489,1200,0.7351478371358304,0.05263907036902345,0.03213767854948329,0.08021722733974457,0.0370318777859211,2.149290084838867,0.0,0,,1.4460102614670245,1.1888267953078306,0.5325357231863012,0.31496022340979646,0.049052751603992334,0.22549765418586687
834800,29,3396.354417359739,1200,0.8883601228867899,-0.07369064832965283,0.00984038115428412,-0.12561370432376862,0.005115200765430927,-1.6921929121017456,0.0,0,,-3.6280941731131495,1.8301004773648686,0.3014658186636452,0.40825806071764364,0.11740793926763914,0.5158016838533582
836000,30,4073.9478682445497,1200,0.3519074008749055,0.013951511155593479,-0.026186130790209986,0.033527739346027374,-0.044823165982961655,-1.8674226999282837,0.0,0,,2.1680771782298205,1.2168996235104876,0.4553880399647059,0.4471579727597946,0.05187930033505443,0.2675830121091873
837200,31,5317.875843726887,1200,0.0,0.0020124276328813977,-0.004338394365138268,0.0,0.0,2.2591891288757324,0.0,0,,0.018398581961280507,-0.7815890894303406,0.6590370183932066,0.0,0.022487720958631364,0.2209227211109831
838400,32,5292.230089930438,1200,0.6103628657082222,0.05237132944663086,-0.0027437890017296598,0.049807097762823105,-0.01531994715332985,1.806765079498291,0.0,0,,2.5731466783162507,-0.13296000721450088,0.653840594417064,0.18101466096755645,0.03660410111533199,0.251718772185978
839600,33,4171.575770777363,1200,0.7572455708508388,-0.0596534023122141,-0.02147754299653856,-0.0818009302020073,-0.020762138068675995,1.3420042991638184,0.0,0,,-4.561674426509317,-2.3846595691429493,0.4708356207635694,0.30648921997574236,0.10088965301917757,0.3835306640347096
840800,34,2001.148197764638,1200,1.1427458467992315,-0.04452136556802557,0.08443404041864376,-0.09244723618030548,0.1495145857334137,-1.5244747400283813,0.0,0,,-22.60376030090257,-1.1738936657754457,0.1779793988168018,0.4559435239461317,0.23378610308373804,0.6626517176186858
842000,35,5556.668387606241,1200,0.0,-0.0005979184415094742,-0.00023840751653658686,0.0,0.0,-2.284122943878174,0.0,0,,0.2743791054650006,0.8037743443360974,0.7201486625763415,0.0,0.01722672825619184,0.24559014132514928
843200,36,3888.3512178948204,1200,0.9149207187963232,0.05667703428932472,0.051881957563226215,0.08650781214237213,0.06134265288710594,-2.870314598083496,0.0,0,,14.937364619457393,0.21622471422889333,0.46504008330799107,0.30537393510484706,0.07288075660826476,0.33938284418552017
844400,37,4177.723609518084,1200,0.8001156457103356,0.0032041955579198696,-0.06666009015881602,0.000480755785247311,-0.08971118927001953,-0.14043691754341125,0.0,0,,-1.4434289021622904,1.7304109784423691,0.4703870167499907,0.31621837595919533,0.12271774600758625,0.5289426253122
845600,38,4137.312011161518,1200,1.254236263475582,0.09590089495036111,-0.041588092455039985,0.12586237490177155,-0.0524788573384285,1.2054105997085571,0.0,0,,-3.603535153985678,0.33233446237106923,0.46219479621777176,0.2732499945026212,0.09198489234464523,0.40397093920584215
846800,39,2282.2385847267224,1200,0.8240124679593387,-0.015768243778197057,0.06957281987564227,-0.08280232548713684,0.15253987908363342,-2.8215014934539795,0.0,0,,1.7586448393412046,-1.8339096119978566,0.11703610437550441,0.5848212960987141,0.11495901410603655,0.4084552855861005
848000,40,4972.280530098579,1200,0.0,0.00036969792837073906,-0.0006199781213847986,0.0,0.0,-1.4929572343826294,0.0,0,,-0.012486585432430754,-1.5805612486015717,0.6342859604230002,0.0,0.03907408073117663,0.2616603575551955
849200,41,4479.028410946277,1200,0.8261152473038854,-0.002417871008715472,-0.06881349829823369,-0.00477347057312727,-0.08738160878419876,2.029893636703491,0.0,0,,1.5008810383252065,-0.21726701410378418,0.5112277887932121,0.2788627046561095,0.08178113755692115,0.39872989742591336
850400,42,2860.6862942857138,1200,1.3248461879637592,-0.07649184202173191,0.07963989694632341,-0.12596090137958527,0.1261972188949585,0.5195092558860779,0.0,0,,4.851266795174493,-0.09746351513824435,0.22929780733680233,0.38998037886699544,0.14144659037180876,0.5009448751973563
851600,43,4331.8816272694685,1200,1.1887797142921501,0.09887191273567422,0.009040129539110776,0.13593268394470215,0.021611256524920464,-0.018687158823013306,0.0,0,,1.9960028629285302,-0.22240944753836273,0.47263220513558557,0.2722812132419646,0.057405194278430806,0.42634854194443683
852800,44,5003.825097133541,1200,0.0,-0.002595530735085429,0.005209897403960613,0.0,0.0,-2.890601634979248,0.0,0,,1.1477656261068674,-0.3945174380608493,0.6070074281961956,0.0,0.03505167677380897,0.2985554697523827
854000,45,4146.154625686858,1200,1.1540332933517727,-0.012041043944250835,-0.0955422008518438,-0.021361414343118668,-0.11939584463834763,-2.397127866744995,0.0,0,,0.21749755232040643,0.011203756033789827,0.45195950104170035,0.26828798566162493,0.1141607486027947,0.3958144026111698
855200,46,3395.0644856406493,1200,1.1967644111267235,-0.051377037969155534,-0.08573174779995167,-0.09326943755149841,-0.13463808596134186,-3.0713043212890625,0.0,0,,-0.7636797006612057,-3.83877922615352,0.2828148335631968,0.4065167409541814,0.11386072513407107,0.4539950102603775
856400,47,4193.9572117536845,1200,0.7491220810066275,0.009421602893008928,0.06207729077556088,0.02199508622288704,0.0833660364151001,-2.610783576965332,0.0,0,,-6.172449717299263,-0.9627102883112758,0.5142701461912642,0.3101984821864749,0.09335973813654608,0.4763684466694702
857600,48,5492.322110005262,1200,0.987738368438159,-0.012511610189059469,-0.08137842162180768,-0.014858053997159004,-0.08343634754419327,-0.3238462805747986,0.0,0,,-1.5790644166065373,0.5990740810312528,0.7099083108265649,0.13568538690193796,0.07595950227343434,0.4171659510925835
858800,49,5639.827896629515,1200,0.0,0.0038928262610162887,0.0006843217927688358,0.0,0.0,1.3909016847610474,0.0,0,,1.0242758936515766,-2.7348198997957516,0.7529887331677976,0.0,0.016047162993477578,0.20693151839332505
860000,50,3726.4368053240532,1200,0.7371009837816191,-0.061720006936023024,0.01227987435604694,-0.10414464771747589,-0.002366733504459262,-0.703380286693573,0.0,0,,-1.7852120006281234,1.0690273985208336,0.3785153627406174,0.41407401823217704,0.0904997311801771,0.44206540469331485
861200,51,5661.185795867731,1200,0.0,-0.0015118117835235436,0.0019974243861328234,0.0,0.0,-2.6432299613952637,0.0,0,,-1.0724483775888312,0.8482999287847229,0.7458936767816639,0.0,0.014116346346987899,0.21958374915796236
862400,52,5071.642055404815,1200,0.9471678405154113,-0.0772763379275085,-0.016469657587059358,-0.08458685874938965,-0.01405261643230915,-0.4144664406776428,0.0,0,,-1.4290521001361622,-0.6002083773861723,0.6229283970289516,0.1833439685335967,0.08443985319742262,0.334030925386436
863600,53,5363.934816402746,1200,0.6784952746349907,-0.038604080373690335,-0.04202547202567503,-0.04597558453679085,-0.038117121905088425,0.3077382743358612,0.0,0,,2.0767701521344284,-1.0178343006898378,0.6655811470907245,0.16872107009991916,0.07334689183465287,0.3266352675598248
864800,54,2691.739538206025,1200,0.8963086253948004,-0.07509216387463002,0.007892467637263369,-0.15250669419765472,-0.0064390734769403934,0.3722299039363861,0.0,0,,0.35972155859463295,-2.1064127000311426,0.1622257950754819,0.5076864106657575,0.08885892469220219,0.34148404316296305
866000,55,5654.366774518404,1200,0.7567312248573356,-0.03135384618781554,-0.054996104135519606,-0.036527492105960846,-0.052693795412778854,0.68756502866745,0.0,0,,0.09549848242361195,-0.9511497304127338,0.7389582529072077,0.12591953773913234,0.07643408042491164,0.4296509273772094
867200,56,4331.915103076422,1200,0.8967169608694623,-0.0255227377155365,0.07023307777024365,-0.031925760209560394,0.08697487413883209,1.8348361253738403,0.0,0,,-0.20542544553576486,-0.3200821211333836,0.5377699347606082,0.2621789886033407,0.11470272637961365,0.3872825295276545
868400,57,4915.00592054961,1200,0.0,-0.006412540843969696,-0.0025329961455633964,0.0,0.0,-0.9422062039375305,0.0,0,,6.342528887002698,-0.988589951409415,0.660903961389772,0.0,0.027387206395524295,0.26982436999931125
869600,58,4093.6187556835152,1200,1.4872102564399068,-0.10994019035411971,0.057956627607362844,-0.14142698049545288,0.06153541058301926,1.068726897239685,0.0,0,,-1.26619097371615,-0.3068260053488766,0.42152664511275667,0.24701047864302708,0.11318157819806646,0.4005781604146304
870800,59,2619.4998276657266,1200,1.0763046460292853,-0.008808001591651583,-0.08937760933744084,-0.025530751794576645,-0.1693740040063858,1.1352696418762207,0.0,0,,-3.7981944939605756,-1.1401428062518544,0.1982246084267074,0.4725832949850734,0.1612580385946191,0.5685194214775091
872000,60,4276.921000731881,1200,1.3539354325853596,-0.014680845594959002,-0.11197938574792252,-0.012211911380290985,-0.14118124544620514,-2.8906302452087402,0.0,0,,0.6705754792751061,-1.4635984000818758,0.4906177341095606,0.24003234258964729,0.183372453456957,0.6910631243057034
873200,61,2788.427739518791,1200,1.0443594327289065,0.06310623965315512,-0.06007033352175482,0.12282083183526993,-0.10641094297170639,1.2872579097747803,0.0,0,,4.174358438493647,0.9458937444504628,0.2293995241967851,0.45021204249758995,0.11026175570468015,0.4547551148599507
874400,62,5062.614953072362,1200,0.0,-0.004238205718548373,-0.0010952008469762708,0.0,0.0,-2.147794723510742,0.0,0,,2.7311928924315216,1.291502839913437,0.6271128574671402,0.0,0.010912023380486443,0.3228102556124482
875600,63,5001.127381631944,1200,1.0641948137041493,-0.04415598235265165,0.07716065637485842,-0.04313390702009201,0.08938644081354141,-0.1254689246416092,0.0,0,,6.462025480390915,-1.2230601255861977,0.6279846770901216,0.17579751273370994,0.14577532705189705,0.36321831392709103
876800,64,5333.2670504540765,1200,0.9899377189481051,-0.06680731238882155,0.04854934878087042,-0.07499483227729797,0.04931962490081787,-1.9700595140457153,0.0,0,,-4.09357815214981,0.27345359563866123,0.6639215986994814,0.15845513592032648,0.06714719082330435,0.35516348366215406
878000,65,5145.718348946539,1200,1.2371750317898558,0.10157662550285444,-0.01902916378616016,0.11589609086513519,-0.030108818784356117,-0.3083488941192627,0.0,0,,-0.25467552131837257,1.1440187387459897,0.6275324977363068,0.18201885285559988,0.04345859756844442,0.22727448037001205
879200,66,4219.292118084425,1200,1.5011734419314406,-0.11083799293768405,-0.05855541104405867,-0.13728764653205872,-0.06163787469267845,-2.181438684463501,0.0,0,,0.26537975171621747,-1.4596580067014286,0.4101318260716253,0.23404373295325537,0.1270606026502766,0.5126871427927912
880400,67,3826.004454279909,1200,1.1069098963375203,0.023218392549356613,0.09017591727056687,0.04526304453611374,0.11037490516901016,3.105644464492798,0.0,0,,8.18399493619218,0.09069281228642845,0.45290428629786106,0.27242407943252916,0.12995900384624368,0.3992882449622207
881600,68,2914.060902444477,1200,1.3212977400969803,-0.013685212794527416,0.11062476405243646,0.005897661671042442,0.17714697122573853,-2.8151655197143555,0.0,0,,-0.8363149720538479,0.2339418262357536,0.18816599658939043,0.39161046521834375,0.16971641285465738,0.38918587250091247
882800,69,5289.619011612194,1200,0.0,-0.0072556715299163625,0.00011441816536335086,0.0,0.0,-3.1275484561920166,0.0,0,,-1.912733842067515,-0.502081017804918,0.675631426562965,0.0,0.026467643241374534,0.2447312882168879
884000,70,4311.60126360923,1200,1.148544993041594,0.09167630919245412,0.033070980506761986,0.11791006475687027,0.0186159610748291,2.9539549350738525,0.0,0,,-1.6848933596136453,1.1067427366571227,0.4962446251645767,0.23998160054169038,0.04746004773101293,0.2865802082214585
885200,71,6192.504315663217,1200,1.1421483658960623,-0.005719753174690755,0.0953475866731674,0.0020204177126288414,0.08252423256635666,-0.9078007936477661,0.0,0,,-1.434472430981474,-0.12543459787054143,0.8185656999920791,0.023102964769413082,0.0791589856633078,0.3714880623101488
886400,72,5064.0468918675615,1200,1.2318752579495713,-0.015312556537447418,-0.10175040299981652,-0.02517666667699814,-0.11383329331874847,2.973555088043213,0.0,0,,1.2887229526888269,-0.9429837361011216,0.5772233161145232,0.1823282364970395,0.08768586240317307,0.3424388790805169
887600,73,2738.3223883324117,1200,1.2733770417373027,0.03256848880294107,-0.10691087534345764,0.10361184924840927,-0.14669732749462128,1.0060487985610962,0.0,0,,-3.512963679791997,0.71085896560213,0.21631121114436175,0.4112822778333645,0.12795466691064442,0.36242418787675423
888800,74,5926.510004555545,1200,0.8823261705882287,-0.026071090467601324,-0.0687790888868931,-0.02117816172540188,-0.060822974890470505,0.8692156076431274,0.0,0,,0.4023053601115983,0.5832399365484874,0.787121282372506,0.06263902172466197,0.06425034733697825,0.31705189642789783
890000,75,4664.632830686702,1200,0.9462322735159225,-0.07861895967490541,-0.00627550663104197,-0.10511583089828491,-0.010547301732003689,1.9777917861938477,0.0,0,,-0.7301246300655537,0.4867376176694678,0.5561145800225648,0.25882462148812235,0.09318793800000544,0.37052645590629985
891200,76,5379.319956790416,1200,1.2630859558530916,-0.06214884892255089,-0.08495069249141707,-0.057293910533189774,-0.07858198881149292,0.850330114364624,0.0,0,,1.2061708983175274,0.26557702642207637,0.6795009705137335,0.08883522031331584,0.07957607954029221,0.3508646574301396
892400,77,5372.788570600608,1200,1.4420087076442158,-0.046706918883930755,0.11113186522448582,-0.037280358374118805,0.11311030387878418,0.8232741355895996,0.0,0,,-10.165181477684659,-1.593972034281152,0.6558653975231523,0.10244291390323026,0.09649133535048374,0.4273535568902736
893600,78,5322.591629747575,1200,1.2585426550634526,-0.007958598815750631,-0.1045944411507411,-0.009668653830885887,-0.10191149264574051,0.7240117788314819,0.0,0,,-7.882018306067242,0.6738468057099241,0.6865528442777783,0.09177521405997542,0.09804988010864812,0.4396438672492482
894800,79,3958.0803206917903,1200,1.867957900584179,-0.026050947999354934,-0.15346782629379016,-0.029690150171518326,-0.1754666566848755,2.6510097980499268,0.0,0,,7.18747176323268,1.3505603946218603,0.4113311059213923,0.1920037218442977,0.10759796444851015,0.47271124288231703
896000,80,1883.3785666297913,1200,0.9968321052536855,0.04121569971041367,0.07708411833542318,0.11529331654310226,0.11030380427837372,2.9944403171539307,0.0,0,,16.534887720887387,2.9393558788689833,0.18128848186678706,0.4682831556093121,0.16194662054073888,0.4451976001414776
897200,81,5604.380242284382,1200,0.8369145158973791,-0.06850410761986075,-0.014273128867599422,-0.07156336307525635,-0.008912191726267338,2.3898401260375977,0.0,0,,0.31725262565544,-0.1326214427600621,0.7262639753391773,0.1383454523722904,0.070294955155729,0.4513589137778906
898400,82,5373.519220461676,1200,1.4809003431180605,-0.1220461196241236,0.02187452535759085,-0.10949844121932983,0.030814964324235916,-1.922654390335083,0.0,0,,-2.791139981666032,-2.060849836724235,0.6281081846500709,0.07788521046168517,0.05114505639988555,0.3405291518350752
899600,83,5116.496088056044,1200,0.0,-0.00261455806166809,0.0005880896910639066,0.0,0.0,-2.228818893432617,0.0,0,,0.11597842619304742,0.2375094550903985,0.6490396001670891,0.0,0.03753860157896543,0.23798459133127844
900800,84,4309.03389602961,1200,1.0028646137303978,0.03616593690939403,-0.07548734341985756,0.039420682936906815,-0.09571368247270584,1.7536605596542358,0.0,0,,-1.9820766123038933,1.5779749977359891,0.5224005390812139,0.22831605380635225,0.08021215613391726,0.3778569613589071
902000,85,5247.160441775863,1200,0.0,-0.003953303414567363,-0.0015400597746758338,0.0,0.0,-3.1048359870910645,0.0,0,,-1.8987741644823812,1.8366944521567108,0.7123715860671628,0.0,0.034582354186553865,0.23322107727951688
903200,86,6076.079964407187,1200,1.0501183003450534,0.07995595096757681,-0.035630343020514724,0.07446847856044769,-0.035372309386730194,0.23365378379821777,0.0,0,,-2.4349810813894344,0.9867650597650759,0.8005423124776656,0.05225618788982335,0.04620026309111161,0.30378912254626894
904400,87,5103.0272613430525,1200,1.3424438939368428,0.03019533181019819,-0.10772110453521357,0.03429077938199043,-0.1190871149301529,3.0299456119537354,0.0,0,,3.2651816208709685,-0.2932313551968443,0.594258358228657,0.17105356615520254,0.055232056977953276,0.3338978588410125
905600,88,5301.43869538356,1200,1.3519459004162067,0.09024909417046663,0.06796927052728956,0.09076789021492004,0.05822397395968437,1.8659262657165527,0.0,0,,-0.3714914859185871,0.1349818111529126,0.6519880195738238,0.09987940411379995,0.05875463485808969,0.27990991329011755
906800,89,5755.701056897488,1200,0.0,-0.0015359835056278227,-0.0004838525365933954,0.0,0.0,2.537540912628174,0.0,0,,-0.3971268657064617,0.3838455514842143,0.8127207292948143,0.0,0.01866902887314489,0.22072440663259646
908000,90,5324.935336893641,1200,1.427641832344238,0.015938463172297312,0.11794995032761783,0.019793590530753136,0.11974263936281204,0.7307790517807007,0.0,0,,-2.6879245811515453,-1.578715001884301,0.6232788188315694,0.1192372005580748,0.1165336285931275,0.41839928037826585
909200,91,5951.718144212867,1200,0.9995645429755383,0.07562555267441713,0.034924904507823616,0.07766815274953842,0.03501364216208458,-1.0501291751861572,0.0,0,,0.2555958264152105,0.8399024102604822,0.8150808201793833,0.08700938579375407,0.06905455127872427,0.28943696613438274
910400,92,5553.484661854207,1200,1.5140905069080177,0.024781129970023047,-0.12401607869070444,0.034372422844171524,-0.12647105753421783,2.141171932220459,0.0,0,,3.109543547831521,-0.20809230116817135,0.6696761753642191,0.11332990425478413,0.04376342983026798,0.44849721583896485
911600,93,5884.800286440346,1200,0.0,-0.0014748133158842785,0.0010211804474603325,0.0,0.0,-0.015333125367760658,0.0,0,,-0.7724462958001221,-0.3197567543740482,0.8126532005737447,0.0,0.021425113749052455,0.21728557041179233
912800,94,5861.632594413056,1200,0.0,-0.00038106683490068483,0.00010275316274908181,0.0,0.0,2.377448797225952,0.0,0,,-0.7996101865993123,0.6351330973602164,0.825904019072645,0.0,0.02793156540307349,0.2864036181426923
914000,95,3165.102291781758,1200,1.6384592049710962,0.08311073006369439,-0.10990845631042373,0.12439421564340591,-0.12510046362876892,-2.539903163909912,0.0,0,,7.961470467513752,0.9204240669317666,0.34851871889522634,0.27512825154988324,0.13689035440183983,0.5591596422107541
915200,96,5953.60682546413,1200,0.0,-0.0006517195808353544,0.003463579714109414,0.0,0.0,1.4652677774429321,0.0,0,,-0.6571308685194966,-0.060659484284368535,0.7970571667521643,0.0,0.0189176057420033,0.21921438156522519
916400,97,5584.8831596431455,1200,1.2737606167224143,-0.01927818254908446,-0.10443402090144249,-0.022869259119033813,-0.1053515374660492,-2.938464403152466,0.0,0,,-1.2067401885596538,0.5155622793845394,0.6995444907093842,0.11611400287856874,0.13775566967079597,0.5320012268630397
917600,98,4998.155361577728,1200,1.306067067397919,0.10858225021202352,0.01034910532813721,0.12284194678068161,0.0036018737591803074,1.4272160530090332,0.0,0,,-2.238468941768843,-0.021331681042308703,0.6245923011009922,0.1670176767886732,0.06513685980358914,0.3047511855372656
918800,99,4860.137261635235,1200,1.8344679137821212,-0.13134714638233147,0.07835709379401612,-0.1314886212348938,0.07307465374469757,2.3438222408294678,0.0,0,,-8.068966451207523,-1.0007309079790636,0.5586898233765714,0.10951709491382976,0.12033819412488998,0.5306343759995965
920000,100,6065.542925371943,1200,0.8228725354717285,0.06464712063145693,-0.022934384098573745,0.06699266284704208,-0.021872250363230705,1.408957600593567,0.0,0,,0.26267882863528047,1.2317758606942701,0.817792161245626,0.09652382634035626,0.04525705160410341,0.28965353814869665
921200,101,5515.202457291012,1200,1.7402753645029327,0.14201352690585584,-0.029458971902723004,0.14493326842784882,-0.032160017639398575,-0.6187675595283508,0.0,0,,1.8580039504965304,1.2202698773089944,0.6954796055311686,0.09178458193890578,0.05015467641509469,0.27002324704833197
922400,102,3954.1304594101916,1200,1.5287572046602458,-0.12373529700136394,-0.030405987044228578,-0.15598295629024506,-0.03541203588247299,-2.063162326812744,0.0,0,,2.406047687969418,0.15778406136521125,0.4325581019134655,0.23277556748024017,0.12249804457400112,0.41357735078103963
923600,103,5870.588381362395,1200,0.0,0.0026833454702125835,-0.0005958434778845046,0.0,0.0,-3.0321078300476074,0.0,0,,0.624314133711686,0.032374543966679555,0.8339763354085018,0.0,0.017830047155656004,0.22305300396540229
924800,104,6314.1037127207455,1200,1.0916604244986579,0.09072649980080086,0.006754595048021754,0.09150692075490952,0.005766468588262796,2.409799575805664,0.0,0,,0.6995611763326249,0.5980697905854806,0.8371699931761638,0.06938889140841555,0.02942184413644647,0.27817313392922466
926000,105,6538.791432869944,1200,0.6557268449062843,0.04463841761641954,0.031519657696681996,0.042599812150001526,0.029675718396902084,-2.924372434616089,0.0,0,,-0.42111695132248983,1.3489373452869933,0.8751661155268903,0.06530782102887095,0.04375986093443154,0.29172356033846925
927200,106,5495.591454846142,1200,1.5215947418589115,0.12697685989145555,0.0013098354451284927,0.13619005680084229,-0.005932423286139965,-1.0867542028427124,0.0,0,,4.158405010388721,0.9134974110206664,0.7039205573321067,0.11786938958766484,0.03971288707282957,0.26676941772380397
928400,107,4292.659848878892,1200,1.178234674581619,-0.09402284280870365,-0.02835733587795863,-0.11295109242200851,-0.03160287067294121,-1.6752749681472778,0.0,0,,-10.316707555385902,-0.47635732072345505,0.539552051006528,0.22109000016553906,0.07827997670462214,0.2982049573263165
929600,108,4554.64900768835,1200,1.4734548219100783,0.10562885620385781,0.06328977471952224,0.1287516951560974,0.06448861956596375,1.828413724899292,0.0,0,,-1.267533084131995,-1.1597572210575489,0.5279671544176778,0.1811088540008186,0.10875082061604888,0.38740565094504226
930800,109,5199.904116550751,1200,1.7916827903697061,0.11965429451740528,-0.08950677222773878,0.11294564604759216,-0.09179286658763885,0.6141567826271057,0.0,0,,2.240505636919306,1.5850171684555354,0.6100851420264403,0.10393755350451869,0.05030296498237843,0.23944497067531018
932000,110,5316.607740350579,1200,0.0,-0.006890431979617297,-0.001480828663724048,0.0,0.0,-1.751617670059204,0.0,0,,-0.5635764447732661,0.6567417953725362,0.6813582659855738,0.0,0.031817375254341564,0.226816937664629
933200,111,5267.289234762988,1200,0.0,-0.0029513031657713578,-0.002296298734318708,0.0,0.0,1.1254024505615234,0.0,0,,-3.5594411948212876,-1.3773562911572348,0.7319064956835161,0.0,0.03471594691902532,0.2333540762820869
934400,112,6016.6256227705035,1200,1.1711022713336534,-0.08808556178290904,-0.042071880904026596,-0.08789927512407303,-0.039551056921482086,0.9392406344413757,0.0,0,,-0.695913525993535,-0.30968052057496015,0.7913235240191375,0.0874731867812259,0.09096732939551513,0.4378694151769782
935600,113,5908.732169404527,1200,0.0,-0.001619325961329804,0.00108555694862193,0.0,0.0,-0.11272098124027252,0.0,0,,2.0344893579978987,0.2578226503029925,0.8345112958366568,0.0,0.02339561886808436,0.20715307710930314
936800,114,5908.616256597537,1200,0.0,-0.002249532788364184,0.0012004856515365865,0.0,0.0,0.898996114730835,0.0,0,,0.2813466058105229,1.0864295105747883,0.8453307732887764,0.0,0.026587529273951548,0.31372137647548387
938000,115,5341.521179959362,1200,1.0090046823262642,-0.050857581806442856,0.06729411360524828,-0.04772495478391647,0.07484715431928635,-0.13154247403144836,0.0,0,,0.3608661672537746,0.05943078372319174,0.6525793300531004,0.1579693784181779,0.08666325546943776,0.3452398397620632
939200,116,5134.830604894233,1200,0.0,-0.002507312147732398,0.0005203146767615715,0.0,0.0,-1.9683592319488525,0.0,0,,7.67150330687617,-0.1630550179240215,0.7256513336653926,0.0,0.02720529150835577,0.240277567538399
940400,117,5867.109209229926,1200,1.083387407152688,0.09022261433086716,0.004814853523659271,0.09318224340677261,0.001333765801973641,-1.4808109998703003,0.0,0,,2.7798952758863105,0.32289075675833284,0.7955203751739865,0.09753662513664998,0.04990944399057769,0.2598284810684534
941600,118,6170.20706817102,1200,1.1116257876080786,-0.06564052884832472,-0.06541605274853012,-0.0641108825802803,-0.060441501438617706,1.0761866569519043,0.0,0,,0.14587647352996982,0.8630666528858387,0.8052919871349182,0.06646565329855479,0.11284335080462778,0.5116576946023993
942800,119,5822.731806347458,1200,0.0,0.0008699869519866573,0.001166869078323158,0.0,0.0,-1.295716643333435,0.0,0,,2.207012720731674,-0.8574724767768891,0.8241991747731667,0.0,0.030960599824021873,0.2603094031322804
944000,120,5155.211747614797,1200,1.516017921467134,0.08349408910266952,-0.09510395792283988,0.09665575623512268,-0.0978214219212532,2.913245677947998,0.0,0,,-1.8740990426968958,1.066164866328698,0.6481009526647319,0.1443911915603989,0.064097251540402,0.3353229908486644
945200,121,4275.432705203437,1200,1.6093128589749106,-0.07454893596839858,0.11155883978962544,-0.09729423373937607,0.13618125021457672,1.9870052337646484,0.0,0,,-6.304180908310787,-0.6898603171593288,0.44476898115910485,0.24433199716092996,0.1461314122959254,0.4558700774310113
946400,122,5311.976630369167,1200,1.5007448390088345,-0.1214193811312757,0.03182248239831265,-0.13373665511608124,0.023074133321642876,-1.0089209079742432,0.0,0,,-2.2340267370183127,-0.348834069221488,0.6066936826636585,0.13409552315107595,0.10933535231327411,0.49496395717478425
947600,123,5634.437449952398,1200,0.0,-0.0003748740369199353,9.978590635175791e-05,0.0,0.0,-1.4997327327728271,0.0,0,,2.5024358363834747,0.8890733028522142,0.784594329678695,0.0,0.024063430124854346,0.2664550674188058
948800,124,5203.774529535554,1200,1.2989311420352683,0.084106653886415,0.0685962671281225,0.0956336259841919,0.06701591610908508,-2.0694024562835693,0.0,0,,6.679531267513192,3.7641647830435314,0.6590632428605538,0.13665238645017821,0.06914619983455635,0.31441919181016087
950000,125,3253.3693579688224,1200,1.349281108244657,0.09806180533408809,0.05519555790804943,0.13553842902183533,0.08353123068809509,-1.682347059249878,0.0,0,,8.231200450129117,-0.10591202451321069,0.3872945086169668,0.31744022600150545,0.12277863547978936,0.3747571032840398
951200,126,5686.152743044021,1200,1.2647925358753307,-0.10501723493443021,0.009033410837068427,-0.10788556188344955,0.010407551191747189,1.6081022024154663,0.0,0,,2.0966934767593446,1.1941662687298513,0.744261288595667,0.10518991065395121,0.07759954583954712,0.5080276474151205
952400,127,5624.7673627456925,1200,0.0,0.0005365728537105286,-0.002267921651528241,0.0,0.0,0.6835168600082397,0.0,0,,1.59466597373036,0.4904383879767849,0.7781520340140619,0.0,0.034395130756853166,0.32876421829689884
953600,128,6318.355771411393,1200,1.0157310874980638,-0.08392904699499532,-0.010999879049570354,-0.07562469691038132,-0.01050940528512001,1.8954787254333496,0.0,0,,1.4608508247264422,-0.4817128698818362,0.8500594312815468,0.041653356216114275,0.06176075018125194,0.39664539458214193
954800,129,5681.9008260142655,1200,1.6883268467565158,-0.13730872141960251,0.030680019139320218,-0.13319391012191772,0.030175451189279556,1.1800791025161743,0.0,0,,-0.6051254971174512,-0.861071855028106,0.6566037446175556,0.07181061643285121,0.07311440424105232,0.36035760769649416
956000,130,6112.797604009313,1200,1.4959754669847845,-0.03810169741537322,-0.11890305452071147,-0.04000891000032425,-0.10443325340747833,-0.44863492250442505,0.0,0,,2.3521268014041916,-0.01948512060102554,0.7939567873027428,0.02986643640801138,0.057456090010669446,0.4593203131463408
957200,131,5746.872335233138,1200,0.6330057362675345,0.05182683503195674,0.010267307073818241,0.05608542263507843,0.014430556446313858,-2.0615646839141846,0.0,0,,-1.6607674290550232,0.8135049537532709,0.7603783964163985,0.16544443369267142,0.04633566457340313,0.2784955363712801
958400,132,5567.119883430845,1200,1.3934075877010323,-0.10100321501787377,0.05729358051311129,-0.10635040700435638,0.059136100113391876,1.836283564567566,0.0,0,,-1.7511522615165478,-0.5487552995966214,0.676737673960815,0.11282172574067305,0.0796562099003841,0.4137603001094831
959600,133,6037.904159920715,1200,0.7500700013967248,-0.03742863182193737,0.050532150049964655,-0.03409748896956444,0.05849142000079155,-0.6658368110656738,0.0,0,,-0.8870884704395274,-0.6539801767611,0.7946428364132508,0.12971906393177432,0.09060626219296321,0.487449393328439
960800,134,5039.424746423293,1200,1.4040369393295904,0.11506936995880632,0.021476560365436978,0.131283238530159,0.020423395559191704,-2.1562955379486084,0.0,0,,-2.1434212377216637,0.2521358684118705,0.62612040657468,0.1571053687955297,0.09621435932757254,0.4304477450648368
962000,135,5039.241808925148,1200,0.0,-0.001643452161898267,0.006092643240653276,0.0,0.0,-1.122041940689087,0.0,0,,-0.2729871715535602,0.03792339310705861,0.6388002864439302,0.0,0.023770387354180657,0.2997299472938996
963200,136,5373.825402653617,1200,0.0,0.004211490628475835,0.004064986224167698,0.0,0.0,-0.5024679899215698,0.0,0,,0.5552482830454216,-0.7538679467197098,0.715220965200552,0.0,0.03569521649155654,0.34856970541488014
964400,137,5179.12541443335,1200,0.0,-0.0034662618499730425,0.002035376097449695,0.0,0.0,1.8719195127487183,0.0,0,,-1.41766807811921,0.17174667630011745,0.6849763135647128,0.0,0.04013188146888548,0.30853230470383913
965600,138,4863.851520895842,1200,1.5673581132972105,-0.0581983823227777,-0.11694606493656617,-0.06651456654071808,-0.12890686094760895,2.870742082595825,0.0,0,,-0.4735172079133527,0.5626321297727608,0.5852619876265727,0.15461842184989735,0.18051658545837054,0.6247391388388656
966800,139,2777.776979672999,1200,0.9781009509794568,0.038811404118125115,-0.0721403476660153,0.08497116714715958,-0.1259181648492813,1.583280324935913,0.0,0,,-4.501085435086042,1.0743535975572893,0.2838164614958864,0.44281047166963683,0.12872055591574016,0.26811104275084463
968000,140,5711.282625094779,1200,1.1691899233637275,-0.08378103512634141,0.049749653680950336,-0.07815981656312943,0.04760788381099701,0.9459024667739868,0.0,0,,-2.148610510533681,-0.7532664988219755,0.6925541974286861,0.09249238275540117,0.055097959624952716,0.280059574113934
969200,141,5989.827027299355,1200,1.270992299634977,-0.08474279663814906,0.06386438524768502,-0.07739581912755966,0.06609199941158295,2.5674312114715576,0.0,0,,0.290863210822263,-0.7815471441521381,0.7610242098640686,0.07688691532601379,0.08484373169748968,0.4029873639356931
970400,142,6003.622144832891,1200,1.156979224055795,0.08959043513887299,0.03569942314532433,0.09409608691930771,0.03497551754117012,2.010432481765747,0.0,0,,-6.689843183195987,0.9678522475759523,0.7890911392338237,0.09248063052557867,0.055637443264071995,0.30845654738241646
971600,143,5466.218914852247,1200,1.5149225741615098,0.1067860808639183,0.06800134557458767,0.12182743847370148,0.06529878079891205,0.13889382779598236,0.0,0,,-5.603990003882493,2.612508502020962,0.6534597648523107,0.1346886015755941,0.05415034532540648,0.39408305580957653
972800,144,3718.26887748586,1200,1.5346368444895748,-0.012212445392913942,0.12799860944113942,-0.029807759448885918,0.14778293669223785,3.0964653491973877,0.0,0,,12.029812504598816,0.4100524637752587,0.43636464826813104,0.21075017487170228,0.175551810059676,0.38104821324890814
974000,145,4141.1891220019625,1200,1.4304032086082976,-0.10742117160110344,-0.05225192105226772,-0.12288123369216919,-0.07004470378160477,-0.14826881885528564,0.0,0,,-4.998042851015178,-2.393761712375389,0.46837927814749475,0.21983508891721043,0.13493461954819458,0.38201668176232884
975200,146,5815.781304772537,1200,1.5793854858646708,0.1018337816298282,0.0834308789192284,0.1057385578751564,0.08285211026668549,2.095400333404541,0.0,0,,-2.787110096988091,-0.34887864455059336,0.7320458920616841,0.07981463748445863,0.10016074360292201,0.46773970114468644
976400,147,5755.041925323542,1200,0.0,-0.0016429366518196696,0.003726229433274247,0.0,0.0,-1.5913902521133423,0.0,0,,1.487085645554407,0.5842892106086373,0.7969922142251155,0.0,0.028423973059310825,0.28257776035755267
977600,148,4886.104378999716,1200,1.4075135236919083,0.005622259619745676,0.11724762691710919,0.0011770307319238782,0.1329880803823471,-2.623765230178833,0.0,0,,6.455134761468556,-4.559755387896037,0.602780201007901,0.16477060450371483,0.1556403433680324,0.37955751306056007
978800,149,5940.197215026161,1200,1.4403174255003914,-0.07688695744439218,-0.09237542613158517,-0.07086256146430969,-0.09467794001102448,1.3036338090896606,0.0,0,,-2.7765647258227624,-0.4627420876902663,0.7586210649244173,0.07102617522075114,0.14154468070632026,0.5441077838722339
980000,150,6514.2283348892215,1200,1.1178229365547356,-0.08871905557280432,-0.02842859474316699,-0.07625670731067657,-0.025710701942443848,-0.678371012210846,0.0,0,,2.003026079106027,0.03699200114685733,0.8615205711780214,0.016725964157440466,0.051780269676253245,0.3981413870029499
981200,151,6042.337410279819,1200,1.2182460244950888,0.08040067801798839,-0.062386173363090644,0.0851629227399826,-0.05707482248544693,2.662841320037842,0.0,0,,0.8940331123429047,0.2910046389242172,0.7851754790574115,0.0930729061469846,0.0350800714476762,0.2368852643849523
982400,152,5563.360721529712,1200,1.5050592373035525,-0.04453327423984381,0.11729740408360798,-0.04406769573688507,0.1261654794216156,-2.034356117248535,0.0,0,,-2.72790881884905,1.0270513324838362,0.6868319178911974,0.12597298153309625,0.10298194031981471,0.3564485638513773
983600,153,4962.3346389013905,1200,0.0,-0.0023201493670767597,0.0024784877809430174,0.0,0.0,-2.7761192321777344,0.0,0,,-1.3341054362131168,0.7003171784544653,0.632812520089893,0.0,0.017262505055899744,0.2956602685511213
984800,154,5578.328008724214,1200,0.0,0.0002427072389463396,0.0014411039053188574,0.0,0.0,0.0020511343609541655,0.0,0,,-0.13609299005615463,-0.007025676601458443,0.7431612609742604,0.0,0.0252320472798131,0.30353815283397945
986000,155,6419.572811957565,1200,0.7965892611147888,0.02166307784261294,0.06313371002282225,0.02519548498094082,0.05420655757188797,-1.8555715084075928,0.0,0,,-0.9817028123053476,2.327731641760331,0.8836596351031238,0.030712976076999816,0.0601293025135562,0.28166618101698
987200,156,5452.050173113305,1200,1.3237275374979727,0.03966687135711865,-0.10293340598135406,0.039373427629470825,-0.1006498709321022,2.883744478225708,0.0,0,,3.8025873998253594,1.926942691586769,0.7146109148404702,0.09081882681960812,0.11158072061110784,0.3018733103020008
988400,157,4920.627032843843,1200,1.6971949643294761,0.14167345708553014,-0.004686040611001909,0.16405029594898224,-0.016470232978463173,-3.133589506149292,0.0,0,,-3.5115343330219457,0.6389035859827753,0.5793993172226098,0.17001268059577576,0.05803520608649302,0.39687651326550466
989600,158,5712.833437942903,1200,0.0,-0.0005517745511674551,-0.0030990407472461846,0.0,0.0,-0.4017932415008545,0.0,0,,-0.07362378478215036,-0.08599121800898653,0.7967334441538036,0.0,0.03146909063698086,0.36486483229099176
990800,159,6365.802444344223,1200,0.0,0.000982106444008446,0.003105397245680201,0.0,0.0,-2.583019733428955,0.0,0,,-0.005476345334015889,0.949856620530889,0.8931750977172623,0.0,0.00671948134898417,0.20822161685082383
992000,160,5913.910723570315,1200,0.0,0.0007860658647336423,0.0010932572736063822,0.0,0.0,-2.028629779815674,0.0,0,,2.3852397624351713,-0.5000120712682076,0.8473068739067062,0.0,0.016983129229421055,0.26161832745110136
993200,161,6304.203704624154,1200,0.0,-0.0023617721860879253,-0.00035781653152694144,0.0,0.0,0.5221176743507385,0.0,0,,-2.6693675196259865,-0.2807403645081802,0.8499386859352904,0.0,0.02180142296168407,0.2043241222621127
994400,162,5922.426500450677,1200,2.141059077913012,-0.01526142766368826,-0.1777727643404473,-0.016592856496572495,-0.1775881052017212,1.315960168838501,0.0,0,,1.182072484490284,-0.06474324904360988,0.7562348852068979,0.05459998787121838,0.07555137060743405,0.47588325544006066
995600,163,6584.833763655957,1200,1.1859286609709807,-0.09881532345112627,0.0016744300164012072,-0.08867919445037842,0.0020838510245084763,0.7324753999710083,0.0,0,,1.9483939025159078,-0.29193079747842704,0.8590611423112623,0.020905324521754875,0.036160133375072616,0.23837752906387707
996800,164,5534.447440176483,1200,1.8750011822779196,0.0931354539699093,-0.12630256240645996,0.10002341121435165,-0.11212781071662903,0.8568370938301086,0.0,0,,4.07984855535723,0.8533174105879052,0.6744001492941023,0.049538842329198134,0.05830305684536627,0.41251922873288704
998000,165,6461.768974456469,1200,0.0,-0.0019356718208065192,-0.0018178226063798508,0.0,0.0,1.6914540529251099,0.0,0,,-0.5659496430792794,-1.036682016579949,0.9041422640528318,0.0,0.014140698506646218,0.23914033591776188
999200,166,5997.693989569297,1200,1.7856558651591994,-0.01893677169153762,-0.14775889015236604,-0.011188547126948833,-0.13831686973571777,-0.7649672627449036,0.0,0,,4.979517420080965,1.7690423810065208,0.8312147019371893,0.023531212405968675,0.06530797256892985,0.5573993683378233
1000400,167,4829.5933779024035,1200,1.7461701783249004,0.14521463549214988,0.009334883450510591,0.1633722335100174,0.010762619785964489,-0.0073852878995239735,0.0,0,,-5.833242654177826,0.3780869353148988,0.653810554515094,0.14234102611725596,0.05540273061563841,0.2867296301169998
1001600,168,6301.392964400383,1200,1.4640477818657902,-0.06841142715982673,0.10109252143667082,-0.059050388634204865,0.0934881716966629,0.10363315045833588,0.0,0,,-1.3672405746506102,-0.14663606966927786,0.7938103930499772,0.03872451153484931,0.06468866808621383,0.3731427381634584
1002800,169,4813.037210297579,1200,1.9916986820436111,-0.13406110894632553,-0.0979384826491731,-0.13828636705875397,-0.10633692890405655,-0.6982432007789612,0.0,0,,2.3357818290167023,-1.229635655833653,0.5356411751480181,0.14379089618995378,0.08478805604130625,0.5438874021960722
1004000,170,6223.486074547644,1200,0.9694122933115382,0.08012512093197022,0.010304659506449704,0.07917646318674088,0.010511081665754318,0.39750048518180847,0.0,0,,-6.415528133066134,-0.4471081952652165,0.8322599036273735,0.07111486741584187,0.04714619540041555,0.24520712636191944
1005200,171,6184.8752432820165,1200,1.270924342198685,-0.09955743749501872,0.03634852184331295,-0.09243719279766083,0.037747204303741455,1.0032532215118408,0.0,0,,-5.179018430950465,-0.05278411823148126,0.8160958536506748,0.04812195274879493,0.05998878748216474,0.33024271398181526
1006400,172,5264.0882465296345,1200,1.3632777452084643,0.11102576075050193,0.03040869682387224,0.12354292720556259,0.01305440440773964,-2.3881537914276123,0.0,0,,-4.259573964315077,0.2577643200983043,0.6778210008922549,0.13510231818376575,0.05566455712452705,0.29361708117959817
1007600,173,5324.535564741404,1200,1.5393432603367745,0.03513429802882723,0.12440376547745018,0.0526437982916832,0.12480088323354721,2.9161250591278076,0.0,0,,-1.5769795003944718,2.1205554885521476,0.6454287900677794,0.10936308670167524,0.07759406541317186,0.32033982862662796
1008800,174,5281.260056091122,1200,0.0,-0.0030432741668287655,-8.107864565445461e-05,0.0,0.0,2.701139211654663,0.0,0,,1.2490170419636581,-0.8023863154172093,0.7244527828693059,0.0,0.046110164551394064,0.4338759915307788
1010000,175,5359.360542105482,1200,0.0,-0.0039717967742148134,-0.003341848396750902,0.0,0.0,-3.036839008331299,0.0,0,,-0.025458513210744004,-0.08203242735261924,0.6839066958655448,0.0,0.0320333076745516,0.249070510682742
1011200,176,5958.919548127455,1200,1.7772462283972545,-0.14050751928365612,-0.046845148957463265,-0.1321740299463272,-0.04264127463102341,-0.9191991090774536,0.0,0,,1.956374097143675,-1.3128018259003214,0.7402238102365293,0.04344967772075847,0.051595992071347394,0.32733476094474956
1012400,177,6405.082510786193,1200,1.283453877380663,0.09024269459213427,-0.05751894290863004,0.0892677828669548,-0.05276880040764809,0.07432883232831955,0.0,0,,2.4734163728819656,0.6305851479353408,0.8540872101188921,0.044247431204475114,0.04696294665515912,0.3478280564140859
1013600,178,6220.348011072977,1200,1.8131421801772913,-0.08864354745907047,-0.12236977346965422,-0.08511965721845627,-0.11506389826536179,1.2952430248260498,0.0,0,,-1.590001420383359,0.32715731183272845,0.8202151234433057,0.030816985009739728,0.134531128312926,0.4868050838506982
1014800,179,6327.459285268897,1200,1.767656563889159,0.03610461828245023,-0.1428118709757695,0.03332745283842087,-0.13067379593849182,-0.8338313698768616,0.0,0,,-2.4845986770538913,-0.32476727676511064,0.8047646082316806,0.025446264298515802,0.03950369611797434,0.3870556980523689
1016000,180,6363.507169674403,1200,0.0,0.0026558153228522304,0.0030419319213375925,0.0,0.0,-0.43591684103012085,0.0,0,,-0.6812321988976736,0.5966159551929966,0.8707133520695717,0.0,0.008416352407170999,0.2144011203655471
1017200,181,6599.1213646175165,1200,0.846638912357135,-0.023610443493132263,-0.06674815057733606,-0.016388989984989166,-0.0625327080488205,1.032856822013855,0.0,0,,-0.6379290356222151,0.12278314967000725,0.8891109413716716,0.034080009238819396,0.0999492311954282,0.5099053866337625
1018400,182,6239.6154968572455,1200,1.5605482377046416,-0.03389456741813769,-0.12561920364763748,-0.028290044516324997,-0.11989723145961761,0.6836254596710205,0.0,0,,0.9096597440119482,-0.6218319294135032,0.8224597379649936,0.04092823071516276,0.09191750574351441,0.4637269910464403
1019600,183,6183.056110460113,1200,1.5550117805181072,-0.12847160708993158,0.01739883948133315,-0.12438296526670456,0.013002915307879448,-0.23491095006465912,0.0,0,,1.4499222764487103,-0.8618591543164342,0.7882501869983881,0.05076420257100228,0.06276531417699413,0.31695712024752454
1020800,184,5039.996053830237,1200,1.7006872803076059,0.09724670736098691,0.10339770990909618,0.09067706763744354,0.10785221308469772,0.9361899495124817,0.0,0,,8.798488106692515,0.7481830739860146,0.6606297304920061,0.07567489561104379,0.10832517356100925,0.4079049436883599
1022000,185,6695.991090799725,1200,0.9723585933358189,-0.0757656605730016,-0.028730977736963183,-0.06806787103414536,-0.026052400469779968,0.8480098843574524,0.0,0,,0.9434408534365588,-0.9152251196555202,0.8978259590027591,0.025955002119600133,0.06978051423358346,0.4168065369116638
1023200,186,6722.482062671748,1200,1.1268077857909387,-0.09352593314593188,0.008382997181990207,-0.08461052924394608,0.007772193755954504,-1.380151629447937,0.0,0,,0.769159332270612,0.25548811278580424,0.8979250882456928,0.018085490196978048,0.05862256477368087,0.39990744172894344
1024400,187,6745.620035030814,1200,1.1047813067201957,-0.07240321274564758,0.05704294260225048,-0.06226604804396629,0.05417175590991974,0.11485671252012253,0.0,0,,0.8707907481361974,1.802146354482008,0.909190865963706,0.0146386654426022,0.0765872781153865,0.46267849776733233
1025600,188,6824.230072128899,1200,0.7893527948285723,-0.04931905266868374,-0.04359806682818329,-0.041190020740032196,-0.039293207228183746,-2.1773643493652344,0.0,0,,2.210961663323328,0.037654123279762225,0.9287407902750111,0.011616838652608456,0.06026268884667622,0.5276830252046472
1026800,189,5686.75436824842,1200,0.0,-0.00065803108640945,-0.0025863949125671574,0.0,0.0,2.297072410583496,0.0,0,,-0.6966086950661604,1.1966529635127745,0.8117634069525406,0.0,0.024151793879219743,0.2758540532924929
1028000,190,6378.340316148084,1200,1.5407603245885968,0.12724340532389367,0.01733474835351062,0.12874452769756317,0.015114134177565575,3.0202598571777344,0.0,0,,0.8303821530997992,0.16141752564638745,0.8214750953955892,0.05694231149028829,0.02825766520299552,0.1808463162069055
1029200,191,6031.523069846709,1200,0.0,-0.001773794266602047,0.00042340980372851595,0.0,0.0,-2.7246475219726562,0.0,0,,1.2477872859176438,1.5072385978435463,0.8385475166929491,0.0,0.015398684115001187,0.21069519005629053
1030400,192,5984.582951396738,1200,1.8788205995967522,-0.15656572515986847,0.008047096753451373,-0.14932988584041595,4.948661080561578e-05,-1.8729217052459717,0.0,0,,0.8788639816821378,1.7087457701766635,0.7433097153094564,0.04851769574645885,0.08317552951673524,0.4179979953735692
1031600,193,6667.58119705412,1200,0.7381089971630286,0.0602019105881786,0.01262715930834924,0.05564853921532631,0.011116123758256435,2.3506383895874023,0.0,0,,0.8714729174878311,1.288503100166035,0.9091763209328197,0.03782101005926717,0.025160145321024337,0.2604691131363244
1032800,194,6059.873831514128,1200,0.6907069634096064,0.0298541432841939,0.049435585059987686,0.03146154806017876,0.04362424835562706,2.9276881217956543,0.0,0,,5.4821497164737965,2.5781535495457195,0.8580450507392965,0.05909942665891562,0.046775818948832204,0.19871851986511083
1034000,195,6627.991662064817,1200,0.6715497901856,-0.002890756138896203,-0.056161304812949835,0.0023588223848491907,-0.049960583448410034,2.2628045082092285,0.0,0,,0.14523998327252,-1.27284768009396,0.9057419462311693,0.031181910898021917,0.08251109044356818,0.60441001407621
1035200,196,6714.632324919073,1200,1.3664197343836741,-0.0987103039579421,-0.05676648119753865,-0.08966275304555893,-0.05113837867975235,1.62064528465271,0.0,0,,0.1981850194949546,-0.08588552095760217,0.9021086245755409,0.011653222564655601,0.09976272202904905,0.5278568315078062
1036400,197,4829.879479940367,1200,1.7118795214175389,-0.006311658995199742,0.14377885299288595,-0.02523926831781864,0.1416507363319397,1.1546977758407593,0.0,0,,2.3236387358177546,-0.9281454882878315,0.5804872696133678,0.11580615231089633,0.10591331624407696,0.30976821170499824
1037600,198,5913.419310549823,1200,0.0,-0.004549735717422395,-0.0015333401028348299,0.0,0.0,-1.9994250535964966,0.0,0,,0.8904716282294713,-0.9777018738017532,0.8242349075783735,0.0,0.018179016008256655,0.2704092340125685
1038800,199,5863.126517220391,1200,0.0,-0.004472933224633064,0.002847756687655746,0.0,0.0,-1.1692453622817993,0.0,0,,-0.3615445325602322,0.7929624181488253,0.7998826885779974,0.0,0.02072075354054573,0.28763308373772406
1040000,200,3466.476843741537,1200,1.4328764707869641,-0.11521395201712795,0.031970873171684795,-0.16093555092811584,0.05379796773195267,-2.833538770675659,0.0,0,,-3.5653113768179363,-0.21702671655202607,0.3930777150445026,0.3135146432622875,0.07670243654449993,0.33507192081694975
1041200,201,6115.535419888961,1200,0.0,-0.0026046894912193463,0.001612930344809521,0.0,0.0,-1.6267297267913818,0.0,0,,-1.410438469403565,0.506267772609413,0.8562905376784666,0.0,0.02044324786673259,0.1930499876438083
1042400,202,6117.617231048226,1200,1.8293629715832394,-0.15226498468386251,0.0074456195428418285,-0.14633028209209442,0.0071877907030284405,-1.8562421798706055,0.0,0,,0.08018441781757063,1.0515022994243404,0.7947675088389291,0.03930514263624721,0.05068054178521203,0.29055501581983606
1043600,203,5348.866938246377,1200,1.787508341484792,0.1397567258517235,0.05302086541085922,0.15299101173877716,0.043892234563827515,0.8022335767745972,0.0,0,,-0.10695330654930231,0.9585666841613093,0.6710209077999071,0.10324944083158713,0.08133893581778949,0.3464346989254023
1044800,204,5712.066765025103,1200,2.0280258691351825,0.10035379765655508,-0.13598679304361014,0.10284239053726196,-0.14153927564620972,-0.7332698106765747,0.0,0,,-0.46622140947640583,1.1800999132325425,0.6971094321341034,0.09905468273608098,0.0597382571954308,0.389767686277499
1046000,205,6579.459675412482,1200,1.6328763893551603,-0.09453128925740792,-0.09792102154097006,-0.0874316543340683,-0.08669829368591309,0.23876293003559113,0.0,0,,1.2651139082684852,-0.5248439425495643,0.8676175124742669,0.012527043053303722,0.0699526200970512,0.4613937006995644
1047200,206,6332.980974446047,1200,0.0,0.0013827907332277648,0.0035857605913670303,0.0,0.0,-1.9888414144515991,0.0,0,,-0.6487189474730211,-0.2614755094433025,0.8540212846421035,0.0,0.012283658940333302,0.17480341289505466
1048400,207,6191.3227656710005,1200,1.8638342318186443,-0.15453408191110504,-0.015600397794536267,-0.14080148935317993,-0.014252954162657261,-1.2658320665359497,0.0,0,,-0.8455860537403566,-1.601190627511954,0.7836475143662757,0.02141927137546363,0.045242853548863614,0.2754717954485511
1049600,208,6654.869498706399,1200,0.7675542874924423,-0.022334371360827394,-0.05995127606692538,-0.018242666497826576,-0.052228476852178574,-1.1462457180023193,0.0,0,,2.1832887302938424,0.7955711660987307,0.9035785003497534,0.02762835346248729,0.061402475215814684,0.43977964552618004
1050800,209,6050.1466552368465,1200,0.0,-0.0017278515018061898,-0.0008288297415472317,0.0,0.0,2.738264560699463,0.0,0,,0.48350713449175986,0.3257143426260905,0.860943269652868,0.0,0.013275476578134047,0.2650772700229682
1052000,210,6494.3629580367815,1200,1.1523442779937674,-0.09180959587061081,0.028266033689961844,-0.08369188755750656,0.0282120443880558,-0.00922288466244936,0.0,0,,-2.31169136842119,0.39772760321525796,0.8675471956814537,0.024395875191391133,0.04815493607342248,0.24551027419000035
1053200,211,6641.3119644407525,1200,1.2633250979445447,0.06874367717995106,-0.07982324410223363,0.0665002092719078,-0.07185560464859009,2.068380832672119,0.0,0,,0.57185372378579,-0.06597169444004716,0.8678642360309954,0.019105899199839356,0.02776587015243783,0.3011797954502769
1054400,212,5721.901800449332,1200,1.7374241661730272,0.12095617991306268,-0.07965321186820905,0.13383442163467407,-0.08357108384370804,1.5028225183486938,0.0,0,,2.4541639236501003,-0.07833118577013845,0.722263082557198,0.10846321623759785,0.09130631516248304,0.5746620405740873
1055600,213,6469.16369549839,1200,0.0,2.3470111203716836e-05,0.0015269359535785296,0.0,0.0,-2.1081440448760986,0.0,0,,-0.01908161431866975,0.6980657605871246,0.8939744638731851,0.0,0.01026975165808886,0.2046403099746541
1056800,214,6438.521373660771,1200,1.1759668070536995,-0.08043863150542799,-0.055981427214720866,-0.07412073016166687,-0.0505647175014019,1.1833051443099976,0.0,0,,-3.9364887523132306,-0.540237147865923,0.8592398016654262,0.030936624550126204,0.08709476274836346,0.5594258712594539
1058000,215,5775.293915250804,1200,1.6008788878075726,0.09441513144252701,-0.09426758206395933,0.09758981317281723,-0.09482710063457489,2.7609152793884277,0.0,0,,1.283239839332432,0.23137428836506863,0.7501296639220983,0.07867510601291261,0.055946263513398486,0.3665711179679923
1059200,216,5704.369779175214,1200,0.6255353997781373,0.04702671223794695,-0.022497251749100132,0.04981434345245361,-0.024493154138326645,2.576646327972412,0.0,0,,-1.1407757739250741,-0.09328335422796522,0.7517305472867601,0.15432053008776372,0.046104900854327634,0.23810694893490805
1060400,217,6556.9777327513175,1200,1.2797009924036706,0.05585313332340501,-0.09096409903381139,0.056267596781253815,-0.0832802802324295,3.0846352577209473,0.0,0,,-1.6554835154684773,-0.2918301202579803,0.871790441393645,0.03156945729513271,0.03757899755589622,0.31471046597791097
1061600,218,6732.690339119206,1200,0.9855307418791011,-0.06371268754731406,0.05236590875270582,-0.054556455463171005,0.05389225855469704,1.8106539249420166,0.0,0,,2.714189879923374,-0.16239125208791397,0.9179204041619511,0.018296820840890262,0.07402361172654227,0.4983422528573822
1062800,219,6296.3698587476265,1200,1.5183051325562393,0.009771777312027202,0.1263043022837298,0.014909743331372738,0.11686455458402634,-0.7680612802505493,0.0,0,,-0.8852167768442446,1.3430713892516901,0.8294128295665205,0.02845896944986728,0.09836455526796517,0.384555410694988
1064000,220,6373.359775910884,1200,1.5726042462809773,-0.12164250265878462,0.048978417283530785,-0.11390370875597,0.05062355101108551,-2.463329315185547,0.0,0,,2.7823980444624965,0.8465292796026265,0.8299436559894955,0.044723569953956384,0.05907914636693904,0.4412353127577286
1065200,221,6101.049292543345,1200,1.7699335021386564,-0.09201196657644836,0.1153886661205911,-0.08743131160736084,0.11779412627220154,-0.842772364616394,0.0,0,,1.5055681816463145,1.2439629110613648,0.7758444820159447,0.06139501673625066,0.08157077005844048,0.49897510084466223
1066400,222,6839.151145654605,1200,1.201727495017583,-0.06596877628988375,0.07573224836648115,-0.05456438660621643,0.07322201877832413,0.12596005201339722,0.0,0,,2.693998799107707,1.726849164436026,0.9002749930401535,0.018062283366232775,0.03604633430341262,0.38862562444924925
1067600,223,5807.180791610472,1200,0.0,0.002431968642810393,0.003680668380670348,0.0,0.0,1.1816649436950684,0.0,0,,0.7444606939537954,1.0823257577671217,0.8058825184515505,0.0,0.01401193025618903,0.2348669326542597
1068800,224,5985.178428975664,1200,0.0,-0.0003589098214162843,-0.00023026440917632446,0.0,0.0,2.068805694580078,0.0,0,,-0.837521828894017,0.21631447354422456,0.8560376113207593,0.0,0.027192019824121658,0.1956162085750812
1070000,225,6405.538082194454,1200,1.2595430835979198,0.027539114874421965,0.10153295123448614,0.0323757603764534,0.09380026906728745,-1.9222533702850342,0.0,0,,2.2437105441522216,0.2033105601241675,0.8515822819876812,0.0404663025205406,0.06737864601733644,0.2835460929807796
1071200,226,6373.247426837488,1200,0.0,-0.0029266281419359193,0.0017620526195060075,0.0,0.0,-1.556234359741211,0.0,0,,0.5880171844399184,0.32685683629740736,0.8708972745306278,0.0,0.020748776473585463,0.1713818786126005
1072400,227,5262.307282054061,1200,1.8698216048718748,0.12725252186762212,0.09105254150514665,0.12763772904872894,0.1102781593799591,2.917462110519409,0.0,0,,-0.13660605916875537,-2.154800640330175,0.6072260376995307,0.10727106277829393,0.11918019044423782,0.4743439958181768
1073600,228,5433.120933424787,1200,1.6465320905130236,0.023134166256783013,0.1352532585226056,0.026091836392879486,0.14411544799804688,-0.30862918496131897,0.0,0,,2.1308071457146145,1.2492430184611343,0.6665618655703893,0.11214560790491128,0.12824392880360289,0.34659291898842115
1074800,229,6917.879828074489,1200,0.711441235849302,0.05872011044724838,-0.008416480532351589,0.05169670656323433,-0.005645767319947481,-2.627192735671997,0.0,0,,0.5190926513114338,0.3530833380033883,0.9279168306499526,0.019276003172324706,0.023578230907445773,0.23672657248498216
1076000,230,6156.679627662911,1200,1.4231757406634375,-0.004251230483760909,0.11878608863415004,0.0035215653479099274,0.11390063911676407,-1.0451111793518066,0.0,0,,-5.938382240078128,1.4117327318213289,0.8504875931913268,0.03937179672816546,0.12775019790061998,0.3939008550071626
1077200,231,6504.818828576796,1200,1.2741752198443703,0.057836270989508345,0.08923776003591812,0.06118638440966606,0.08394193649291992,-2.436845302581787,0.0,0,,0.45030197773316133,-0.09147582767365556,0.8689898984166147,0.03917315151615969,0.05687343143441632,0.2656326309387093
1078400,232,6679.26596846634,1200,1.4582944415306516,-0.012933262442346166,-0.12088958949811585,-0.008540588431060314,-0.11139059066772461,-2.27663254737854,0.0,0,,1.4519849633797275,1.6224162802058073,0.8841696526588139,0.012868306961505519,0.050188396606083166,0.4480083840468233
1079600,233,6829.037187213407,1200,0.8234057103780413,0.02689021685169992,0.0634295038961058,0.02999408356845379,0.05614457279443741,-2.9476873874664307,0.0,0,,2.014387747113842,-0.8252098983590634,0.9100017343849466,0.027011001687720224,0.04795642693835637,0.31350096024536567
1080800,234,5644.763637133411,1200,2.0012696811503,-0.13864140705835248,0.09279932627769273,-0.13551339507102966,0.08552411943674088,0.6598573327064514,0.0,0,,-6.60739850581036,-0.7773665166911015,0.7223408850542242,0.04469276901197155,0.06939643241061301,0.4570245109977097
1082000,235,5883.2005130613015,1200,1.9641958628457394,-0.11274029882294274,0.11867399901521637,-0.11035589873790741,0.1180725023150444,0.5181995630264282,0.0,0,,-4.6120339533839525,-0.12796692238164953,0.737951513367043,0.06639860170768919,0.07539423454232136,0.3567997452638142
1083200,236,6602.1210787119835,1200,1.3893323897893894,0.014999133372913604,-0.11481390173837598,0.01499923411756754,-0.10331368446350098,2.197509765625,0.0,0,,1.5115447042601533,-0.07759958440677019,0.8696049659247153,0.015212174331135614,0.044247025834068573,0.34267122755535767
1084400,237,5664.138220436825,1200,2.1507885100921973,0.17671940741184167,-0.03134157656237707,0.17254912853240967,-0.03999348729848862,-2.79252290725708,0.0,0,,6.652087226140747,0.30010243540839565,0.7407428528818696,0.05502343251068197,0.05881632706079123,0.28549363076792894
1085600,238,6801.414957365329,1200,0.8735150978687357,-0.008805195811093318,0.07258730270371591,-0.0017177873523905873,0.06559862941503525,-1.3551017045974731,0.0,0,,1.8623212705654386,0.5625709032146338,0.9198046524846197,0.019178203487799455,0.047354620304702506,0.3588134400273006
1086800,239,6866.534482041152,1200,1.2774376724574474,0.10246678646404925,0.028861783165047193,0.10027061402797699,0.02781960926949978,-1.744882345199585,0.0,0,,-0.4782046817086209,0.05531943495978405,0.9077143892794143,0.02533991101805566,0.03240703821222169,0.25914342892876546
1088000,240,6391.4409834935905,1200,2.1223286808491637,0.02469745241340907,-0.17513873684780026,0.024509375914931297,-0.1609140783548355,-1.2683086395263672,0.0,0,,-1.8670381391534565,-0.16551546907762024,0.8108238005051163,0.017220599340948783,0.03509941058761522,0.38492701349601127
1089200,241,4465.573197885049,1200,1.8652175001855689,0.08655725484110341,-0.12910406525910345,0.09365611523389816,-0.13928759098052979,-1.766211748123169,0.0,0,,-4.674733689657078,0.4890015160719586,0.595640721933355,0.12549181937219467,0.05370668325020533,0.29387534070189064
1090400,242,6387.440573528029,1200,0.0,0.00023758842893182835,-0.0005089230191792898,0.0,0.0,-2.159339189529419,0.0,0,,1.5678266474316074,-0.03307159001198981,0.901962714356543,0.0,0.00846240307192377,0.1944133936171489
1091600,243,6473.614999153262,1200,0.0,-0.0003797941478931235,0.0009122805859310268,0.0,0.0,-2.759991407394409,0.0,0,,1.418134822818314,-0.3605386134085504,0.9148943549650324,0.0,0.005654825125135004,0.17481154080681102
1092800,244,6584.601201172578,1200,1.5011220138723023,-0.0847918232706933,-0.09199216686628799,-0.07871560752391815,-0.0881265252828598,-0.5852336883544922,0.0,0,,-1.829186779612889,1.4173195180317262,0.862657059628717,0.016857209648766455,0.03998703484640923,0.3455239577204748
1094000,245,6217.408687818171,1200,2.167905550178648,-0.17920678137694382,-0.023236796676898482,-0.17591269314289093,-0.018689759075641632,2.807219982147217,0.0,0,,-2.0078841495473725,0.9615717114370159,0.790660275780552,0.04123767518057583,0.050264535967577094,0.4074083638621739
1095200,246,4578.189350265199,1200,1.9490366530911,0.1271618592477284,-0.10130613782029328,0.13498929142951965,-0.11778969317674637,1.7962427139282227,0.0,0,,-8.258965972050357,0.14053685693938966,0.6142718734751266,0.1262768204464314,0.05385671587661753,0.362262101585646
1096400,247,6584.86747569786,1200,1.3158251155665028,-0.08474345990933665,0.07007387949640964,-0.07669958472251892,0.07379638403654099,-0.12015260010957718,0.0,0,,-1.3116558490282757,-0.3623711003589251,0.8554762907657166,0.04166028761598077,0.03635917574375042,0.3181630223178413
1097600,248,6671.7273355022135,1200,1.691578728318501,0.07393946327815445,-0.12005981596960005,0.0717247948050499,-0.11073639988899231,-0.45672234892845154,0.0,0,,-3.9970366960035766,0.030463799969913087,0.8799110344577321,0.01670100221050957,0.03236218849430265,0.469464080666218
1098800,249,5622.019273241842,1200,1.7623856902713586,0.08454640584060968,0.12009477245950988,0.08354470878839493,0.11667682230472565,-3.0685527324676514,0.0,0,,-0.9678301437829135,-1.8708092721795833,0.6982165165496295,0.05687313772095128,0.08061607996347867,0.24096396093800018
1100000,250,5202.600928801589,1200,0.0,-0.006258468864982053,-0.0034932447660375237,0.0,0.0,-0.37706616520881653,0.0,0,,1.079853697772643,0.9902814098978237,0.653632695307332,0.0,0.029306962949738793,0.23812041820070595
1101200,251,5657.100629279054,1200,1.7050691657157988,-0.09297980788442306,0.10746019505366308,-0.0904867872595787,0.10745618492364883,-0.2861305773258209,0.0,0,,5.775813734139689,-0.13542551917159257,0.7357102157283536,0.07596999530595441,0.07491894959772544,0.3649310833314698
1102400,252,6451.218321240243,1200,0.0,-0.002235765252018586,0.001222068671904331,0.0,0.0,-1.7883423566818237,0.0,0,,0.5141466037716423,-0.07516932457026303,0.8995224606181877,0.0,0.01335061364129218,0.24264039328447026
1103600,253,6791.550390985222,1200,1.6775455874286895,-0.13979492020369613,-0.00173684322025958,-0.1325850784778595,-4.2175179260084406e-05,-1.9767485857009888,0.0,0,,-1.792479715720636,0.5517911114968338,0.906021221228884,0.016005681118193137,0.07978832913149472,0.521953584272832
1104800,254,6852.131394621798,1200,0.0,-0.0025791833154662504,-0.000202652110785538,0.0,0.0,-2.8684744834899902,0.0,0,,0.6682757080800519,-0.01675203694279072,0.9211058985623557,0.0,0.0063366225441152816,0.14911545365428314
1106000,255,6617.958529702953,1200,1.8367665402478395,0.06993494111644051,-0.13622966936590608,0.07097793370485306,-0.1286630928516388,-2.254619836807251,0.0,0,,0.43030922422839174,-0.16775058523779485,0.8508949971670949,0.027241435783325288,0.027885868937519168,0.44364510411925956
1107200,256,6673.751307160097,1200,1.5875701463565421,-0.10724576817627783,0.07754153181251398,-0.09844385087490082,0.07512926310300827,-0.06089616194367409,0.0,0,,1.826129973367438,0.5880157896151742,0.8894263717343684,0.019305947405799606,0.045960947091207516,0.4710037251690572
1108400,257,6211.250646653029,1200,0.0,-0.0009008057604572918,0.0014552846179536184,0.0,0.0,-2.532205581665039,0.0,0,,-0.7830003803466135,0.8054674059680111,0.8579940249637172,0.0,0.01286912504735869,0.24109849967547475
1109600,258,6878.519387863655,1200,1.5263245865793051,-0.04181110818497751,-0.1201273594422852,-0.037673868238925934,-0.11023030430078506,0.7028931379318237,0.0,0,,2.230331634536485,1.832415446996318,0.9186824460216614,0.0053623141919160715,0.02395183546669687,0.5513699133609998
1110800,259,5715.910129339538,1200,1.9847589238666772,0.04250322133095549,0.15984379909579413,0.043113525956869125,0.15929573774337769,1.7564802169799805,0.0,0,,-2.0632851212691925,0.08783265766900512,0.7016227513904082,0.060594287088510196,0.07104826767062161,0.3488440270383046
1112000,260,6233.969789631592,1200,0.0,-0.0004551026946216908,-0.0019287364491348269,0.0,0.0,-0.8978724479675293,0.0,0,,-0.65882038232633,0.2619682981166017,0.8574647871712855,0.0,0.0247993112611722,0.2449061692272801
1113200,261,6924.3213720732065,1200,0.0,-0.0009410850908439202,-0.0002636529719180668,0.0,0.0,-1.0238615274429321,0.0,0,,0.5215475363088994,-0.36280026166576035,0.936244202540972,0.0,0.009081717871766318,0.1690850355898691
1114400,262,6880.8927952405265,1200,1.344940243922069,0.11147249913639203,0.011638243015724114,0.10591289401054382,0.011150446720421314,1.1662598848342896,0.0,0,,-0.7878465049305701,-0.02926010743386152,0.9096661254752381,0.017931672794193877,0.029157010753228026,0.2627203795814497
1115600,263,6670.817161747644,1200,1.1004738109832544,0.044834924277085575,0.0803111112249828,0.049224358052015305,0.0741351842880249,-2.3191170692443848,0.0,0,,1.714329633014209,0.009807818562486005,0.878775407684683,0.03427234071757552,0.04901988481134112,0.26940936304543
1116800,264,4600.085500804916,1200,1.6702010726435066,0.12905117699523713,-0.05363198725289767,0.15855810046195984,-0.04968126118183136,3.1216955184936523,0.0,0,,-3.6664107701700477,1.87486534676001,0.5729245823357354,0.1802600586189983,0.07442220473492292,0.43076334424854407
1118000,265,6384.255586373135,1200,2.076852714537321,-0.1454595199097233,-0.09389554414365109,-0.14180590212345123,-0.08627627789974213,-1.1792967319488525,0.0,0,,-1.29206264361148,0.5162467349673544,0.8144153511582036,0.03744321546684387,0.049741073627175565,0.41387464210165376
1119200,266,6814.254227303022,1200,0.9989434727050723,-0.05436288284503541,-0.06319256566165792,-0.04229595139622688,-0.054686371237039566,-1.4732073545455933,0.0,0,,1.2787811495890042,-0.4354341707880729,0.9063916902466065,0.003047235045702183,0.04133693719625985,0.4421359184722301
1120400,267,6459.014694026983,1200,2.056666264243392,-0.17114330238915645,0.009670887204043742,-0.16138501465320587,0.01202111504971981,1.3752256631851196,0.0,0,,1.6293869713504987,0.23753261664974504,0.8224403646053592,0.02211501851683339,0.057376110289743695,0.45297002537230846
1121600,268,6324.026355421562,1200,0.0,-0.0017045178817604904,-0.0010927876215301314,0.0,0.0,2.6256725788116455,0.0,0,,1.5585402688832355,0.27532052185592387,0.8833684107020779,0.0,0.006519156788442421,0.22637731497233762
1122800,269,6087.334334536451,1200,2.188052283584315,-0.05661644059440306,0.17345551587121533,-0.04739115759730339,0.16565312445163727,-2.6219687461853027,0.0,0,,2.9549489280144514,-0.3400790611683631,0.7673470828720987,0.030443359407099666,0.07936020969095628,0.3513805524673444
1124000,270,6712.806590580091,1200,0.9983405890182847,-0.08292387609088711,-0.006871747787181726,-0.07634328305721283,-0.0049661314114928246,-3.106144905090332,0.0,0,,-1.3401742814591093,0.4226362959275185,0.891047335521312,0.027484337369591612,0.040296871390165696,0.29360974176548427
1125200,271,6633.297001754797,1200,1.7018459543617828,-0.10783630460438753,0.09236024669398993,-0.09526727348566055,0.08983337134122849,-2.226506233215332,0.0,0,,-3.866513798114796,-0.09775522935260987,0.8472807315369476,0.01869293608958119,0.04093031751202407,0.5217101046966981
1126400,272,6783.964573350224,1200,0.7223413459702058,-0.04805979823658111,0.03636875167113489,-0.04067276418209076,0.0340874120593071,-1.605442762374878,0.0,0,,-1.2161732290212928,0.7232621291979106,0.9245850561297226,0.017502670820383752,0.062129889077820015,0.4140226100457892
1127600,273,6716.478597148986,1200,1.5488267301290757,-0.006090702862873213,0.12908230589175806,0.0002648610097821802,0.12302590161561966,0.3769572973251343,0.0,0,,-2.046363503941093,-0.30774123876745396,0.911144283596512,0.01567927839010437,0.07542350601273845,0.40681054121853677
1128800,274,6931.647879669824,1200,1.3499035388906058,-0.08546863905278283,-0.07314165429951383,-0.07774307578802109,-0.06607042253017426,-0.9529092311859131,0.0,0,,-1.36233391444319,-0.7352531437286496,0.9228705919659762,0.008008011122032447,0.03136319675755373,0.39339134898401507
1130000,275,6407.438085675866,1200,2.1916223628609743,-0.051436541423680746,-0.17524263604215104,-0.04875403642654419,-0.16513249278068542,1.2605265378952026,0.0,0,,-0.35335621466328554,-0.12079492766298265,0.84790006241875,0.022433392529558064,0.03037759482214972,0.45573445615657815
1131200,276,6297.457943907635,1200,1.9738236552023791,0.12823849842588309,0.10304774996254705,0.13129784166812897,0.1017221212387085,-1.4716086387634277,0.0,0,,-0.3687004159537193,0.6974025536993359,0.8161906114886947,0.057661494051304,0.04009952969570186,0.3494103731241333
1132400,277,5915.878535391072,1200,1.423935160752436,0.09517701759300058,-0.07094890416339669,0.09850893169641495,-0.06906910240650177,-0.21367861330509186,0.0,0,,3.510515254518722,0.8822816166772421,0.7548693006451228,0.08589879285910973,0.05214729896650594,0.35712924059676204
1133600,278,6763.7597845120235,1200,1.396772943882102,-0.06525513095776307,0.09670292124992344,-0.05313604325056076,0.09142598509788513,1.496536374092102,0.0,0,,-0.5842643845160639,0.3855718109271326,0.8808542605666524,0.010614031236548402,0.03750375476529701,0.24603770141211154
1134800,279,6758.752677203338,1200,0.8510364249266346,0.07021530985864748,-0.010258839747118735,0.06938618421554565,-0.007737010717391968,1.1620595455169678,0.0,0,,-0.9500006410135369,0.4448440338564615,0.9242394919219102,0.04060391472826712,0.04816870690703334,0.35267629062802297
1136000,280,5642.156378123029,1200,0.0,-0.005406424622378347,-0.0029533004355645444,0.0,0.0,2.93263840675354,0.0,0,,3.038474339793171,1.1369119035959527,0.774956588738078,0.0,0.03373935018532785,0.23034940605245002
1137200,281,6132.040965324988,1200,2.060693271086423,-0.024360276824981496,0.17033512722714172,-0.012795527465641499,0.16199088096618652,-2.2512474060058594,0.0,0,,1.0617045060979828,0.9066037945179731,0.762676150295345,0.02976562383128797,0.06980266942131332,0.38180708347027126
1138400,282,6707.682290925301,1200,1.069069994540911,0.015240727678431067,0.08788019363572706,0.018352480605244637,0.08217181265354156,2.015390396118164,0.0,0,,1.9472594773675258,-0.5133152587145154,0.9137606544503948,0.02282592346096692,0.053887428864179215,0.44501059227334244
1139600,283,5559.357189985979,1200,1.9895885746287447,-0.07317561485012516,-0.148791991916004,-0.07947281002998352,-0.15656158328056335,0.018703274428844452,0.0,0,,-2.2687746293566966,-0.45590315970609563,0.7259937712186202,0.09037023900675477,0.18614886573869704,0.6636647511234858
1140800,284,6872.7597758408765,1200,0.8206458916977063,-0.034546555512046745,0.05917718460076545,-0.028425348922610283,0.05659860372543335,2.077434778213501,0.0,0,,1.5041253529429812,0.07674681134678467,0.9305691056299734,0.02356930543073848,0.03463851195644013,0.3530745148467723
1142000,285,6520.110668417094,1200,1.401215207603724,0.01757051550831327,0.1156477313882826,0.022617118433117867,0.10597258061170578,2.3178393840789795,0.0,0,,0.33674598419372476,-0.16056905578558742,0.8760246411477302,0.018860020336677823,0.08614309469409076,0.2895673959063319
1143200,286,6885.146417011524,1200,1.2001328729522296,-0.08681544113802035,-0.04965269802822384,-0.08108419924974442,-0.04604104161262512,-3.100240707397461,0.0,0,,0.620677120021887,0.5797040137719961,0.9184254089895133,0.017376470024112554,0.02871430406309353,0.29483438563312814
1144400,287,6842.678957761947,1200,1.2330676348760599,-0.05631756390508329,0.08602898718501197,-0.04944554343819618,0.081870898604393,0.6383422017097473,0.0,0,,-0.9803782366018595,0.3571002620283083,0.9159595596265302,0.020228301998770605,0.0333517585258669,0.3141741600010895
1145600,288,6771.1435324088725,1200,1.588806491546302,0.013656928592747114,-0.13176585369509103,0.015954045578837395,-0.11653678119182587,-0.9804274439811707,0.0,0,,-2.740668262299705,0.49901627575490143,0.8667906179502514,0.00851752755165814,0.031150964510038872,0.4830656963630907
1146800,289,5910.764819865998,1200,0.0,6.605261130258127e-05,0.0014732898563318748,0.0,0.0,-0.6412813067436218,0.0,0,,1.5067119223703664,-0.6147950020634949,0.888377718955176,0.0,0.017469700262948758,0.24000057380526058
1148000,290,6902.03969334626,1200,1.1613974204776563,-0.0896680933707862,-0.03642476319546755,-0.08191216737031937,-0.033667176961898804,0.06730003654956818,0.0,0,,0.3360470851328458,0.23291813556484345,0.9052685769141849,0.016331820682214844,0.051362776449405435,0.43189532320103796
1149200,291,7025.506684199559,1200,0.0,-0.001382412999964815,-0.0011191875246044348,0.0,0.0,-2.015946626663208,0.0,0,,-0.18052769114566308,0.1052260035172889,0.9361483512557741,0.0,0.007639581559932795,0.1492403889107323
1150400,292,6937.340696163846,1200,1.407333619513458,-0.11272501311295167,-0.0324883726062496,-0.10497250407934189,-0.027474120259284973,1.2292851209640503,0.0,0,,-0.5159738709485765,-0.5222001429442605,0.9167977023365728,0.0091467831782929,0.039089116690077835,0.3775333553680893
1151600,293,6794.969659655401,1200,0.9278063272979129,0.005674957330817901,-0.07730944150291157,0.009967053309082985,-0.06817500293254852,-1.813581109046936,0.0,0,,-0.47530505404331685,-0.5587173441941365,0.9112471912166026,0.01790105078133718,0.06180042973307793,0.3461102154643712
1152800,294,6819.072142979946,1200,1.2793699304905775,0.09128106386942707,-0.055131371643037684,0.09057353436946869,-0.052113354206085205,1.8323369026184082,0.0,0,,1.6933404635528402,0.4261190670233128,0.92173242363545,0.024565307180062824,0.02722790406246179,0.2964511004734731
1154000,295,6706.062028224359,1200,0.7810547126313078,-0.0185324797519533,-0.06265808758462446,-0.011210820637643337,-0.055455755442380905,1.494391679763794,0.0,0,,-0.7282436997075821,0.6926124141654841,0.920885568625711,0.017561735252069256,0.0852526948148238,0.6697220896977224
1155200,296,6884.110594448902,1200,0.9090324619123887,-0.06584831911483592,-0.03745448556609092,-0.05956067889928818,-0.03451162204146385,-2.154448986053467,0.0,0,,1.8053366030304654,-0.7180477070017822,0.9261172870976156,0.018120214854663075,0.046288840498527786,0.3646126981204895
1156400,297,6916.617091890637,1200,1.1039519841418153,-0.07481462430660805,-0.053555043419189555,-0.06655459105968475,-0.049248553812503815,-2.5552124977111816,0.0,0,,0.7978354251439964,-0.7787390580575919,0.9315074335936253,0.008423568382908435,0.03919030893741424,0.36562578663525086
1157600,298,6574.983613282547,1200,0.0,-0.001752034776828252,-0.00017725729522933062,0.0,0.0,0.30375611782073975,0.0,0,,0.03401006013208068,0.034181109073419695,0.9017525709382532,0.0,0.009983143463312104,0.18814178431407122
1158800,299,6938.404677227615,1200,1.1720483077995572,-0.0766917048287591,-0.0604810934144031,-0.06803668290376663,-0.05379907786846161,-2.3144114017486572,0.0,0,,0.24381157005775256,1.5971766268634415,0.9224609553180346,0.00677508251055085,0.03357409899570282,0.371164486443004
1160000,300,6394.411186123887,1200,0.0,-0.0027426348227195816,0.0002901107562168669,0.0,0.0,1.2370492219924927,0.0,0,,-0.7322478229226957,-0.4970047284715819,0.8802428294123934,0.0,0.011987324966335137,0.24494242305337977
1161200,301,6927.694832234283,1200,1.1232869366988765,-0.061761719597550356,-0.07034452472756882,-0.056099824607372284,-0.0649222657084465,0.2618701756000519,0.0,0,,0.8044220475647808,-1.6858969614469475,0.9343684475360048,0.008810295035783379,0.04097700472015159,0.472396700990231
1162400,302,6916.226064223248,1200,1.021318368662636,-0.08513414259041335,9.264978870976166e-05,-0.07595957815647125,0.0018990678945556283,2.2974693775177,0.0,0,,1.009943176847534,0.6554146664136816,0.9261323256093713,0.00843697661403591,0.042161826579373896,0.5926694801813547
1163600,303,6928.308376385059,1200,1.2309860806773205,-0.06854746269443658,0.07656565609291818,-0.058259714394807816,0.07350385934114456,0.7948297262191772,0.0,0,,-2.054831995407702,0.2404746501778329,0.9228062507949013,0.007476301512103527,0.046525936236676946,0.40351115719947483
1164800,304,6091.850441032996,1200,1.9357736269316466,0.057434359869942817,-0.15109543068566686,0.06700152158737183,-0.14724145829677582,-2.671919584274292,0.0,0,,0.5235926361190001,0.01995564083971855,0.8119922034166982,0.05060587000979877,0.09413331223929752,0.5074480814999535
1166000,305,6629.03660051665,1200,1.5968618565611874,-0.113707777557335,-0.06921435479321503,-0.10737574100494385,-0.06159264221787453,-2.8017783164978027,0.0,0,,-0.16773947798035352,-0.25980546435052504,0.8898551907313843,0.017939196777183086,0.05524552012471111,0.4614835728489188
1167200,306,7014.915621401857,1200,1.206183471700166,0.04169790183931252,-0.09155888524567361,0.042549166828393936,-0.0837581604719162,0.38920456171035767,0.0,0,,-0.10969277498888623,-0.7631790134685007,0.9341423492039184,0.011669022404659763,0.016653816752768873,0.2852111530804653
1168400,307,6591.689730112069,1200,1.6939819161711585,0.02626287408383002,-0.13882121324077412,0.02956806682050228,-0.12746880948543549,1.4538447856903076,0.0,0,,1.0790865566482082,-0.09631889626945353,0.8751621464559695,0.016458739209265386,0.03514282115350893,0.40950964242985427
1169600,308,5648.060906557317,1200,0.0,-0.001238560385620409,0.0004968312327924417,0.0,0.0,2.872129440307617,0.0,0,,2.2106152738924782,-1.7603919906416103,0.8145850446394687,0.0,0.026155325807079507,0.19424675661742682
1170800,309,6438.612677605963,1200,0.7429780405767697,0.01549624936971407,0.05999572799133111,0.017026135697960854,0.0564626008272171,2.1903672218322754,0.0,0,,-5.280702661126233,0.4051941524082186,0.8888281981538916,0.05441451488579658,0.027468239592320535,0.2035754310261094
1172000,310,6662.587500412615,1200,1.5186610611571958,0.09457179489503131,-0.0841965749328385,0.09498873353004456,-0.07922342419624329,-1.4157090187072754,0.0,0,,-1.859698329234826,0.2817047596480306,0.8985150333185076,0.027605700599399926,0.017738723614224208,0.2694334248491927
1173200,311,6841.5726447041925,1200,0.0,-0.004601868986219067,-0.001551404627348184,0.0,0.0,-2.915485382080078,0.0,0,,-1.0788145514136571,-0.500348941860767,0.9006591737390557,0.0,0.009534417781805672,0.14742508090497825
1174400,312,6773.824759592718,1200,1.9170902079678873,0.15669991874541447,0.03129494498114827,0.1532105803489685,0.027190769091248512,-0.3892369270324707,0.0,0,,-1.6535042614812432,0.15505673959120908,0.907646213300984,0.017228782343459804,0.030033939696405786,0.2871440106362822
1175600,313,6531.223975845292,1200,1.9974219428567368,-0.1582717776876911,-0.05193190812329347,-0.15080392360687256,-0.043161384761333466,-1.3022112846374512,0.0,0,,-2.000486987610207,-1.4271190311711104,0.8482559428249189,0.019505065526703343,0.041105885817978166,0.4052567928091456
1176800,314,6262.829980609066,1200,2.246228344002308,-0.014994621719910744,-0.18659482655163223,-0.012032548896968365,-0.17278920114040375,-0.7790035605430603,0.0,0,,-4.724043867162726,0.6648042004385587,0.8409013470893545,0.012997381613043044,0.03585749781141682,0.4287043423791771
1178000,315,6293.503703385878,1200,1.1822151051010803,0.032532021313074005,0.09332996201313049,0.03804589435458183,0.0861622616648674,-2.265519618988037,0.0,0,,-7.066405207571753,-0.7402680537548215,0.9036410896988705,0.026287099188313692,0.044985126983341533,0.2813900079028787
1179200,316,6010.651727965804,1200,0.0,0.000932559260796163,-0.004913426600402716,0.0,0.0,-2.8082292079925537,0.0,0,,-0.8201045828055563,1.580917463390843,0.854830447962328,0.0,0.012838698816578448,0.27373108958906217
1180400,317,6136.0621676309265,1200,1.9818224002381704,0.13451018771580575,0.09590988227988723,0.13714219629764557,0.09277775883674622,-1.8250972032546997,0.0,0,,-4.055688336580151,1.356436587528379,0.8411616740959312,0.03941648416201048,0.03377241866415706,0.3091635371408681
1181600,318,6687.331953499722,1200,1.8480298152362906,-0.101211506971349,-0.11607665643489765,-0.09600106626749039,-0.10882329940795898,-2.342899799346924,0.0,0,,3.736468314702909,-0.5663715817629541,0.898322218834222,0.013252021590425867,0.06556988746718216,0.6056885296260839
1182800,319,6927.668627052988,1200,0.9524108570467231,-0.02172021475961284,-0.07637320362527808,-0.01746358349919319,-0.06904098391532898,2.27823543548584,0.0,0,,0.6916648834344533,-0.562173022026633,0.9390345149315641,0.008694818335762099,0.05474668041450797,0.5701558150400939
1184000,320,6703.368260346623,1200,0.0,-0.0028072906287185707,-0.0030345396365440277,0.0,0.0,-2.665144681930542,0.0,0,,-0.5573550609677118,1.0336393157538906,0.8941487730241501,0.0,0.006822317329881115,0.15457778553341617
1185200,321,5804.080306065228,1200,0.0,-0.003149727075965398,-0.003534724069314082,0.0,0.0,0.2484097182750702,0.0,0,,1.2286815350776659,0.02137797657517835,0.8245519789007231,0.0,0.018592013881122606,0.25953666030458644
1186400,322,6438.874280643899,1200,2.115718821198229,0.03949912016079601,-0.17183965184315894,0.03949626907706261,-0.1634574979543686,1.1546238660812378,0.0,0,,-1.3618876274863256,-0.29310694372447843,0.8427885383204677,0.022364843093716856,0.0449843513945715,0.5743744713742559
1187600,323,5366.477001890956,1200,1.9177451628550362,0.07392893091332799,0.14170458910621495,0.08162221312522888,0.15087667107582092,0.7656394243240356,0.0,0,,-0.1410712604480872,0.45549685753314856,0.6395835584871247,0.12356807392626493,0.09360038063437617,0.37362565991424884
1188800,324,6569.893358675939,1200,2.1156843096441595,-0.12783611794445715,-0.12142015060601172,-0.12231643497943878,-0.11503342539072037,0.759139895439148,0.0,0,,1.041846980524051,0.6910546205926779,0.8753439462293937,0.020064636039277283,0.07592092269870246,0.5749458706018671
1190000,325,6979.21888565203,1200,1.229592089823016,-0.09447616732552064,0.04003861531065658,-0.08748931437730789,0.04267902672290802,1.099636197090149,0.0,0,,0.45685235126415313,-1.046002861683876,0.9263916590583989,0.014464173479633358,0.04082655484438452,0.43758353996154253
1191200,326,6962.3921071283075,1200,0.0,0.00161514248518037,0.0011451739667745924,0.0,0.0,-2.9582862854003906,0.0,0,,-0.7045614070854036,0.13135198896302092,0.9484821539944364,0.0,0.004646401513058166,0.1621558747130214
1192400,327,6415.145003869883,1200,0.0,-0.004422959031702749,-0.0007134908709944332,0.0,0.0,2.370424747467041,0.0,0,,0.8484879189457257,-0.21789842788343203,0.8906898843411313,0.0,0.01110765188811365,0.21668289652357425
1193600,328,7028.09914297498,1200,1.11502349588551,0.08502749386124704,-0.03772384364918008,0.08295513689517975,-0.032254550606012344,-1.6862648725509644,0.0,0,,0.28527167970441814,0.7935284902675808,0.9371308891776855,0.018622112652113013,0.020016391876767986,0.3001328176359381
1194800,329,6692.820013558036,1200,1.3711381908776197,0.012693140597789464,0.11367715829626644,0.016208836808800697,0.10212105512619019,2.4542171955108643,0.0,0,,0.36815181383783235,-0.5158285353344566,0.9074196210000982,0.009768298462036753,0.06163216373253873,0.3579207587816083
1196000,330,6943.592615797659,1200,0.8259493136033176,-0.05910461326170656,-0.03529463252014892,-0.053523845970630646,-0.030633967369794846,0.1448357254266739,0.0,0,,-0.9258802587064145,0.6475729566095492,0.9298955602259921,0.014600501674114058,0.05469013252245335,0.4951401704249523
1197200,331,6894.156171638401,1200,0.0,-0.0033525847382644153,-0.00012097077364146288,0.0,0.0,-2.4487879276275635,0.0,0,,-0.06327602287986551,-0.04789782715416371,0.9116124009664545,0.0,0.009110697802203093,0.12184820887523619
1198400,332,5935.702918574113,1200,2.150117208692337,-0.09738429120121585,0.15040505428091455,-0.09336237609386444,0.14613264799118042,-0.7887181639671326,0.0,0,,0.3634289853076561,-0.187336799061387,0.7307918393181025,0.04774791609381282,0.08265651601774801,0.4164377376143605
1199600,333,6984.400286531201,1200,1.4284198135056596,0.11899863653306182,-0.0035841205849096195,0.11642759293317795,-0.0015028632478788495,0.6697229146957397,0.0,0,,-0.25574531521035127,-0.025033344722047317,0.9312783050533491,0.019768157732326614,0.02622205408653452,0.3329342530409678
1200800,334,6992.416597721936,1200,1.5135813867125547,0.1236580809238842,0.02486463170110035,0.12088485807180405,0.023722367361187935,1.6873586177825928,0.0,0,,-0.4988173229168427,0.13433648421909605,0.9310399306572424,0.018909527940238088,0.03972719917998219,0.33495441032901996
1202000,335,6946.6042501466645,1200,0.0,-0.003953439119594469,-0.001797904237924444,0.0,0.0,1.4058576822280884,0.0,0,,1.5365419835435905,-0.6356534682200181,0.9101709772183314,0.0,0.005703978688380429,0.16138136835901987
1203200,336,5360.800010558405,1200,1.6914960971357318,-0.0063131432324694745,0.14095369275478453,-0.014151005074381828,0.1588871330022812,1.7160815000534058,0.0,0,,1.186492347620033,-1.232574152518309,0.664181919737817,0.14657507976613587,0.11656627516922477,0.3414163142180173
1204400,337,6519.290343709565,1200,0.6558102254310427,0.054276976297386016,0.006382214455178336,0.05330302566289902,0.006351494695991278,3.1212663650512695,0.0,0,,0.377328224873965,1.9486131884542668,0.8858465467428298,0.06582914318818264,0.04857521486435186,0.3264694956339345
1205600,338,5958.019127878182,1200,0.0,-0.003205807820609105,0.0035850410404855986,0.0,0.0,-2.8162333965301514,0.0,0,,-0.01791474116969012,-0.5870328270483991,0.8026513193608632,0.0,0.024508173280223613,0.2067906429442403
1206800,339,6985.965947111908,1200,1.3690146342981195,0.11399345182489919,0.00462748607264852,0.10944143682718277,0.0036769278813153505,-2.0281360149383545,0.0,0,,-2.5969742730311904,-0.6926879413745802,0.9465365037710158,0.012668958769832796,0.028265022776405524,0.3025336382903223
1208000,340,6630.638268862786,1200,1.9047406373119764,-0.05972530421579974,0.14725555832378354,-0.0500076524913311,0.1422971487045288,-1.8110483884811401,0.0,0,,-1.9569422641733734,0.9675356401096012,0.875321052316556,0.019404029331368366,0.05297558594442547,0.4590523287567099
1209200,341,6548.838418827462,1200,0.0,0.00018428911730328625,0.0004673266858683727,0.0,0.0,0.5648601651191711,0.0,0,,-0.2220891261698648,-0.08007507243657476,0.8928632837461692,0.0,0.012155941274866307,0.16568637642619974
1210400,342,6977.2393104097055,1200,0.6870959319887402,0.033205219058927364,0.04675365655305887,0.03266039490699768,0.04099183529615402,1.8878810405731201,0.0,0,,0.8798827536358926,-0.3366391282713744,0.9277417081942817,0.026355851192241004,0.02071317679792119,0.19263567690653097
1211600,343,7089.168663153801,1200,0.0,-0.002619538079101482,-0.0017947052483097462,0.0,0.0,0.42628392577171326,0.0,0,,-1.14190669566995,-0.5438058805999983,0.9416450373401981,0.0,0.003624826722212503,0.13950710443503833
1212800,344,6883.942425111565,1200,1.4018557960214706,0.09489354374558576,0.06836087600467652,0.09520445019006729,0.06194484978914261,-1.9795482158660889,0.0,0,,-1.966995056599808,1.3413116719932139,0.9038657250093189,0.023774984293990848,0.026619707843891904,0.24635613646766558
1214000,345,6666.337951643193,1200,0.0,-0.0030608675463822173,-0.0019998220962853946,0.0,0.0,0.956741452217102,0.0,0,,-0.3582081557374794,0.6046689043887347,0.8982959132591032,0.0,0.011625589295226618,0.175309696234945
1215200,346,6685.633712818102,1200,0.0,-0.004128593131569438,-0.002577237801139436,0.0,0.0,2.143376111984253,0.0,0,,-0.3180520529936007,-0.4322526752643414,0.8980469325306825,0.0,0.009985984378103715,0.16211484657960687
1216400,347,7020.413402722843,1200,0.7490899106352158,-0.059530917365600546,-0.01903291517873537,-0.05391276255249977,-0.014362306334078312,-1.9738093614578247,0.0,0,,0.23198563579525738,1.9522688593590287,0.9427096129120432,0.014111826772227025,0.032785861872621336,0.4704438066436473
1217600,348,6977.031777977591,1200,0.7651691212207222,-0.0616863064183061,-0.01624200045143163,-0.055012572556734085,-0.012861032038927078,2.0578479766845703,0.0,0,,0.6711507773365223,-0.08401796869952959,0.9388825892945017,0.011900074889324496,0.05361946925137339,0.5603084260541809
1218800,349,6902.2098496349145,1200,1.2325308648912225,-0.08020726462679509,0.06430300189784346,-0.07094638049602509,0.061935778707265854,-2.703756332397461,0.0,0,,0.3741086319237607,-0.23163933319151492,0.9201446449279332,0.013133024688436563,0.017902626216764295,0.4244388197175914
1220000,350,6970.636773737763,1200,0.9504494817957699,-0.0761091424119035,-0.02206387299112186,-0.06940001249313354,-0.01778964325785637,1.2335853576660156,0.0,0,,0.4177161115199935,1.1197628317136752,0.9337169509219586,0.00947238150553549,0.04809604450037601,0.44381977398647476
1221200,351,6735.205128682733,1200,1.7367319040411697,-0.08062976441461357,0.12052312818077107,-0.0672035813331604,0.11534453928470612,-0.6052396893501282,0.0,0,,-0.5213903301594375,0.5048994758920571,0.888940355804149,0.009649306351754325,0.05157411118070572,0.5258557032411055
1222400,352,6845.8789957696345,1200,0.7075304689418133,-0.045817717178474285,0.03762087515486224,-0.03948820009827614,0.04000752419233322,-1.4320656061172485,0.0,0,,-1.213985132411372,0.4720319501546668,0.9243654240180174,0.034107826469990395,0.05845091350205083,0.531640118431236
1223600,353,6426.328661984694,1200,0.0,-0.0022275495410701697,-0.0006333941710808686,0.0,0.0,-0.5459834337234497,0.0,0,,-1.6315815713713806,-0.681160300386167,0.912038688890392,0.0,0.010107868960869605,0.21451892823314178
1224800,354,6929.445130704011,1200,0.0,-0.0011644442040931809,-0.0014145445986525516,0.0,0.0,-0.40885645151138306,0.0,0,,-0.13999856442398423,-0.8743185008608878,0.94547940071514,0.0,0.005441908643582158,0.14214612212328231
1226000,355,6566.299548494299,1200,2.1534129773438027,0.1580588175094607,0.08497702577066746,0.15413916110992432,0.08397694677114487,2.8843750953674316,0.0,0,,-2.8265417436340545,-0.04279185587701094,0.8739237048500206,0.02193665649920037,0.07586205456577218,0.4001153175858649
1227200,356,6841.899779207835,1200,1.3135026872844557,-0.02151740086942789,-0.10744620301484936,-0.015355140902101994,-0.10115768015384674,0.641852080821991,0.0,0,,-1.3531463701367161,0.13577065274957542,0.9253191800739179,0.010341138349773587,0.033363689918023305,0.4403393118618276
1228400,357,6090.1416180183205,1200,0.0,-0.001151493397646069,-0.00185115236680916,0.0,0.0,-0.5311294794082642,0.0,0,,-0.19455246075850038,-0.04150769815671162,0.8589394599555394,0.0,0.020756678466324084,0.29416326758632855
1229600,358,6795.03103264945,1200,1.2742640544012582,-0.08758997753932682,-0.06006118518903936,-0.08136758208274841,-0.053766779601573944,-2.7252068519592285,0.0,0,,-6.1959709594464965,1.6959022546578795,0.9365285965798891,0.00810486690901563,0.03095230768684898,0.33519341640065353
1230800,359,6895.481961195201,1200,1.5142219980210603,0.008975333003598087,-0.1259333192003828,0.012268549762666225,-0.1176866739988327,2.6129348278045654,0.0,0,,-0.25016212189177006,-1.3421919736794183,0.9296478770131741,0.008949594939875143,0.026855028954595645,0.4155109541199982
1232000,360,6755.8824982268925,1200,1.5372919229066238,0.12145861455855242,-0.04077040784323552,0.12012912333011627,-0.038570892065763474,2.5546059608459473,0.0,0,,-2.97136148165738,0.764266030723153,0.9090363904035041,0.028175378760919956,0.019175173172977567,0.22282049251927205
1233200,361,7263.3119129666875,1200,0.0,-0.0008548619975632094,-0.00040285641828199156,0.0,0.0,-1.044458031654358,0.0,0,,-0.12082944307967663,0.291279891252454,0.9575702478425699,0.0,0.0032663508593513747,0.13784774344597706
1234400,362,6580.7645691853895,1200,1.0151861728352372,0.037773522731561246,-0.07578763275473308,0.0386824794113636,-0.06980833411216736,0.4790286123752594,0.0,0,,-2.6751482103965696,0.24998158542864574,0.9033813960436339,0.026870820521621035,0.03959679076005986,0.31008467133040024
1235600,363,6556.86949978866,1200,1.9372948426417003,-0.11464826175919138,0.11403496261221406,-0.10101212561130524,0.11263266950845718,2.0361523628234863,0.0,0,,-0.5848059331719515,1.270895703362559,0.8560511862372021,0.01655014937436185,0.05784799624222841,0.4152958183639224
1236800,364,7080.879652260143,1200,0.0,-0.0024951296855628435,-0.0024428318829100614,0.0,0.0,2.886828899383545,0.0,0,,0.17910332566297757,-0.11970365736688665,0.9380694879401382,0.0,0.003335785633889227,0.13606519817664178
1238000,365,6987.910909519632,1200,1.3560749163198693,0.1043209590021371,-0.043452039350733586,0.10090404003858566,-0.041267141699790955,1.7929589748382568,0.0,0,,-0.12781878443966874,1.2303935985105898,0.937041593178908,0.0159572931187547,0.020718159244327437,0.31737537120508075
1239200,366,6957.305382798097,1200,0.0,-0.002705470316082501,0.0009448389013703767,0.0,0.0,-2.9964122772216797,0.0,0,,-0.41267428361363667,-0.16108897431742905,0.9334156846449468,0.0,0.008625590280778247,0.1459370817391931
1240400,367,6731.325712301443,1200,1.2880749718736413,0.03501352886859607,0.1017976038068618,0.04214983433485031,0.09768904000520706,0.5026472806930542,0.0,0,,-0.28343880200705457,1.2035607478690964,0.8759650067623689,0.038738350699757076,0.02907917436509812,0.33571344291457844
1241600,368,7030.025075003899,1200,0.8124945203296625,-0.049191778292481454,0.04668834670481605,-0.04298190027475357,0.04578406363725662,-0.48884502053260803,0.0,0,,1.3460655195811844,-0.4015107164470542,0.9468722029583018,0.01761457456983133,0.03866908923737559,0.40659854146689783
1242800,369,5843.835708018342,1200,0.0,-0.0011201793251451883,-0.0011571676976855061,0.0,0.0,0.6254814267158508,0.0,0,,-1.748546396553263,1.2023571627896275,0.8511356735358614,0.0,0.01962964807259703,0.22412874917236986
1244000,370,6743.676398046837,1200,1.518561649244054,0.10856917857430236,-0.06501459760979966,0.10874771326780319,-0.06481122225522995,-1.8335765600204468,0.0,0,,-3.58194099280889,-0.5154354429731131,0.9148057888071645,0.0353111373569637,0.030967997982578228,0.39044690331981174
1245200,371,6731.943213476451,1200,1.7792044088648613,-0.10132421586384166,0.1083845718921935,-0.08924451470375061,0.10291188955307007,0.16643765568733215,0.0,0,,-0.9067828457303213,-0.8981832986842455,0.8818582489328797,0.009471361657299695,0.04767008155377194,0.4243387115739331
1246400,372,6757.661399761461,1200,1.8503905440092516,0.12646269344595126,0.08842176554930761,0.12860746681690216,0.08288494497537613,2.9030795097351074,0.0,0,,-0.5886949851944102,-0.2895222219850189,0.8990039735244542,0.027804829188405128,0.02546952722325199,0.33177111413217286
1247600,373,6571.531329650104,1200,1.838428062118526,0.1466262295102613,-0.04440517955576905,0.14790575206279755,-0.045149754732847214,-0.44988158345222473,0.0,0,,-3.352502965917199,-0.856333808201991,0.9143704517974127,0.03303012477608507,0.047943271931647664,0.4588540689216076
1248800,374,6150.4977877410165,1200,0.0,-0.003184146863436138,-0.00383958166235319,0.0,0.0,-0.9166969656944275,0.0,0,,3.432537575409105,1.3482798899444361,0.8719759590726249,0.0,0.010717290433969262,0.20962625623441272
1250000,375,6098.985802250321,1200,2.107139839927478,0.08020667822722033,-0.15637295979514704,0.08695302903652191,-0.15365074574947357,1.714552879333496,0.0,0,,-0.688563544717634,-0.26500617960171907,0.7956181114405478,0.05171606109476379,0.06784677476554464,0.5029288945868818
1251200,376,7234.782184133989,1200,0.0,-0.0022611282063060376,-0.0008531773088819648,0.0,0.0,1.5574336051940918,0.0,0,,-0.3976894520753887,-0.42724976100962647,0.9497948392425476,0.0,0.005852012695131545,0.1326868477150934
1252400,377,6775.866225316245,1200,0.783004934710504,-0.02408495208775924,0.06081104883635934,-0.01819511689245701,0.05721316114068031,-1.8465392589569092,0.0,0,,0.41610563547911783,0.32872967880877796,0.9123629346095199,0.031246134711230677,0.040803431146812515,0.35778498887140825
1253600,378,6919.0432606670465,1200,1.517019736973838,0.12550295951913426,-0.015193542172257638,0.12216256558895111,-0.015276790596544743,-1.666235089302063,0.0,0,,-1.762436165682275,0.18186576154416417,0.9213690718108047,0.019504628648634902,0.029677857514286483,0.30549098145106596
1254800,379,6910.460943314539,1200,1.2953061840111368,0.08858939151636908,0.06179868934358697,0.0863817036151886,0.055670466274023056,-1.1903046369552612,0.0,0,,-0.5756591447494354,1.0715698727584013,0.9138579985636299,0.017363401377937782,0.01669435993611495,0.2890842005018482
1256000,380,7079.61559599425,1200,0.0,-0.0012492622336614642,-0.003157567019493036,0.0,0.0,0.2968066334724426,0.0,0,,0.4131667348438517,0.3714652767678682,0.934460273399052,0.0,0.00341366005806011,0.12452657132727332
1257200,381,6879.731774333591,1200,0.0,-0.002870468604099624,-0.0036767550750101134,0.0,0.0,0.3505276143550873,0.0,0,,-0.8948301086490237,1.1685735419777308,0.9057955513077812,0.0,0.006234894459112745,0.1440032386939517
1258400,382,6956.182109509268,1200,0.9536250937590817,0.004821482184033663,0.07960371417237319,0.010459142737090588,0.07190648466348648,0.21079589426517487,0.0,0,,1.6321302333737742,-0.19177069877117775,0.9221190831390373,0.016007901746997056,0.018718304511024603,0.30913646666110456
1259600,383,6451.658450986969,1200,1.9091303054046798,-0.10582338030450632,0.11899051006410961,-0.09516534209251404,0.11669562011957169,2.1106998920440674,0.0,0,,-1.4759126057219607,0.5357200530336618,0.8199220682320604,0.02884943972547489,0.05746033365709753,0.4374678941971172
1260800,384,6917.532567711501,1200,1.7626195186697673,0.14626726444529564,0.013460131920310052,0.14347413182258606,0.012897380627691746,-0.3419335186481476,0.0,0,,2.0015814471765494,-0.1979211543380113,0.9183911062179106,0.020421911522355174,0.025311092483869008,0.3177994523660206
1262000,385,6642.994009567449,1200,1.5409553272547625,-0.12787566350529592,0.012594629904076558,-0.12042258679866791,0.016207268461585045,2.296741008758545,0.0,0,,-5.390183010823231,2.385110526537205,0.9370889341220353,0.009204386283533124,0.04367480351008512,0.6046830570084336
1263200,386,6708.713880616775,1200,1.992447763752225,0.07106714287032302,0.1500981971653654,0.07206522673368454,0.1444631963968277,2.0768795013427734,0.0,0,,0.30617881122648366,-0.028584199566848517,0.8902248413385642,0.02156148737638615,0.038001668851669695,0.37983373389696307
1264400,387,6851.212095839841,1200,1.6320338193645558,0.0246639675318914,-0.13386031466033377,0.02858438342809677,-0.12631559371948242,0.18207278847694397,0.0,0,,0.31751877580244897,1.4758584219244133,0.9297324323503371,0.009562243072597534,0.027300828574111514,0.47751966327037093
1265600,388,6361.873366166695,1200,1.545470290540901,-0.021335784286365036,0.12706887583387186,-0.016883298754692078,0.1231619194149971,-1.801646113395691,0.0,0,,1.0267067996880113,-1.0244591260255755,0.8530576208726679,0.036076542405662756,0.07960630862391639,0.308661092027206
1266800,389,7047.314953779355,1200,1.122794488435882,-0.08827914988850712,-0.03108746710923004,-0.07992181181907654,-0.02601470984518528,0.3423871397972107,0.0,0,,-1.9160099788376839,0.8776982014305998,0.9410589045449412,0.006646961405251098,0.020000285623083137,0.4229336984375857
1268000,390,6983.960578073979,1200,1.2313577675577834,0.0796407738839631,-0.0647774102249947,0.07923386245965958,-0.060624610632658005,0.06024811789393425,0.0,0,,0.6092165048441384,0.4531205452304494,0.9473654882959719,0.017796614872538825,0.025188253783849094,0.39812160354873355
1269200,391,7087.529106580862,1200,1.0215763412958203,-0.0850558135390785,-0.005843408039833734,-0.07711409777402878,-0.0011142711155116558,-1.3563143014907837,0.0,0,,0.9654918143031774,1.6567702558784732,0.947161975983916,0.005502140164706188,0.022730720149487214,0.3911773933845838
1270400,392,5605.767376780437,1200,0.0,0.001358291096356847,-0.004174492500719459,0.0,0.0,-1.9118144512176514,0.0,0,,4.022427971057766,1.8272488635691164,0.8027603486264719,0.0,0.02403175248575667,0.23350798635455144
1271600,393,7265.79957556296,1200,0.0,5.428661667584588e-05,0.0009324392715829014,0.0,0.0,1.1757330894470215,0.0,0,,-0.28394735614208044,-0.4477937915056111,0.9600774819620284,0.0,0.004068680555368398,0.11299513136557027
1272800,394,6396.173096811897,1200,2.1302803875530607,0.10444142043575215,-0.1436830925799428,0.10954777896404266,-0.140167236328125,-3.0622384548187256,0.0,0,,-3.0589152406159563,1.2039100975681074,0.8449027842278931,0.0381358961629164,0.06251744121200963,0.4117314892547486
1274000,395,6949.418848499852,1200,1.637201172392764,-0.13163076017527353,0.036084683989817054,-0.12246289849281311,0.03729774057865143,0.17353250086307526,0.0,0,,-2.5897960925739456,-0.06248218491226754,0.9167981063602898,0.01110750991733167,0.023570797307074093,0.27192433484014844
1275200,396,6331.9246861563215,1200,2.1803639406708326,0.06774494654859613,-0.16872389480654243,0.07265657931566238,-0.16356560587882996,-2.7786288261413574,0.0,0,,-0.8528235478029783,0.17015282063448461,0.8198825065500247,0.033337389566031043,0.04938670027637924,0.5259102253945257
1276400,397,7021.616265522005,1200,1.1663132210870588,-0.0029625765249639167,0.09759102316209058,0.005987624172121286,0.09202810376882553,-0.4001968502998352,0.0,0,,0.34996980720890913,0.05430188038026441,0.9236199541511617,0.016275770460216926,0.015011663688723302,0.2910070381226523
1277600,398,6246.274781290804,1200,0.0,-0.0025655188536146344,-0.003595399036436724,0.0,0.0,-2.1293540000915527,0.0,0,,-1.1406675993830069,0.2294228721355357,0.8617513434164511,0.0,0.0147924207927859,0.25788187106916544
1278800,399,7039.423640199324,1200,1.321437832560307,-0.02285521497233042,0.10808348181491433,-0.013248966075479984,0.10266099870204926,0.2347581833600998,0.0,0,,-0.0692367598907133,-0.3484854634801646,0.9232555039735769,0.012743581161086441,0.021679550255688476,0.3568738728978533
1280000,400,6863.888467405578,1200,1.425022051626431,-0.08609944747635183,0.08232686918398857,-0.07363174110651016,0.0825110375881195,-2.9402759075164795,0.0,0,,-0.6026772936620267,-0.8605040372975683,0.8943122728045201,0.011443711118608963,0.019211171983509835,0.32755460557785077
1281200,401,5982.812833835788,1200,2.0108077543963647,0.06649156499450176,0.15407095747768754,0.07718842476606369,0.1554800420999527,1.2529393434524536,0.0,0,,-5.031869505706111,-0.12671726166249897,0.7738093599169269,0.07504642129068455,0.06673664411155966,0.3454666341948987
1282400,402,7000.058716776362,1200,0.0,-0.0005160166747227653,0.0006739949800742213,0.0,0.0,1.8450425863265991,0.0,0,,-0.6414123678282955,0.09505837207722752,0.9411950196859726,0.0,0.005968362139901461,0.1319345758306589
1283600,403,6160.119415243125,1200,2.110601508774848,-0.13810245378489341,0.10910651705300822,-0.12510138750076294,0.10650165379047394,-0.0946822240948677,0.0,0,,-1.0988726351898466,0.7522125573953481,0.7981093181481527,0.017455114973745568,0.04714970613050854,0.24194303210315088
1284800,404,6688.852748491717,1200,2.0010884459372145,0.1410594026340792,-0.08896424192796577,0.14112910628318787,-0.08655447512865067,-2.9458906650543213,0.0,0,,-0.15182812170562204,1.4824883496769368,0.8908463987262311,0.02626994768798202,0.033892661575656215,0.3173530611145799
1286000,405,6446.803917882464,1200,0.0,-0.0038884692572879226,-0.0013594495445291505,0.0,0.0,1.5262035131454468,0.0,0,,-0.7462923418333828,0.9726176808229138,0.8965730031586345,0.0,0.007882944410283421,0.22293403552196744
1287200,406,6703.821431562525,1200,1.9660133787542993,0.16261930389677798,0.02016431625279527,0.1633266657590866,0.017072895541787148,0.34547334909439087,0.0,0,,-1.3544632291261127,-0.08574964461136897,0.90276612843826,0.029464681345528553,0.050198678216166165,0.46114918897763
1288400,407,6817.556924130195,1200,2.0401703284930766,0.1681079416517566,-0.025387968839988884,0.1655551642179489,-0.025055455043911934,0.594140350818634,0.0,0,,-1.1444591023145672,2.0778236404125563,0.9265558730774867,0.01706956858130406,0.03547131662853569,0.38745807574278535
1289600,408,6927.083267629236,1200,1.2944332318901048,0.009093145733265256,0.10771526045652356,0.015317423269152641,0.10182081162929535,1.6010175943374634,0.0,0,,0.4143175465531664,-0.9257314556011423,0.9175922107383309,0.018009198777415452,0.022024279851231593,0.32431390852725894
1290800,409,5903.448973286803,1200,0.0,0.0006049252683287881,0.00388331650012658,0.0,0.0,0.7796045541763306,0.0,0,,-0.9953853619193666,-0.27458311980973554,0.8095923265768098,0.0,0.015931556440939687,0.23448818321187412
1292000,410,7061.548564442272,1200,0.0,-0.000859258800470368,0.0008983189454637677,0.0,0.0,0.574053943157196,0.0,0,,-0.6622080448740516,0.2659876179737052,0.943543626527213,0.0,0.004707402813086254,0.12828760309990137
1293200,411,7088.5590842095635,1200,1.2909754563821907,-0.08724817031724089,-0.06295071036172316,-0.07973003387451172,-0.05625034496188164,-0.03042362444102764,0.0,0,,-0.468770402043111,0.3932794776647943,0.9388612048922236,0.006095404794149677,0.021524711177382028,0.482380993136586
1294400,412,7026.239677067336,1200,1.1168184423894403,0.08803856465022723,-0.030215391510256737,0.08636555820703506,-0.0281573086977005,-0.9447415471076965,0.0,0,,-0.8282699437572626,0.13127794480338856,0.9451886173548893,0.023766769856451018,0.029110343903038773,0.39080183202437097
1295600,413,6568.484914420195,1200,0.0,-0.0011861393117709109,-0.00033380034580644905,0.0,0.0,0.7958568334579468,0.0,0,,-0.5952973287368699,-0.5250114477069204,0.9154217840922414,0.0,0.015282240384028478,0.17649159875048515
1296800,414,7033.848394081147,1200,1.501934818122731,0.11324267592774777,-0.0533436567104877,0.11238148808479309,-0.050729360431432724,-0.07625972479581833,0.0,0,,-2.2819237209901804,1.0892362017939974,0.9421725699294162,0.020454054645410738,0.012748124006873666,0.2065920158466239
1298000,415,7034.198371403608,1200,0.8595995145521649,-0.07136736648811534,0.006909040884923874,-0.06089281290769577,0.0085796182975173,-0.020888283848762512,0.0,0,,0.29950773920175605,0.6659241198845638,0.9382405758805826,0.005572880608527587,0.03426900102844251,0.4789878236984913
1299200,416,6741.890128965407,1200,0.0,-0.0008697487218263305,0.00024324568171555283,0.0,0.0,3.066129446029663,0.0,0,,-0.6330677257481289,-0.15452707588564077,0.9350276351194023,0.0,0.00738078918714807,0.19655557140714588
1300400,417,6646.105790184507,1200,1.6735295288778362,-0.017886189484618842,0.13854159065845834,-0.009364127181470394,0.13180726766586304,1.63994300365448,0.0,0,,-0.9095600567953024,1.7034099753073701,0.8769399245835962,0.018960400024104984,0.04840435570348682,0.32744997641175533
1301600,418,6327.576540476655,1200,2.113114252780838,-0.03300108413695484,0.17303402690554046,-0.027269825339317322,0.1664963811635971,1.8186755180358887,0.0,0,,0.31304280865579776,-1.4670833893094173,0.8190905814483692,0.026285852665786907,0.06013485614974999,0.30410815050496814
1302800,419,6791.887712005076,1200,1.2909567919724314,-0.03328263375236462,0.10259566569349236,-0.023396246135234833,0.09490888565778732,-3.053711175918579,0.0,0,,1.2956399558845944,-0.27778818525877397,0.904027378609436,0.010572293726595227,0.04846638884912964,0.3650326002315611
1304000,420,7006.5800910923845,1200,1.8781270337520828,0.15375356473578897,-0.02940308052579222,0.15042449533939362,-0.03178893402218819,-1.070763111114502,0.0,0,,-0.16696318150635875,0.2150449388233122,0.9327662652431343,0.01642667152787751,0.018749142827840345,0.3169000298999447
1305200,421,5554.244513063843,1200,1.719480187017178,-0.1412882521967088,-0.02647897883527646,-0.1471070796251297,-0.03994031250476837,-1.6523321866989136,0.0,0,,-6.583811923325435,0.7498635784220983,0.7444467557197738,0.09518337036779674,0.09311249363045757,0.6644090719856195
1306400,422,6663.068025399798,1200,1.9269017715085384,-0.09992707824553891,0.125799508600577,-0.09151037782430649,0.1231149360537529,-0.021289261057972908,0.0,0,,0.21456250906820976,1.6909843788816146,0.8815690672413629,0.020755967284903747,0.04459031388397785,0.5059997616385555
1307600,423,6890.13360110235,1200,1.2443189113363173,-0.09482653743673151,-0.04203185479492714,-0.08799662441015244,-0.036451466381549835,1.3567619323730469,0.0,0,,-3.8297327978971145,-0.33173746438634755,0.9338907271250825,0.011783451118083732,0.03379825769950731,0.5427761645811933
1308800,424,6984.799874787297,1200,1.5898040835813254,-0.13232610613857398,0.00666906119202099,-0.12210604548454285,0.007687516510486603,-2.2046003341674805,0.0,0,,-0.4798639637912091,0.42593164907408676,0.9300449658464989,0.006038343456355426,0.018589030717633768,0.33617061398849324
1310000,425,6995.305250470579,1200,1.3804031925193367,0.008255912174735335,0.11504251988975078,0.015523268841207027,0.10678748041391373,-1.1344939470291138,0.0,0,,-1.0436644593961586,0.20753410787477397,0.9205403839520678,0.010489027613655656,0.016998419203660155,0.32038104709612114
1311200,426,6414.147321372386,1200,0.0,-0.002311366246846362,0.003231059209898315,0.0,0.0,-3.009063243865967,0.0,0,,-1.2078481189324821,-0.7078021538172737,0.8731553002681587,0.0,0.010214931674922564,0.19717789623083057
1312400,427,7033.652081972667,1200,1.5237958716390994,-0.11757623358371859,-0.04805364445882435,-0.10873259603977203,-0.04152876138687134,0.9038581848144531,0.0,0,,-1.8081978004841242,1.0715838900113133,0.9288442744675963,0.006499062711932581,0.022398186330395278,0.36692878805666995
1313600,428,6835.144774745022,1200,1.7905893553650387,-0.0568205410241653,-0.1381015756739628,-0.04889463260769844,-0.1337190717458725,3.104147434234619,0.0,0,,2.0680112134595396,0.8662527120895527,0.920897675200006,0.010711734640761054,0.039489594505925346,0.6238666681284767
1314800,429,6258.399095431193,1200,0.0,-0.0028227586073339256,0.002947994315193382,0.0,0.0,0.852001428604126,0.0,0,,1.2052483857026943,-0.13288025916753188,0.8761491847765268,0.0,0.007023194474272629,0.27108513490951974
1316000,430,7236.84547097794,1200,0.0,-0.0014927407997687814,-0.0010158136426307038,0.0,0.0,2.0691006183624268,0.0,0,,0.9957761472748252,-0.17854478430876286,0.9589614380702772,0.0,0.004220682346371783,0.12238233613986442
1317200,431,6846.970597394412,1200,1.8042015613106883,0.08418057362136047,0.12466906528009261,0.08511032164096832,0.11766831576824188,3.095081329345703,0.0,0,,-0.31528398343265257,-0.08805868253048464,0.8980993348334436,0.019453560617462975,0.03383293226079682,0.3785443766289643
1318400,432,7028.689380987812,1200,1.1263540088231987,0.08188641919323328,-0.04589626333348646,0.08380379527807236,-0.045488350093364716,1.1698819398880005,0.0,0,,-2.9645553171698267,0.7148731146249313,0.9408172328463398,0.035572748074515784,0.014195664880948615,0.24216755259584435
1319600,433,6829.884895358575,1200,1.8316491746730794,0.10956981946437393,0.10635422392974733,0.11142334342002869,0.10220509022474289,3.002034902572632,0.0,0,,0.820685689047718,-0.14962615842382634,0.9100389158340121,0.025927882280657174,0.05867753284926069,0.3625362967080029
1320800,434,6870.616844109446,1200,1.7662955729125485,0.1458158085517033,0.020213603788740122,0.14635196328163147,0.017903292551636696,2.2515995502471924,0.0,0,,0.217469451040061,0.8211564496321383,0.9161226859172291,0.02923313913841063,0.023134494192603713,0.36065529786684586
1322000,435,7103.488369855941,1200,1.1343379424010969,-0.06576198298790413,0.06797236966006387,-0.058798667043447495,0.06483565270900726,1.878482460975647,0.0,0,,0.24254581536335704,0.7080369818000486,0.9509916015330816,0.007153102736685803,0.026501010840204658,0.3707551404723061
1323200,436,6641.1903799603515,1200,1.906467484374687,-0.09695729511142467,0.1260271032367482,-0.0860719308257103,0.12199237197637558,-2.5147664546966553,0.0,0,,0.15363685187690743,-0.22693057651445106,0.8612298982356985,0.01853453297259279,0.030609416285549848,0.3810167363614626
1324400,437,6991.27197583741,1200,0.8529447859182363,0.06989337442649773,-0.01298674535686892,0.06959705054759979,-0.011673369444906712,-2.022109270095825,0.0,0,,-0.23193737874613685,1.2213062527515468,0.9350139628638434,0.036632179369843226,0.019958583381363512,0.2824105256409165
1325600,438,6897.566208654344,1200,1.7372014808817153,-0.11905735904577487,0.08248727384253199,-0.10802551358938217,0.08006634563207626,-2.158853769302368,0.0,0,,0.7671160068040449,1.9446708914377986,0.9139220830196444,0.009003270813299593,0.02042830682001374,0.4164341663884119
1326800,439,7005.555974042084,1200,0.9186484573799881,0.05683830056623807,-0.05143626922912298,0.057928416877985,-0.04720333591103554,0.14325851202011108,0.0,0,,0.03856156120337208,1.2430858417849624,0.9469972235765554,0.023910182631893127,0.023689760426236325,0.3338959785554846
1328000,440,7008.490026255649,1200,0.0,-0.00010426999417187322,-0.0026001702736158524,0.0,0.0,-2.3989810943603516,0.0,0,,0.05907333455007406,-0.8393884221426944,0.9446021096069539,0.0,0.0045739221161346525,0.12536226471581763
1329200,441,6819.880053688896,1200,1.9199959456059774,-0.15998712298602824,0.0061410203557934855,-0.15002009272575378,0.011217132210731506,2.6307952404022217,0.0,0,,-1.8691531346768173,-0.320854656491963,0.8968545676516241,0.010226444737745264,0.04234193578030235,0.474181371603088
1330400,442,6836.502788094377,1200,0.7614326774847294,0.03592501405988136,-0.05232114138140102,0.03449217975139618,-0.04799051582813263,-3.0511231422424316,0.0,0,,1.1133413353787145,2.038718269417065,0.9440417028717578,0.021598941248855974,0.032184179794062275,0.3316769057628196
1331600,443,6836.162894291801,1200,1.8245395071571409,-0.11704000190858452,0.09733187214129756,-0.10439147800207138,0.09572111070156097,-3.140744209289551,0.0,0,,-0.46903996422767097,0.5693564113174816,0.8902980530128594,0.012643613498168189,0.029216537666966604,0.487746614941774
1332800,444,6928.3635048086935,1200,1.5372217501932681,0.052105907619952194,0.11712098446071685,0.0538732074201107,0.10999888181686401,-1.6823577880859375,0.0,0,,-1.6956286510340213,-0.8340894858008696,0.9200755037830265,0.01748196467071433,0.024366784264129707,0.36409504543846843
1334000,445,6845.659772403807,1200,1.714403903273739,-0.02164917327429287,0.14150249715755822,-0.012177634052932262,0.13641239702701569,-1.1119390726089478,0.0,0,,-0.3435553004688482,-0.92371811814215,0.9051927287281768,0.014116889709651454,0.026628229333507097,0.3666772060209677
1335200,446,6860.142639873823,1200,1.695672079130748,0.08319285352444739,0.11436398855492894,0.08482016623020172,0.10719303041696548,-2.269589900970459,0.0,0,,0.22625045126406226,-1.118743485610904,0.8988490759991244,0.021968503474453817,0.03517868929404533,0.41442406830385603
1336400,447,7171.828213066525,1200,0.0,-0.0005283918856083433,0.0012574891000032605,0.0,0.0,-1.9872708320617676,0.0,0,,0.1791973953582842,-0.22662798679285373,0.9480930671318157,0.0,0.004368275154550285,0.12277093246470949
1337600,448,6465.675505571498,1200,2.0085379842715247,-0.16390734090122153,-0.03410242120539141,-0.1605696827173233,-0.029796091839671135,-2.833794355392456,0.0,0,,-2.176699396837113,0.01922749709218043,0.8855488477585685,0.02614462219166284,0.04554506396232964,0.45178162500152186
1338800,449,6875.388490916904,1200,1.2235010089908867,0.10179537391525531,0.005861830141637734,0.0991857573390007,0.004669921472668648,-2.55513858795166,0.0,0,,1.414872132505207,-0.15503863449623567,0.9153204587967375,0.029745482924128534,0.025632675258959126,0.3412099370263769
1340000,450,6718.809298721098,1200,1.7335396196155985,-0.025357984340198484,0.14242391772955856,-0.017024129629135132,0.13733349740505219,1.587505578994751,0.0,0,,0.9485926794709517,0.4231576429298234,0.8934574284935093,0.017493770222039063,0.046863898884624264,0.38251799884940185
1341200,451,6966.133789993739,1200,1.210891138347937,-0.05783315261479565,0.08286314737981222,-0.04834739491343498,0.07774243503808975,2.263666868209839,0.0,0,,0.5009462776518079,1.0335133590894514,0.9206990576432807,0.009117333970818875,0.03660835739898622,0.37064706113916246
1342400,452,6439.8995088293395,1200,0.0,0.0018774597551924962,-8.914990296671012e-07,0.0,0.0,1.3470189571380615,0.0,0,,-0.6607109757110676,-0.14338326248690336,0.9140485608533773,0.0,0.008029401764092135,0.21529211804718926
1343600,453,6974.6396992290565,1200,1.554536325197914,0.12898789619066742,0.012165166656779157,0.12710894644260406,0.010000905022025108,0.3919696509838104,0.0,0,,1.3490279378904277,0.14630009380388673,0.9320348137598169,0.02149884033857762,0.02146453937409635,0.33839661563380957
1344800,454,7120.352498335877,1200,0.7502531089220282,-0.03638808516609181,0.0511546682998202,-0.02910284511744976,0.049893274903297424,-1.9757672548294067,0.0,0,,1.1361399896233608,1.223838667010164,0.9427600862612491,0.01625352725081092,0.023609612744230325,0.3504594138967177
1346000,455,6983.474687975305,1200,1.128249360065902,0.08812683482225565,-0.03276828668494797,0.08670944720506668,-0.03178141638636589,2.3520936965942383,0.0,0,,-1.8038665862849863,0.08299175965978478,0.941515276870399,0.022113787063536512,0.014654704287850224,0.29498769505821726
1347200,456,7106.031934690098,1200,1.1493180795872835,-0.033521068512144515,0.09006085748501917,-0.024421991780400276,0.08667907863855362,1.5230138301849365,0.0,0,,-0.3914364808300406,-0.22972276240679543,0.9355220870366726,0.01185164450851814,0.01152866694188266,0.24995088935785967
1348400,457,6651.4769417445805,1200,2.037242306656368,-0.13305484756819974,0.10564196269210956,-0.12160651385784149,0.10434767603874207,2.7220091819763184,0.0,0,,1.6868026106781753,0.9293907841746272,0.8798327970719941,0.015096983341330316,0.05241644459360795,0.565460830273275
1349600,458,6890.443346563423,1200,1.7567931506754977,0.13826591495363771,0.048311018081778526,0.1389816701412201,0.044010814279317856,-1.6163818836212158,0.0,0,,-1.2564830318563056,-1.102419189215607,0.929952801073858,0.022628466512923554,0.033206596545002354,0.3658184012823043
1350800,459,6086.057734849573,1200,1.944513818573541,-0.02169593329771,-0.16058654949441967,-0.021398885175585747,-0.16560135781764984,0.1449568271636963,0.0,0,,3.9397710829480426,-0.2891558918203514,0.8454968801612794,0.056235691665478975,0.11698176353993928,0.7262766375159945
1352000,460,6846.478642744322,1200,0.8496960909011624,0.06686143273501925,0.023341650694922635,0.06457089632749557,0.021292472258210182,-3.0901057720184326,0.0,0,,0.4134641077200767,0.6419907942732774,0.9246912086414568,0.03221943691553118,0.0159545834620608,0.24402549983179342
1353200,461,6638.759720109118,1200,2.1112094257315497,0.1339782055563282,0.11417434528686826,0.1358409970998764,0.10829862207174301,-2.3036515712738037,0.0,0,,-0.7568580193830351,0.028936862401958245,0.853540094910792,0.02700933965200327,0.027239097607757213,0.30014899434275627
1354400,462,5767.734433480026,1200,1.797116874309309,0.04920746082291625,-0.14148353392745766,0.0502626933157444,-0.1555265188217163,2.3665683269500732,0.0,0,,3.8716256973820338,-0.5444799298100242,0.745765002708253,0.10255868543797068,0.11486357839090557,0.7950851557926717
1355600,463,6990.663096910263,1200,1.2681234722288646,-0.040027504998491344,0.09810786247848362,-0.029723236337304115,0.09141220897436142,-2.5256407260894775,0.0,0,,-1.2201868131729732,0.10196814401935043,0.9193848172661889,0.008300880392694823,0.021466289165767777,0.3004191823854618
1356800,464,7073.062623088632,1200,0.0,5.18142450687398e-06,0.00035395459085465705,0.0,0.0,0.0812307745218277,0.0,0,,-0.23287111844149533,-0.42871367493822965,0.9576170572070257,0.0,0.006388500320385986,0.1416654499576746
1358000,465,6525.317202307902,1200,0.0,-0.003802339138086325,-0.0034847055687423642,0.0,0.0,-1.5871829986572266,0.0,0,,0.4350026755087533,0.39190265698263177,0.8636747475453885,0.0,0.013393618549077434,0.17054475544278216
1359200,466,6990.088220668822,1200,1.7808622510101861,0.11397894171767305,-0.09505071540578831,0.11259088665246964,-0.09220991283655167,-0.5892423987388611,0.0,0,,-0.9684960047559574,-0.23352274600386014,0.9376637308893455,0.014916450515434342,0.024797586578954287,0.35690047137321895
1360400,467,7129.024411145935,1200,0.940775734246946,0.07149660828143369,0.03227985145333758,0.06956463307142258,0.028525566682219505,0.8016501665115356,0.0,0,,0.693971840278868,-0.17437539677626437,0.9461513690973682,0.01638079761660704,0.020712784807893785,0.3314052246366287
1361600,468,7085.550146632146,1200,0.0,0.0003353531456235722,0.0019192644455781407,0.0,0.0,1.349300503730774,0.0,0,,-0.8751056664463717,-0.2736271955580845,0.9489633078009967,0.0,0.004407635323431109,0.11410358207599967
1362800,469,6989.211067341989,1200,0.6316795659609641,0.052636456833219776,-0.0008824362795742741,0.05200044810771942,-0.0015042199520394206,1.3821548223495483,0.0,0,,1.3824041646799412,0.29294800380469105,0.9386424634228328,0.040906993573329505,0.011207346298792747,0.25307926812266585
1364000,470,6812.458684245172,1200,1.7671266155762237,0.07445047205293392,0.12736032292529612,0.07953470945358276,0.11908596009016037,1.1796907186508179,0.0,0,,0.12565353771339524,0.06260521922959093,0.8892311028953458,0.016396631884917294,0.023803720562435102,0.36551870786743496
1365200,471,7155.19949466967,1200,0.7189808095068434,-0.05808274809913534,-0.014794966911384044,-0.05178125575184822,-0.011693243868649006,-2.274996280670166,0.0,0,,0.9741243916830569,0.19114794650567862,0.9611861811717171,0.008106656688599934,0.02590320755207588,0.4160756538706056
1366400,472,6977.9168350975615,1200,1.5924712933613752,-0.10690081976632843,-0.07863379680703884,-0.09956575185060501,-0.07273227721452713,1.8369442224502563,0.0,0,,-2.681109277124803,0.5696348125281023,0.9337403499563686,0.008569721549243889,0.021855641225036516,0.5497428406827972
1367600,473,6796.043695843363,1200,0.0,-0.0008901075469722953,0.0003395279462346704,0.0,0.0,-2.3965539932250977,0.0,0,,0.19791744968210834,0.5314964344355322,0.9135483307789866,0.0,0.018002882701863298,0.15739262180913233
1368800,474,7106.750907906519,1200,0.7067491303098414,-0.016023215991956375,-0.056781073529222695,-0.011370843276381493,-0.051823690533638,3.0347962379455566,0.0,0,,1.1623656347147155,0.2991349581159847,0.958801743929937,0.011774725699379363,0.0422800550663803,0.6101628131235465
1370000,475,6896.435693862916,1200,1.8992400884537828,-0.08818188989192935,-0.13149087647875363,-0.07991627603769302,-0.12604062259197235,-2.784996271133423,0.0,0,,-3.6657970676255105,1.146036077347629,0.9108539230162556,0.011193658549551677,0.031671315679415585,0.6858356902492263
1371200,476,6676.814677586905,1200,2.101417844818925,0.16972557933642274,-0.04312429985289407,0.17187924683094025,-0.04401782900094986,-3.026594400405884,0.0,0,,1.1159234222645282,1.7293961524111094,0.8764183356270248,0.039273209728197145,0.029198178529053837,0.4286305158293926
1372400,477,6776.809889608111,1200,2.017896322067206,0.14838589615244074,-0.07911853814126278,0.14837199449539185,-0.07798419892787933,1.839941143989563,0.0,0,,-2.5938065762531926,-0.48969406011812233,0.9087927301161026,0.023521620518073504,0.03307428805063089,0.4267005911148311
1373600,478,7184.520943733414,1200,1.03775717631427,-0.07570709844615835,0.04203966053709726,-0.06785260885953903,0.04242265969514847,1.0770164728164673,0.0,0,,-1.9462938189455719,0.8909836249162894,0.9516294670180828,0.007007262933691753,0.018084015969213985,0.36489953734636493
1374800,479,6808.331619601424,1200,2.0511224449295824,0.14503219657822067,0.09068493457613527,0.1474609673023224,0.08459789305925369,1.6339322328567505,0.0,0,,-1.9478738593441767,-0.47916327631043226,0.9119958379152763,0.01857122466951432,0.03934612979428988,0.3299245092105509
1376000,480,6732.769257063776,1200,2.1736872563858363,-0.18100229786401725,0.008399217973743857,-0.1691451370716095,0.01208674069494009,1.080241084098816,0.0,0,,0.5756151263112423,0.3600800466350664,0.86078103799411,0.015501623764980871,0.03144143123223056,0.4712751940130375
1377200,481,6984.190522873723,1200,1.5964281589548883,0.13153606088586717,-0.01991885184328642,0.12985163927078247,-0.01972566917538643,-2.441277027130127,0.0,0,,-0.6790629714670591,0.8394811690014635,0.9423277274176303,0.018615459033263424,0.022809555744146004,0.29694992325683134
1378400,482,7040.802582901366,1200,1.4423343871907741,0.07580620959608271,-0.09352316931195924,0.0793662890791893,-0.08730849623680115,-0.12224822491407394,0.0,0,,0.07722991519704013,-1.2191161585474328,0.9450286191680618,0.015674426757666945,0.02334024151043949,0.47851592769449713
1379600,483,7004.914598416345,1200,1.246344434372325,-0.041141442864251726,-0.09548288889345337,-0.03386136144399643,-0.0895729511976242,0.9570977091789246,0.0,0,,-1.1785948704291584,0.6890325458479296,0.9297312760605244,0.011743468896474112,0.028771123678746947,0.5537048805672636
1380800,484,6837.557627989257,1200,1.8404517977548203,-0.13000619833158064,0.08175701771536897,-0.12082815170288086,0.0850168764591217,-0.18663446605205536,0.0,0,,0.30907028661926256,-0.9215630298649548,0.9038476324740327,0.01998555678206342,0.04314188312906534,0.5836893298507134
1382000,485,6589.875667339025,1200,0.6791219846328321,0.042479067526870466,-0.037465194546156336,0.04584541544318199,-0.03723694384098053,1.3277829885482788,0.0,0,,1.3798425666374463,-2.0614712243941877,0.8807681261838906,0.08672410205790708,0.04975508476436514,0.43781500935715506
1383200,486,6416.809670362859,1200,0.0,-0.0023714820194182615,-0.0019410832403452972,0.0,0.0,3.058363437652588,0.0,0,,0.8026438269008538,0.3046528197557762,0.8950585614911599,0.0,0.00667500863883684,0.17878801506677094
1384400,487,7031.4805674593845,1200,1.2443575105510731,0.10017569388217287,0.0269598009195812,0.10103320330381393,0.02407245896756649,0.6205614805221558,0.0,0,,-1.400286286736636,-0.4636997548636334,0.9399336089629241,0.029602738514602885,0.014182037063115084,0.26479528002338537
1385600,488,7031.86682928435,1200,1.0539997541845887,0.08776197493350094,-0.004192787954454125,0.08816742897033691,-0.0064764865674078465,0.8645196557044983,0.0,0,,-1.4572774206807093,-0.08567136264553524,0.9452758796931736,0.03089787755646692,0.009582770193999812,0.24365917104657683
1386800,489,7004.251961904796,1200,1.7699721857699935,0.14753286846571348,-0.001298052095444257,0.1462077647447586,-0.00473060691729188,-0.20805226266384125,0.0,0,,-2.233059944677475,-0.05925730956260896,0.9418836700871538,0.01693695963218169,0.013307031043937894,0.27300594756371716
1388000,490,7028.294877796147,1200,1.4442028601977603,0.04044985050432372,0.11366469550676309,0.04644376039505005,0.10624009370803833,1.0661346912384033,0.0,0,,0.45812862272639815,-0.05743225124631105,0.9237245688611434,0.013923551978783472,0.018300891106828202,0.287923230372673
1389200,491,7064.96995821281,1200,0.7636085042441949,0.06225158213086465,0.013301619271756016,0.061321862041950226,0.011396365240216255,-0.3233410120010376,0.0,0,,1.6712823136860193,-0.3973667263221103,0.9404117319688317,0.03239717954432557,0.016907718972013392,0.21900833368980163
1390400,492,6920.631367559263,1200,1.4953273536380767,-0.06744960071388459,0.10500231411710705,-0.05748426169157028,0.10134784877300262,-1.3119035959243774,0.0,0,,-0.8335991400079852,0.4550386038041839,0.9180225297110147,0.009878838933915073,0.02154121114476269,0.2708645775394144
1391600,493,7107.738169554173,1200,1.3174383200030837,0.025435811041700458,-0.10691065312416098,0.028514694422483444,-0.09992650896310806,2.8882060050964355,0.0,0,,-0.11071244744313923,0.222085322006016,0.9476589746524835,0.00813422751677996,0.016978467446075486,0.41429478350709864
1392800,494,7116.208725040168,1200,0.783840289146361,-0.04653062768114578,0.04615132127332104,-0.03838244825601578,0.04482055455446243,-2.997138261795044,0.0,0,,-1.155844720151988,-1.0054573847634092,0.9404469247094949,0.016315344465084345,0.01506881606012858,0.2847651802038897
1394000,495,6926.176109222951,1200,1.7198301494779105,0.04525514163686543,0.13621821069811244,0.05036322399973869,0.12753623723983765,-2.650982141494751,0.0,0,,-1.3580507081432394,0.35332689600172645,0.9092386424548959,0.01332433131050257,0.02449398749754901,0.3185052097623874
1395200,496,6938.5189824439685,1200,1.6882504160743963,-0.09374108947426801,0.10515593467596118,-0.0821104496717453,0.1022121012210846,0.06181890144944191,0.0,0,,0.5486875951540393,0.3533822433235,0.9062675969001077,0.008943306518154025,0.026318421750969333,0.39355072537133495
1396400,497,6533.150774581908,1200,2.111862522256972,-0.07902994171427469,0.15753804658277143,-0.06595751643180847,0.1515379399061203,-0.3527108132839203,0.0,0,,1.1673549059938813,0.5754480936424998,0.8488524288959769,0.013865316363127404,0.05186441576385827,0.4240131067202111
1397600,498,6891.730875317156,1200,1.7913766822078168,-0.09633226078490621,0.1141757153518473,-0.08572521805763245,0.10965713858604431,-0.11968871206045151,0.0,0,,1.7095766444331955,0.8245323999388657,0.9093545009185654,0.008830398575697689,0.040308563069277735,0.47841033898159196
1398800,499,7060.625621554798,1200,1.4173683340402654,-0.020541400669006414,-0.11643386135214863,-0.014140782877802849,-0.10819673538208008,1.4691362380981445,0.0,0,,1.379178537033462,0.5931716796481074,0.9238753083936043,0.008873652978872987,0.019367854915515893,0.471104827723853
1400000,500,6548.158494331602,1200,2.15310962500985,-0.08940577309566632,0.1556719048347163,-0.0824229046702385,0.15487372875213623,-1.5152510404586792,0.0,0,,1.7724399058425881,0.7542619113564587,0.8506316739067346,0.03122574103167329,0.04351379714048758,0.5124937128829694
1401200,501,4901.378008625514,1200,1.933538804102797,0.001886680631163466,-0.16124092905296603,0.009098160080611706,-0.1786700040102005,-2.3547117710113525,0.0,0,,-8.675119931031745,1.8603149895335152,0.657111836050482,0.1296373970831494,0.13530460034245573,0.6152586978745815
1402400,502,7036.633743429314,1200,1.5161717668061159,-0.024835670140344115,-0.12395757140860612,-0.019025351852178574,-0.11521528661251068,0.3486495018005371,0.0,0,,0.8297584659250592,0.04389770261813107,0.9308751866832099,0.006864097521893884,0.027948525697084968,0.48575066077387646
1403600,503,6984.632501310445,1200,1.0014949702810243,-0.08149790225249869,-0.017983652353071113,-0.07383184880018234,-0.016580287367105484,-2.4446513652801514,0.0,0,,2.6547141308074633,1.44957567427095,0.9422191985882415,0.011791207202449788,0.017523902074540697,0.4030346008119159
1404800,504,7085.746795198294,1200,0.0,-0.0019945588345646895,0.00011314466656978076,0.0,0.0,-1.7425538301467896,0.0,0,,0.013094714827852395,-0.10045603042107025,0.9486867948681881,0.0,0.004677899750583268,0.14413659117927333
1406000,505,6973.094875899418,1200,1.64882023623439,-0.06763755459327536,-0.1196812150027591,-0.05955219268798828,-0.11369095742702484,-2.0180366039276123,0.0,0,,-2.4333288195911367,0.6905113318397462,0.9357735589189775,0.007312040461538447,0.03099699701771662,0.5868884398608041
1407200,506,4947.143948444922,1200,2.645424053355008,0.10081862470814688,0.19606842198046384,0.10865842550992966,0.21821123361587524,2.5601067543029785,0.0,0,,3.8318084945367277,0.8629735752889051,0.5493969075356727,0.13316502686610826,0.09238858403715348,0.42745347594943883
1408400,507,6174.521982739169,1200,0.0,-0.002323141517736624,0.0010643341514209224,0.0,0.0,-0.06346624344587326,0.0,0,,0.809958460073175,0.24383236259507585,0.8614274331142225,0.0,0.01679801861108821,0.17090305833872943
1409600,508,5453.617572673307,1200,2.6162450260749073,0.15599728354823655,-0.15230956290698006,0.16446590423583984,-0.15958990156650543,2.0897774696350098,0.0,0,,-4.280672452347493,-0.3353503182610221,0.6556635802862365,0.08634367821618932,0.08786877967937116,0.629801349488365
1410800,509,6965.061986090656,1200,1.7687215532845009,-0.05057238891479186,-0.13854683342222357,-0.04373700171709061,-0.13462021946907043,0.6589315533638,0.0,0,,-2.8922855980521716,1.0012744168920058,0.9377011532651034,0.010815843148562484,0.033280682969766856,0.603050734665279
1412000,510,6801.029052479784,1200,0.0,-0.0019743944386137863,-0.0006255680132118571,0.0,0.0,-1.2175524234771729,0.0,0,,0.25890138893579795,0.16147791156550362,0.9286000324752941,0.0,0.00925282381534669,0.1574000862120567
1413200,511,6382.643734461755,1200,1.6966100360482461,0.12816588850758626,0.06000513506086835,0.13194672763347626,0.05493469163775444,1.7504339218139648,0.0,0,,-3.4346426438298745,0.8693007876712031,0.8388582988397896,0.05199206730300272,0.04323237162416644,0.48596185780011647
1414400,512,6878.703025211695,1200,1.797129852385626,-0.03501637758772015,-0.14568455332730526,-0.028852101415395737,-0.13897866010665894,-0.3954046964645386,0.0,0,,-3.297489501276348,-0.07100898512889162,0.9266159220458347,0.011042755857639662,0.03766035525623379,0.701887174976281
1415600,513,4076.0830757981043,1200,2.133732226031683,0.007845398199384611,0.17902251598045177,-0.017110152170062065,0.21198414266109467,-0.10332151502370834,0.0,0,,-6.023579658518427,1.8973193788141922,0.47912648758794985,0.19009484115714026,0.15751156876148498,0.5059750018880034
1416800,514,5373.185559909012,1200,2.4339621147153374,-0.011731675059328612,-0.20257815966174847,-0.019972899928689003,-0.22846995294094086,2.1533079147338867,0.0,0,,-0.41481555472703635,-0.6089988562065808,0.6306709031593255,0.14114264231403556,0.09083995421355957,0.5471342429247021
1418000,515,7160.680059022106,1200,0.0,-0.0010338396063377668,-8.137765051579571e-05,0.0,0.0,-0.3133908808231354,0.0,0,,0.12567720773298707,-0.3016201160203301,0.9562639952758485,0.0,0.0060927717953515636,0.12144140133668671
1419200,516,6892.765911852727,1200,1.0995347773727855,0.011320490474671546,0.09128255959708745,0.01849096640944481,0.0862712636590004,0.2747291624546051,0.0,0,,-0.25365138566764217,-0.29089497104368417,0.9003397217292138,0.031565348184121926,0.030141329110809044,0.2556318301213894
1420400,517,7011.294355052154,1200,1.305690668830445,-0.07178021330695014,0.08199273677299437,-0.06159266084432602,0.07872532308101654,-2.124812364578247,0.0,0,,-1.7630806848729697,1.7220128441334508,0.9231419869350233,0.011332324618992846,0.01788355581301513,0.4484909753370276
1421600,518,4589.66822609693,1200,2.090206320384781,0.1408134807375601,0.1027283659471498,0.18973860144615173,0.1279468685388565,2.8296728134155273,0.0,0,,-2.1436434781524,1.7276921375847707,0.47208618604396674,0.24218461871643338,0.0784199654693131,0.5471703817627761
1422800,519,6940.328998050204,1200,1.2847332850187168,-0.10138078078890277,-0.034427292609392146,-0.09602905809879303,-0.03150857985019684,-2.6637496948242188,0.0,0,,-3.5904765982168203,0.6495112542532661,0.9322602510174344,0.01531168423170324,0.021492854736035138,0.41774779596163925
1424000,520,4183.044304805989,1200,2.609246415672002,-0.04715390114643056,0.21472211089148657,-0.08788933604955673,0.23061220347881317,2.2881479263305664,0.0,0,,-0.9750946292406131,0.35037575750685357,0.3854829357360477,0.1660179456276668,0.0879265569758282,0.5027685554737293
1425200,521,6764.966065782056,1200,1.6816429996577127,0.11714466184175576,-0.0770884831009038,0.1185043677687645,-0.07181967049837112,-1.5985575914382935,0.0,0,,-3.0172121082262446,1.3428526332982689,0.930688770996806,0.019439387398493626,0.017945727502489794,0.3022346807072366
1426400,522,6380.026784485355,1200,0.0,0.0014571649301921817,0.002021163653674824,0.0,0.0,0.7179383039474487,0.0,0,,0.43630580645843575,0.3399947718444622,0.8637822819587611,0.0,0.016362761216277437,0.21378514996131923
1427600,523,6800.499580523779,1200,2.0808711925960983,0.10801461397997672,0.1361163113090271,0.11414676159620285,0.12621594965457916,1.5037912130355835,0.0,0,,-2.3239874054589276,0.5582047894414002,0.8952497329740144,0.016680399119287252,0.02630761054215423,0.34698382543854206
1428800,524,7170.680380062111,1200,1.050187354614541,0.06562961440864362,-0.05796281149727238,0.06622238457202911,-0.054793376475572586,0.5481505990028381,0.0,0,,-0.5713418018493543,-0.19563778346779884,0.9597022122387947,0.01919966516698184,0.011867673703003654,0.3140710895209604
1430000,525,6066.4344334879515,1200,2.362722791751254,0.04155715382857722,0.19250042275714893,0.04804027080535889,0.20230954885482788,-2.0086772441864014,0.0,0,,0.46200638779822867,-0.08425042139830156,0.7532297723073398,0.07713795008035428,0.05679587370395133,0.4825246755591519
1431200,526,6654.8383949881345,1200,1.0878642175333573,0.07031573158805483,0.05736199031942906,0.07604606449604034,0.05659269914031029,2.340238332748413,0.0,0,,-1.0896660143201404,-0.34034894469667343,0.8741935860986154,0.07318045046482383,0.03593699177250538,0.36213147164251613
1432400,527,6164.393312474011,1200,2.468855303226147,0.006595544754915369,0.20567026564072927,0.010732099413871765,0.20906463265419006,-1.793455719947815,0.0,0,,-0.5300993913162015,-0.993382535955214,0.7618893412613356,0.052804359406114235,0.0480528994898,0.41059948951441505
1433600,528,6801.495098093582,1200,0.0,0.0011692071340292892,0.00020581605608155837,0.0,0.0,-1.8155300617218018,0.0,0,,0.06686855040320933,0.2856152874127045,0.918132196467264,0.0,0.007784084435641312,0.1385232638666675
1434800,529,7245.007477566469,1200,0.0,-0.00043857619465892736,-0.00045057585035599736,0.0,0.0,1.1496713161468506,0.0,0,,-0.3302069289199681,0.13622931026781773,0.9607574714624845,0.0,0.003958503767131421,0.12027957220004891
1436000,530,4199.592635138131,1200,1.9641434245211555,-0.1606662670053833,-0.031471912333534836,-0.2168322205543518,-0.04753914847970009,1.510886311531067,0.0,0,,3.1391960577186424,0.41652249212342535,0.39645512069859945,0.2715375039660194,0.1375008137970046,0.5698305010790551
1437200,531,6973.468117601381,1200,1.5842276497178522,-0.11969313088332927,-0.055716443034024836,-0.11037355661392212,-0.0527336411178112,-1.3362370729446411,0.0,0,,-0.518030146459253,-0.12830181127461024,0.9126067189271898,0.015557816736318841,0.028492466088509676,0.6030010078084794
1438400,532,6974.514685966982,1200,0.9316229251396716,-0.0030305354993192747,-0.07763548531137639,5.714916369470302e-06,-0.0717737078666687,-0.7455177307128906,0.0,0,,-1.0305206533895805,0.42832782919715207,0.9267521322141206,0.02161393023452585,0.032532385163504596,0.41659172954562707
1439600,533,6954.925827745996,1200,1.7156165626582833,-0.08989579871392755,0.11136900476067671,-0.08050260692834854,0.10983112454414368,-1.0811094045639038,0.0,0,,0.8794587488906731,0.18411248267566532,0.9119099582438408,0.01593003542221725,0.040251640020886346,0.5419958381742408
1440800,534,7074.331404817551,1200,1.406920913741414,0.007510440466848326,0.11721685995708037,0.014098817482590675,0.11281085759401321,-1.8132344484329224,0.0,0,,0.46205990463543145,-0.6497629304191973,0.9322244679420417,0.015598962520722414,0.016290085042968864,0.37117822414767215
1442000,535,7057.0044123666785,1200,1.667470692695478,-0.1381134473981378,-0.015712490616592262,-0.12554465234279633,-0.01093418337404728,2.5731425285339355,0.0,0,,-0.2619552806211071,1.2629325994080995,0.9116542355601825,0.005204092342854415,0.012975732513168883,0.37900923275598863
1443200,536,7018.04248132757,1200,1.565682835230281,-0.07990047547242399,-0.10322668235031977,-0.07162885367870331,-0.09873822331428528,0.7148602604866028,0.0,0,,0.45915405401749515,0.11657696593590183,0.9273327087126436,0.011376497255409995,0.025698342733734975,0.547562330018632
1444400,537,3361.8854722162505,1200,1.2387463450772866,-0.09004957607993826,-0.05141752672436078,-0.1435282975435257,-0.06477615982294083,-1.5676259994506836,0.0,0,,-9.738565820720957,-2.2474815249659934,0.44203914996157107,0.34043372339003436,0.09935401988317123,0.46048498777211466
1445600,538,7131.919517848503,1200,0.885914500886931,0.054401748292339,-0.049988729402048716,0.05603978782892227,-0.047642480581998825,-0.13364748656749725,0.0,0,,-0.5512599414321455,0.28103343113316814,0.9500379871134802,0.029343361091999996,0.014948994449302757,0.44456944901429096
1446800,539,5675.100774802916,1200,2.6954371453847186,0.1638664001589092,0.15382899250786275,0.17937417328357697,0.15697772800922394,-3.047886371612549,0.0,0,,-4.297158011797869,0.590819436877941,0.7040097147731779,0.08011058916708198,0.08057950587702864,0.47805121764742337
1448000,540,4880.077316294813,1200,2.5494499640142516,-0.18671201997243914,-0.10171396060173818,-0.21176275610923767,-0.12643912434577942,-1.866665005683899,0.0,0,,1.5662504314310195,-1.24224386872665,0.5487923339442192,0.16366156094197293,0.07508817257780796,0.5262189166139972
1449200,541,7030.014573436042,1200,1.0682551615910882,0.08717538784632557,-0.018035998511492624,0.08581584692001343,-0.017508337274193764,-0.45619848370552063,0.0,0,,-0.5701300659789004,-1.4789936440559093,0.9479631934310002,0.023439773819814592,0.018834400148086478,0.33984164973943504
1450400,542,6646.130414511402,1200,1.9396595111337325,0.1557232282574274,-0.043326926917704296,0.15569016337394714,-0.04322049021720886,-0.035007573664188385,0.0,0,,1.0374337849465083,-0.23560086864034915,0.8989443903022175,0.0310166031949848,0.026069728754992926,0.3250535266581233
1451600,543,6403.980875814574,1200,0.0,0.0014107832417881191,0.0005077306758571274,0.0,0.0,2.2628042697906494,0.0,0,,-0.06597048059683926,-0.33535433911992185,0.9126916501559632,0.0,0.023590218899610875,0.18581839813737536
1452800,544,5961.732614180269,1200,2.0934251899756635,0.17248021204685124,0.026155711540139456,0.18680626153945923,0.02821924537420273,2.517296075820923,0.0,0,,2.0798032362108474,1.5066775266327188,0.7843491379737793,0.08368097874623344,0.04183561326774514,0.43900646143671207
1454000,545,4449.86962895949,1200,2.4025348753245552,0.04226654336260362,-0.19579447010571888,0.044714223593473434,-0.24286070466041565,2.26015567779541,0.0,0,,-0.7946894456595186,2.252749868359085,0.44926518230905277,0.21449958823509424,0.06236646851533346,0.3441671954990657
1455200,546,7201.262796522113,1200,0.0,0.0007219524642906957,0.0011570959771595687,0.0,0.0,0.5760638117790222,0.0,0,,0.36933102313878047,0.6850466993342015,0.954071733537921,0.0,0.006877445614030481,0.12401366913143524
1456400,547,6971.506926122417,1200,1.0851692325227211,-0.08653300828006635,0.026278966693507006,-0.08224068582057953,0.024077842012047768,-2.682960271835327,0.0,0,,-2.0774202197816463,-0.593161257265905,0.9228889682425656,0.02108663760175048,0.02065984968079731,0.4471227783413486
1457600,548,7051.608884025453,1200,1.062058831277547,-0.049240130545665985,-0.07355619239238119,-0.044623348861932755,-0.0690116360783577,-2.6658530235290527,0.0,0,,0.7167634830800037,-0.08000833624392768,0.9339241762436973,0.024095236397054062,0.027376834902438234,0.5196468843926708
1458800,549,6963.437790466832,1200,1.3564699293353493,0.037029236826918464,-0.10695541849477089,0.04220129922032356,-0.10447432100772858,1.5702860355377197,0.0,0,,0.04971333950918168,-1.0610440754923276,0.9139111889004344,0.025295183428158438,0.03129149829802186,0.55358471858866
1460000,550,7091.963468359703,1200,1.4370525455926912,0.08150204065195765,-0.08790902757085586,0.0849713608622551,-0.08370658755302429,2.7138023376464844,0.0,0,,0.6619994283881473,-0.22646249773097593,0.9402614333704723,0.021962006485394047,0.019995826579365987,0.4215456402834281
1461200,551,4805.084691692896,1200,2.2929237808231875,0.19108677580466918,-0.00941234823664268,0.22721093893051147,-0.02267415262758732,-1.830803632736206,0.0,0,,-3.266809860368008,1.712850417408583,0.5796459084055413,0.16993304032188558,0.08529338766434709,0.45042437296424
1462400,552,6961.890205817713,1200,1.5062428400123389,-0.09002148005979983,-0.08760991719524401,-0.0825720950961113,-0.08688787370920181,-0.5864481329917908,0.0,0,,-0.18620743976461201,0.09560601628307791,0.9028500253502402,0.023918307105187678,0.02537678017427773,0.5354061451698231
1463600,553,6852.9247095324345,1200,1.6888917685450104,-0.12135667489463586,0.07144314931159776,-0.11192303895950317,0.07119299471378326,2.715015172958374,0.0,0,,2.4584482817368873,-0.18142686095001584,0.9182204543682246,0.014135053574070711,0.03411359953276783,0.6316438852635219
1464800,554,6937.175637446139,1200,0.8364467717383832,-0.0685250082314041,0.012959245457929279,-0.06682372093200684,0.010433743707835674,-0.6327388286590576,0.0,0,,-0.43049915542056505,0.05388584340526924,0.9153663476936038,0.037342312274157956,0.02954905442025817,0.4597517899059819
1466000,555,6554.074714367304,1200,1.8374279452969335,0.03800628770030583,0.14867113712188587,0.046816855669021606,0.1430961787700653,2.6064329147338867,0.0,0,,2.4599608549909022,-1.464839808449862,0.8748582522901862,0.024164816654757275,0.0455623112612168,0.437491826049307
1467200,556,6837.095111160601,1200,1.805967497001965,-0.14196023116491452,0.050169200374839844,-0.131837397813797,0.051070284098386765,-0.6230552792549133,0.0,0,,3.6590470060395353,0.303854018541371,0.9076738487060246,0.014714249813827351,0.023847066734923268,0.49182109646604005
1468400,557,6687.114990950122,1200,0.0,-0.0018014083809857787,2.1939388676910665e-05,0.0,0.0,-0.7810452580451965,0.0,0,,0.22057770752934072,0.14266179760198028,0.9207949979617837,0.0,0.00889735487636481,0.24878392995539514
1469600,558,7041.436951754266,1200,0.0,-0.00011332996331147219,0.004078824748007417,0.0,0.0,-2.128028631210327,0.0,0,,1.2017071802505155,0.5979589641162382,0.9280463162336478,0.0,0.005539567588572078,0.14322426132621635
1470800,559,5399.025158618336,1200,2.5948436499717085,0.14978174791226337,-0.1559706604157801,0.16263054311275482,-0.16666147112846375,-0.51652991771698,0.0,0,,-0.3433199299376369,1.4099221914192546,0.6424287071332722,0.10754371906912574,0.0653653173066353,0.39925995397300484
1472000,560,7047.924543088057,1200,1.3515097427994474,-0.043966052837848955,-0.10388567840525328,-0.03579049929976463,-0.09997095912694931,-1.7019212245941162,0.0,0,,1.3955115534078761,-0.7067316393370044,0.9389011525208358,0.010242817835069997,0.03726850121977825,0.6095773931034497
1473200,561,6894.056480625909,1200,0.7740961017680547,0.060618290979729476,-0.022152078909824218,0.06074531003832817,-0.02008531056344509,-0.5010724067687988,0.0,0,,0.9283415696695191,-0.320320886072655,0.9183179774977533,0.04610378021261613,0.027249566434818746,0.2781000310909509
1474400,562,7122.799437114128,1200,1.5701539178187303,0.01839297007119404,-0.12974633304649671,0.024291150271892548,-0.12252499163150787,-0.49911952018737793,0.0,0,,-0.6005708749319456,0.4926628441773746,0.9382355486127947,0.008224192694506891,0.028388998145851354,0.49918767663758234
1475600,563,7110.407768972095,1200,1.7153064693891686,0.015845531962413954,-0.14218629498814436,0.020921628922224045,-0.13597071170806885,0.8505547046661377,0.0,0,,0.27513403016063137,0.3456252839646353,0.938046666859651,0.007685987577713459,0.024103388190613893,0.5968065283424896
1476800,564,6929.602650557223,1200,1.3861025918663556,-0.08650167888115882,0.07658824641708208,-0.07879564166069031,0.07282252609729767,-1.6162457466125488,0.0,0,,2.038414023625632,0.6517916550480383,0.9242245287245309,0.012901600192896927,0.0180698616689217,0.2704701198087341
1478000,565,7031.368395530262,1200,1.7052832404015792,0.020756389107282603,-0.14080938781790206,0.02740093320608139,-0.13347792625427246,1.4738415479660034,0.0,0,,0.5702119157093991,0.04831108454989327,0.928741728564775,0.008738562413870407,0.03518257475678576,0.635291441891251
1479200,566,4211.548224141556,1200,1.9210820016109917,-0.14855265691590436,-0.06089045001914485,-0.18604214489459991,-0.060312505811452866,-2.269423007965088,0.0,0,,-8.057820682841415,-0.25432731100718636,0.5226189810476236,0.21159470347796921,0.10224145505563156,0.602290233498677
1480400,567,6984.856859140221,1200,0.7789084213577145,0.05660117078211254,-0.031844115119243566,0.05765213444828987,-0.029984449967741966,0.3457316756248474,0.0,0,,0.255646314779688,1.007813474372596,0.9370861131047732,0.03805848864386365,0.0167559340500236,0.3793360488626429
1481600,568,3496.7372733222396,1200,2.0016289851879367,-0.04912609067020646,-0.1595041081527484,-0.07890971750020981,-0.2284269481897354,0.875653088092804,0.0,0,,2.401929421705004,-3.440828924437317,0.265624949140601,0.3119000176211859,0.11752766090639265,0.6437159463081176
1482800,569,7002.883592374401,1200,0.0,-0.0009947772257162704,-0.0006695334624303696,0.0,0.0,2.3798885345458984,0.0,0,,0.09654624521043582,-0.4352835056261033,0.9334876329269609,0.0,0.005643412059468027,0.1325995581671398
1484000,570,6785.078770308368,1200,1.398907313840012,0.07981036461687761,0.08507057436667294,0.08215297758579254,0.08161607384681702,-2.1041975021362305,0.0,0,,2.0427841913367657,1.813506858059767,0.8944155065635149,0.03168321203434976,0.02845183826452496,0.2872261513322688
1485200,571,6965.135381605975,1200,1.8512864571004146,0.15075840578163344,0.03275406137285619,0.14962980151176453,0.0317927822470665,-1.3494960069656372,0.0,0,,1.0493963530052115,0.7931808974387986,0.937195690202433,0.017334101351919866,0.04388206253518152,0.4286492414595388
1486400,572,6590.169418401684,1200,2.246806855088839,-0.04582954845525145,-0.18175380020166268,-0.03683759272098541,-0.18192096054553986,-1.8807685375213623,0.0,0,,1.462217708219453,0.2393070802343635,0.8542081340681634,0.028419833599328172,0.04618346142593952,0.44237445997632097
1487600,573,6122.489434727764,1200,2.3198566230535977,-0.19297595468374346,-0.011555434310553237,-0.1914937049150467,-0.011763525195419788,-1.4325463771820068,0.0,0,,-1.2501967281868596,-0.9374763942666974,0.7486325682454922,0.06321366726764228,0.0358598434338545,0.37131055368171756
1488800,574,7051.2524244723145,1200,1.0282470366781813,0.08409103397211494,0.016557999039667603,0.08274106681346893,0.014515249989926815,3.0381147861480713,0.0,0,,-0.48157047155055877,1.5814482505359426,0.9353660424644943,0.028204582224589665,0.01114973569176042,0.23726007769648927
1490000,575,7099.13668843463,1200,1.0332108368027857,-0.001959314104986299,-0.08628637401067216,0.003603957826271653,-0.07713556289672852,-2.435159921646118,0.0,0,,-0.03204648637657614,0.3534075607620116,0.9364579876495601,0.006826562263372953,0.031731921841717546,0.5038265419829951
1491200,576,7078.071206450604,1200,1.6463240205396672,-0.03819907426987128,-0.1319103177301325,-0.030259231105446815,-0.12509700655937195,-0.1518450826406479,0.0,0,,1.5051665554189677,0.42954390493937805,0.9287182351471253,0.0072060859967979785,0.02859197060699233,0.572161207214093
1492400,577,6996.077542549166,1200,0.0,-0.0016390711669368374,-0.0005195007002292696,0.0,0.0,1.0542550086975098,0.0,0,,-0.4717431962122021,0.31679098650069576,0.9591578480968561,0.0,0.0038959052473361007,0.15628623127139682
1493600,578,4312.127974039065,1200,2.6072751196630826,-0.1495986711276143,0.15826969015324524,-0.15833337604999542,0.19229337573051453,-1.570687174797058,0.0,0,,5.280619373672537,0.9859864661048612,0.4596235587776053,0.15378362208575025,0.10970986759047567,0.5525404470759917
1494800,579,6932.096933173265,1200,1.0625190605089028,-0.07558137123269178,0.04615250297036868,-0.06942816078662872,0.044180650264024734,0.7540886998176575,0.0,0,,1.5580127022879935,-0.6324564053409449,0.9090848549994939,0.0271630612046189,0.018724638960505555,0.44337344980906723
1496000,580,5110.5732869832,1200,2.6867839197848484,-0.1538254437926314,-0.16436834971783837,-0.14568699896335602,-0.19242197275161743,-0.2341838777065277,0.0,0,,-7.4917751792258755,-2.783459499442356,0.5745399280654274,0.10121256687011024,0.05601944918434938,0.5819124379358934
1497200,581,7149.526119371947,1200,0.0,-0.0010484466555624292,0.001471863401300507,0.0,0.0,-2.8106839656829834,0.0,0,,-0.43481855938332814,0.09905863688039783,0.9452520429891511,0.0,0.005831086096747887,0.14163159000473405
1498400,582,6862.267385525064,1200,1.8677593599473896,0.12855343863766977,0.08783836371495223,0.13082584738731384,0.08458974957466125,1.6573023796081543,0.0,0,,-0.7583075571476501,0.6073683894066695,0.9190201785626838,0.02408291702675671,0.020908404376426992,0.22974292341091265
1499600,583,7041.267878912367,1200,1.5773511323230918,-0.028030324590839737,0.1285669689972703,-0.02011878974735737,0.1183842271566391,-1.608392357826233,0.0,0,,-1.2765680126178214,0.9251539103282647,0.9107597188436817,0.005712627543382768,0.022023470546054236,0.3805075059938198
1500800,584,5853.184222701949,1200,2.061038216834585,-0.16706137522028905,0.03988475806718215,-0.16446825861930847,0.04034823551774025,-2.4215049743652344,0.0,0,,-2.5044545918313315,-1.5749458164186236,0.7518579644815921,0.05246431703857772,0.048473489285522,0.5363019839103645
1502000,585,5438.830200312435,1200,2.807490110272326,-0.23214891918549124,-0.031503558827324314,-0.24183911085128784,-0.02003842405974865,-0.9854688048362732,0.0,0,,-2.4534780369005786,-0.21787824791532748,0.5996809803032073,0.07793730470533279,0.07537107764830357,0.5336142042162009
1503200,586,6444.8739221731485,1200,2.3856709812084826,0.059289992102078755,0.19048407036087736,0.07423003017902374,0.18314170837402344,2.35298490524292,0.0,0,,-0.4604629931157231,0.3268340292088527,0.8113272509447597,0.03718825259883081,0.04345404028212427,0.3559297926330777
1504400,587,6479.320101273273,1200,2.3362654362950503,-0.16904916111120558,-0.09664436405756989,-0.16229337453842163,-0.09697086364030838,1.14313542842865,0.0,0,,-3.2818790077101982,0.17057912123144583,0.8320907108245795,0.037763513808045206,0.03263090741486393,0.5187645560367856
1505600,588,6892.01385087334,1200,1.4729854118360228,-0.09870401255912896,0.07297457119466635,-0.09058929234743118,0.06779062002897263,2.8846819400787354,0.0,0,,3.732014714659794,0.8534483557131916,0.9126206216684496,0.008809423178158549,0.026511457750004158,0.44199218386969846
1506800,589,6427.207336199955,1200,2.2770398169394572,0.03527479293532934,-0.18648684014493616,0.03227340802550316,-0.19225850701332092,-2.4232869148254395,0.0,0,,0.28540773677838116,0.34545508367428207,0.8316801648587164,0.050452187105468414,0.059085851935587914,0.5480367761155955
1508000,590,6391.763221225138,1200,1.9483804016444277,-0.036774055741065174,0.15844359891367435,-0.026784580200910568,0.157623291015625,-1.6671041250228882,0.0,0,,0.9351956618053657,0.6181708701304484,0.8236904367616893,0.03676114297212755,0.04846394626732656,0.5513697741203797
1509200,591,5314.340700091299,1200,1.5463259593534802,-0.041820401746905815,0.1219315735289652,-0.04532250389456749,0.1442573070526123,-2.6385111808776855,0.0,0,,2.1088331888315546,1.262716703728542,0.6276265218932175,0.17146190346231374,0.05998688691395955,0.5195779689943719
1510400,592,6665.850321618513,1200,0.7616587713184372,-0.04437114605049386,-0.04560205121725416,-0.03903816640377045,-0.046170130372047424,2.5175986289978027,0.0,0,,0.657516456005218,-0.15046451588742338,0.8804824960100194,0.06837012838557327,0.031175286525659884,0.4029705316543653
1511600,593,4587.656015316345,1200,1.7199359277421347,0.13375457517673947,-0.05205028009954083,0.1700448989868164,-0.056100599467754364,0.3131943345069885,0.0,0,,6.13235158780406,1.2397041577158117,0.6218575061055706,0.1977526617868311,0.08694631329252701,0.4216787678998462
1512800,594,5480.176859693358,1200,2.474940184883739,-0.1396734250832239,-0.15175348452190351,-0.14913995563983917,-0.16343721747398376,-0.949704110622406,0.0,0,,-3.8082280575955405,-0.16150146255521908,0.6697762362998295,0.1061753250821473,0.06317835405930414,0.5479336913372076
1514000,595,6990.791186330628,1200,1.477503636203433,-0.08383802138425775,0.09017272028020357,-0.07816168665885925,0.08448629826307297,1.313815712928772,0.0,0,,0.6694125797589495,0.9371261540474306,0.9204909303974534,0.0130075219949049,0.02027506414646281,0.3084294249024443
1515200,596,6901.085013496166,1200,1.9291468461662318,-0.04496487012451531,0.15449455665603146,-0.036655180156230927,0.14907677471637726,-1.6895086765289307,0.0,0,,0.7971814581784681,-0.30450736263564965,0.8950514130352866,0.015199909642843502,0.024111642291423263,0.3315418741832668
1516400,597,7035.906532117618,1200,1.5312495855499881,0.010497817924443268,0.12735036123490906,0.01624028943479061,0.11951158940792084,1.7415934801101685,0.0,0,,0.32150447507824254,-0.3655123665749549,0.9165057174783723,0.013438830495168664,0.022379816759995688,0.2348601662579477
1517600,598,7278.518117142726,1200,0.0,-0.0012417351105208157,0.0008679513603390323,0.0,0.0,0.05130868777632713,0.0,0,,0.4409591286546828,-0.19152686735810048,0.9554518155926798,0.0,0.005479828778603369,0.11595299910132387
1518800,599,6657.44369659243,1200,2.1540312324815583,-0.1662556149324668,-0.06770662717825895,-0.15628115832805634,-0.06164075806736946,2.435743808746338,0.0,0,,0.19070743078415783,0.21393475974973142,0.8389026352638332,0.022542890703134682,0.025713393957138647,0.30027568070216587
1520000,600,6360.708713141981,1200,0.0,-0.0028479611921105596,0.00035644622898620143,0.0,0.0,-0.8554893732070923,0.0,0,,1.2021396845201988,-0.24199876655389166,0.880139920523608,0.0,0.018265368806864236,0.14903219226261163
1521200,601,6772.024893639701,1200,1.5985228979325046,0.06980388899783069,0.11380412655000413,0.07619353383779526,0.10744971036911011,2.4355359077453613,0.0,0,,4.140637383161495,0.29843635829426435,0.8893158458644284,0.030951482538230053,0.024163230642961733,0.21838849625556753
1522400,602,6967.783569605136,1200,1.8097120273875245,-0.055455910951400116,0.1404544462779525,-0.04556054249405861,0.1352144032716751,1.4288616180419922,0.0,0,,2.3482755072074872,0.15024216936588702,0.9173923254551143,0.008659374454771752,0.024221128767502126,0.32674587022223633
1523600,603,6247.593414264239,1200,2.5149732296416722,0.08977226124476596,-0.18940903495010167,0.0919191911816597,-0.18640033900737762,0.5165001749992371,0.0,0,,0.04347616679012749,0.18802334737229176,0.7918210187589972,0.03945110584947675,0.040352788251648994,0.4548920845203401
1524800,604,6027.643645038154,1200,2.670319275125142,-0.22173733234344714,-0.01935693196018048,-0.22006812691688538,-0.014334258623421192,-2.8369879722595215,0.0,0,,-4.5447845544790315,0.3777649422028268,0.7474358502994725,0.05131205810966168,0.034039866522392416,0.39549662315517264
1526000,605,7091.034202903405,1200,0.8357815179554522,-0.051474443151512395,0.04694421172269825,-0.04487784951925278,0.042821839451789856,0.3715016841888428,0.0,0,,1.5720303198351824,0.28413645195277576,0.9406940703134874,0.009768888970601115,0.015789708534898583,0.2828016108887935
1527200,606,6940.447866538184,1200,1.0232168613681312,-0.07577664710492804,0.03909754853210717,-0.06589525938034058,0.03426666930317879,-2.4286491870880127,0.0,0,,1.6500949828648945,-0.6569547428607252,0.9042533724156774,0.011360087217099933,0.015100575286371952,0.2861289962832936
1528400,607,7227.018853302211,1200,0.0,0.0004544480015508218,0.0009962791666511715,0.0,0.0,2.278090715408325,0.0,0,,-0.6971463633150102,-1.0686096360365755,0.9570748099694024,0.0,0.006388559131556791,0.12152641821190814
1529600,608,6565.480881858515,1200,2.213036331549719,-0.14613614636290054,0.11256618830670492,-0.14054326713085175,0.1132439598441124,0.09750481694936752,0.0,0,,-0.5509612838801328,-0.4120781996940566,0.8563122907467667,0.03422714724925971,0.051690254178229166,0.6647009277874549
1530800,609,7401.060768169412,1200,0.0,-2.5302039401154922e-05,0.0015184562254671595,0.0,0.0,1.4127963781356812,0.0,0,,-0.408467594324307,0.6027815283765261,0.9680490484130877,0.0,0.0051170856240119,0.12209619625918554
1532000,610,7371.332865228758,1200,0.0,-0.0002140788298553663,0.001384206142400657,0.0,0.0,2.153177499771118,0.0,0,,0.3148525341507812,-0.1390683037587707,0.962734972770308,0.0,0.0033945893501768952,0.11669634883013996
1533200,611,6256.4295790329315,1200,2.567208666822849,0.13593479523057064,-0.16520535455583488,0.13530445098876953,-0.16162347793579102,-3.0330207347869873,0.0,0,,-1.2817578478031828,0.4345093858037633,0.7959160503825405,0.03281468086054228,0.04411423636164403,0.31521006904102294
1534400,612,6780.9986552923965,1200,0.0,-0.00022654140949061795,0.0015260576571470969,0.0,0.0,-0.10875174403190613,0.0,0,,0.052661624109329085,-0.369931988531731,0.9250938263097337,0.0,0.0205342770606976,0.18705725879679677
1535600,613,6901.651418423596,1200,0.8899306803992811,0.07306976143950795,0.012750984206191812,0.07306816428899765,0.011341211386024952,2.875352144241333,0.0,0,,1.6627856799901415,-0.1290257054918224,0.9281135010009027,0.03965568265204834,0.02257697960375618,0.3236356507476716
1536800,614,6408.783834468843,1200,1.9477121748618174,-0.16155928291595706,-0.015622202091864308,-0.15624994039535522,-0.014076254330575466,-0.19569912552833557,0.0,0,,-1.5022383056452202,0.18403726912855115,0.8149672060706705,0.042193619886938406,0.029504926279058145,0.41728894763905233
1538000,615,6872.638158755104,1200,1.448926277619825,-0.12074183871793708,-0.0007725027633299325,-0.11132317781448364,-0.00040714183705858886,0.6824321150779724,0.0,0,,-3.7521675744165615,-0.755313046963896,0.9022851997461823,0.013156845822323305,0.019222360645775847,0.4812858940191696
1539200,616,6943.543611500092,1200,1.2526154385540935,-0.05860858948200235,0.08655021768122717,-0.04980328679084778,0.08251795172691345,0.6934571862220764,0.0,0,,2.047204588091004,0.3628506073512753,0.9234634504389134,0.013642181577956042,0.025704527414998648,0.4454224472357412
1540400,617,3362.7603660519126,1200,1.2973810142326647,-0.037973245460608984,-0.10125070690723771,-0.06866912543773651,-0.172389417886734,-0.3054741322994232,0.0,0,,19.970103619369088,-2.966307649832458,0.47893005888804036,0.3809370731486739,0.08878597651160942,0.4375496745952364
1541600,618,6567.275389235775,1200,1.7905400967589093,0.1356813274612613,0.06211709536333468,0.13743561506271362,0.06075220927596092,3.1100497245788574,0.0,0,,-0.4080868171444846,1.5275725314993684,0.8706687415997,0.04223794792926713,0.044268500153229924,0.29943059385675985
1542800,619,5314.713957320885,1200,2.6290373685087354,0.10699812933618327,-0.1913281514494931,0.11313655972480774,-0.2196115255355835,0.6684773564338684,0.0,0,,-2.2531040865310126,-0.9163047729329296,0.6494349072003388,0.12261804332571051,0.05800995413825434,0.5492872031743038
1544000,620,5677.548083948336,1200,2.747693335079713,0.0003867553940447099,-0.22901174459758852,-0.003990690223872662,-0.24273927509784698,-2.6253907680511475,0.0,0,,1.287893996629772,0.8079330851969987,0.6767467975974893,0.08610237785154048,0.05747049766881712,0.427101771266312
1545200,621,7090.29113366919,1200,1.072406847512557,-0.07186857530098734,0.05341839489995067,-0.061856888234615326,0.05236757546663284,1.3041552305221558,0.0,0,,1.4465947261396197,0.40909522371194873,0.9344000977934441,0.009852639370609158,0.01664129752307968,0.351812680044942
1546400,622,6428.0855750331375,1200,0.0,-0.0024967547841178556,-0.0017223851345713123,0.0,0.0,1.1795958280563354,0.0,0,,-0.715248416969632,0.5151188683470407,0.8597296861647025,0.0,0.013051695258811776,0.20346942969141846
1547600,623,5344.5110074861705,1200,2.827150762315114,0.17064036979661498,-0.16247418888623016,0.1803130805492401,-0.1670011729001999,-2.181105375289917,0.0,0,,-5.78209452347852,1.009236519047765,0.6953864239247368,0.07713590469272597,0.07042793720193578,0.5110415071738873
1548800,624,6849.849178526745,1200,1.5866615289624668,-0.053221050001138734,-0.12110522654626618,-0.04758820682764053,-0.11795193701982498,-1.9922161102294922,0.0,0,,1.588342265782097,0.8886606981465205,0.9108903153369742,0.02538643084722529,0.03099500817730076,0.4214472216609313
1550000,625,6608.395217047537,1200,1.4479592751383636,-0.07826448029297055,-0.0918908225917159,-0.07165051251649857,-0.08864392340183258,-1.6085995435714722,0.0,0,,3.470282710157476,1.9310986450822014,0.9059275121340111,0.021730097722687833,0.03504186674414079,0.42717695973182496
1551200,626,6643.364613207298,1200,1.2490697469765133,-0.09702623373546583,-0.03771280029248878,-0.0884547159075737,-0.03569834306836128,0.8773982524871826,0.0,0,,2.950183388959115,0.0589636646497466,0.8892596699827349,0.022443036607112273,0.03369129244369031,0.35264453002778723
1552400,627,6285.090633486067,1200,2.1418879773929755,0.14254569522419536,-0.10751657402189041,0.15502509474754333,-0.11092326045036316,1.9351160526275635,0.0,0,,1.8277081986733827,0.5953934903546769,0.8066039647310489,0.0744356929421899,0.02945476903961539,0.4136546038170316
1553600,628,6738.326387815225,1200,2.2759790766398704,-0.17792665654250553,-0.06571557613420194,-0.17008556425571442,-0.06088003143668175,2.701251268386841,0.0,0,,-0.41909097224138375,-0.9179356518900357,0.8666806278179151,0.019796354554468893,0.02340715637760462,0.41998898532255313
1554800,629,6995.436118032855,1200,1.3725987952573921,-0.1010623733141873,-0.05359584931456163,-0.0903857871890068,-0.049576811492443085,0.8940313458442688,0.0,0,,1.5078073640040197,-1.0047360285270261,0.9209103701359601,0.006960845944220776,0.016198724787245135,0.399370975592435
1556000,630,6994.764108178815,1200,1.724238278675696,-0.02724258144270879,-0.14136997022003325,-0.017209472134709358,-0.13423886895179749,1.3402304649353027,0.0,0,,2.293894030844931,-0.3309606507620116,0.9190035169271707,0.00769459892483757,0.025411133594747327,0.497355941115203
1557200,631,7369.053940406999,1200,0.0,-0.0004344407782024401,-0.001184639854136517,0.0,0.0,-0.5094358921051025,0.0,0,,-0.3499497940737689,0.0435428507616101,0.9631045604003948,0.0,0.0022894971318524675,0.11650223019195166
1558400,632,6735.901630560214,1200,1.8505854895837328,0.05523348193146489,0.14434809402241147,0.06329309195280075,0.13738799095153809,-0.8160070180892944,0.0,0,,1.4687461677268383,-0.17401387937781257,0.8820631176444987,0.025485782934477005,0.032743733259401504,0.40205906446293127
1559600,633,6469.427824483768,1200,2.4865521042747876,-0.2052849968475498,-0.028213402985626714,-0.1959899663925171,-0.02781614474952221,2.663581609725952,0.0,0,,-2.56256780510769,-0.29543706411565546,0.8252993792734777,0.02086197363807703,0.03522814602090516,0.462558463910466
1560800,634,7029.111706320617,1200,0.9195790054301896,-0.060683522065223844,0.047263256733877906,-0.05156723037362099,0.04784398525953293,-2.8387222290039062,0.0,0,,-0.2723984783747105,-0.3840214143846925,0.936561514473643,0.014292739064523125,0.017118542363603943,0.5355865964704135
1562000,635,6949.85793728532,1200,1.5519557764333072,-0.021630205664591996,-0.12775581150845206,-0.013127480633556843,-0.12302993983030319,0.8083240985870361,0.0,0,,1.157058479156351,-0.7449464989339568,0.9117684999478801,0.016206607592227716,0.02496235166913221,0.5752624366958817
1563200,636,7067.56344433415,1200,1.2887168940410842,-0.06452542681097147,0.08603960044758169,-0.05581090599298477,0.0833602249622345,-0.2926279902458191,0.0,0,,-0.3556320513247246,0.5547486483664756,0.9420016129778518,0.006294624771683183,0.012792767714223349,0.37784104232410415
1564400,637,6124.726671136411,1200,2.7426108999078957,0.22535095565750865,0.03829202783496196,0.2255975902080536,0.034569595009088516,0.3701484501361847,0.0,0,,-2.10320132073834,2.1102916196322066,0.8137681206848265,0.03603036162453088,0.03340884693314765,0.30295456969287343
1565600,638,6848.5415787501615,1200,1.9609124924537822,-0.11424110705353104,-0.11695219206028068,-0.10615474730730057,-0.11571263521909714,-1.9167094230651855,0.0,0,,-0.7085173980332206,1.2126019306561058,0.8891623634669895,0.02225799414328413,0.032074093681755206,0.58308634753368
1566800,639,6223.996634025954,1200,2.32648830591563,0.15258828731192148,-0.11963723555761897,0.1561274379491806,-0.11853340268135071,-2.3323686122894287,0.0,0,,4.200768860957707,0.5003622598555161,0.8280676872702256,0.04405952453576055,0.028319964192269512,0.25818183661329214
1568000,640,6957.750336842489,1200,1.0899525684074907,-0.08190129701432959,0.03961973193641001,-0.07222394645214081,0.040238671004772186,-2.6457409858703613,0.0,0,,-3.088111599606817,0.8331712633327254,0.9160287887538675,0.02030232752058624,0.01391854424210181,0.3251211472753601
1569200,641,7113.285961026238,1200,1.311870093730159,-0.0793857387822806,-0.0752072492685172,-0.07223112881183624,-0.07177789509296417,0.6086553335189819,0.0,0,,1.4294266717859918,0.22061417254435675,0.937976987525722,0.010913659465424346,0.018158663636251533,0.5059512853691899
1570400,642,6893.478645831864,1200,1.162149315790323,0.04167209912214884,-0.08754604004567794,0.045138150453567505,-0.0841374397277832,-0.6564688086509705,0.0,0,,-1.8190775044517002,-0.27372042406760205,0.9318310344437984,0.028389372171342197,0.026282008733129324,0.3814825868287372
1571600,643,5150.474972119117,1200,2.0007945730630983,-0.12423200448871387,0.11263083043492178,-0.14585329592227936,0.1062704548239708,-2.6055970191955566,0.0,0,,1.4497278919576055,0.3386291326207779,0.5836159586565598,0.1277303872673172,0.13069404093254783,0.4078894442300921
1572800,644,5509.135299211627,1200,2.7331339868539666,0.18024083662243442,-0.13959767899472916,0.1965012550354004,-0.13889935612678528,-1.102009654045105,0.0,0,,2.2561496480822143,-0.6204019543767523,0.693697788107726,0.07183026362289788,0.03915569692887335,0.39423223447200345
1574000,645,5936.420212566458,1200,2.8628270328684344,-0.009610471006862702,-0.23840214333445406,-0.013598521240055561,-0.24568189680576324,2.2728466987609863,0.0,0,,-1.9476887734443094,0.7996833592499858,0.7459413739785895,0.0659760119625192,0.04250712394002073,0.3357530308846613
1575200,646,6815.397888015874,1200,2.1098784826471624,0.08649304917191651,-0.1532638197682462,0.09199816733598709,-0.14781519770622253,0.019990460947155952,0.0,0,,2.1889575590785997,0.14393753873696918,0.9104037060845213,0.021278135276587146,0.03499123016961439,0.527883572767227
1576400,647,6958.524232916049,1200,0.0,-0.00047468545166726134,0.00036536411150728205,0.0,0.0,-0.6030359268188477,0.0,0,,0.024384183390444878,-0.06293812788349526,0.9546490514160016,0.0,0.00609040690166807,0.12468357522677245
1577600,648,6883.353295894849,1200,1.7999547604961552,0.14999588608668044,0.0005639238294215762,0.148994579911232,0.001020569819957018,-1.7411463260650635,0.0,0,,-3.4564650996933475,0.6216893346165729,0.9405548460395999,0.018944892575660493,0.02955484209235322,0.3056202338280583
1578800,649,7097.126284893788,1200,0.9075024932164952,-0.07288482196844998,-0.020173640386151902,-0.06433054804801941,-0.0178347360342741,0.20896655321121216,0.0,0,,-1.1024727437145212,0.15533328303103952,0.9534480404208654,0.004463935192493211,0.02199217715454537,0.5754250514732879
1580000,650,7332.678669775846,1200,0.0,-0.00012494106804538402,1.9726378613506348e-05,0.0,0.0,1.5199263095855713,0.0,0,,-0.2575861448627199,0.3366825950978839,0.9675306407908586,0.0,0.0031040098222356416,0.12173656936314257
1581200,651,6836.627564660286,1200,2.421947286969468,-0.016445205666732587,-0.20128252157905793,-0.009190898388624191,-0.19777312874794006,2.5178415775299072,0.0,0,,-1.794377344150006,-0.49467376143943675,0.9000245960350878,0.018352165910090448,0.02469112384269979,0.3645212106226975
1582400,652,6405.126344677886,1200,1.7654057871924653,-0.14665538959040036,-0.012258750331662063,-0.1354246437549591,-0.014872592873871326,-2.099066734313965,0.0,0,,-6.578217946420758,-2.085126593999802,0.8776180901602978,0.01865693065819257,0.016107204763841657,0.28027488290275426
1583600,653,6870.706726961781,1200,0.0,-0.002516804296632512,-0.0013229282415405056,0.0,0.0,-0.5365051627159119,0.0,0,,-0.6432207647811363,-0.7098705930902705,0.9264022970236926,0.0,0.010561382828100265,0.14667355116637143
1584800,654,5883.62231394577,1200,1.6535459655372826,-0.07393031956359017,0.11670171796128072,-0.06977862864732742,0.12982146441936493,1.900642991065979,0.0,0,,-1.4412425077213196,1.4447749716529525,0.7378366354840384,0.101199954068171,0.06913945061287977,0.4769695359875185
1586000,655,6656.615913054022,1200,1.1927618824571968,0.09234399101940542,-0.03678627801830256,0.09659427404403687,-0.037406787276268005,-2.312596082687378,0.0,0,,-2.0684691138476503,1.151011473042831,0.8788115000554516,0.06739300007274618,0.0264371223362096,0.32164812306498014
1587200,656,6917.474786735181,1200,1.0544468152222484,0.08785574249563909,0.0021786874807079555,0.08588983863592148,0.003561793128028512,-2.0385499000549316,0.0,0,,0.9395529873626192,-0.09516798673522582,0.9145224300219765,0.03485879870095254,0.018137065244793246,0.2825366931662778
1588400,657,6138.474140007025,1200,2.559715584556162,-0.1856968801420632,-0.10500563395202481,-0.1796979159116745,-0.09839397668838501,2.028414726257324,0.0,0,,-5.591181281723174,-0.15970721939567156,0.8079602793091493,0.027702642739255847,0.035560749756528884,0.438723783781853
1589600,658,6327.72097050348,1200,2.890853976330327,0.0977339279052737,-0.22018906347066458,0.09631261229515076,-0.21798387169837952,2.0891518592834473,0.0,0,,0.08588586694125253,-1.338786328714433,0.8291927957375772,0.030647137196941277,0.03606092305184022,0.4029745193367048
1590800,659,6233.097505268854,1200,0.0,0.0007119747436045702,-0.001121015141204269,0.0,0.0,1.5954381227493286,0.0,0,,1.0387354868880478,0.26943909286538853,0.8867948193211845,0.0,0.017304915218658665,0.17002064514033993
1592000,660,7222.935042958098,1200,0.0,-0.0010624468793969985,-9.266108773603385e-05,0.0,0.0,1.384903907775879,0.0,0,,0.040226776388296026,-0.31378707886597407,0.9551060495962017,0.0,0.002727000311586278,0.12971803273782626
1593200,661,7004.527474447405,1200,1.5943101120168695,-0.12591424919723018,0.042465621357580655,-0.11698438972234726,0.04190463572740555,-0.3577759861946106,0.0,0,,2.3256909513801696,0.4516726356506867,0.9230456449936816,0.013213634840264549,0.02326202229713312,0.4155163861160583
1594400,662,5898.568332421362,1200,2.680249790548315,0.21624748629294135,0.05595560560681169,0.22358256578445435,0.06067366153001785,-1.83056640625,0.0,0,,-1.3745039781493364,0.0749504950651627,0.733537684688697,0.06325000339701264,0.0456682318555659,0.3947281053287098
1595600,663,6612.396771842276,1200,2.1830078017065264,-0.15511016221846677,0.09531103689910804,-0.1475672572851181,0.09872504323720932,2.6887903213500977,0.0,0,,-1.4841850588167438,0.055366672144182685,0.8620464514731663,0.03146664544903888,0.033802167689792974,0.519946989022151
1596800,664,7112.338025095987,1200,0.9529033603854585,0.012762276274619618,-0.07848529307968254,0.015197175554931164,-0.07019533216953278,3.0604465007781982,0.0,0,,0.9892753613316196,0.08542266307859313,0.9403783808856989,0.010218743256201743,0.018934926677431217,0.3625337147042082
1598000,665,6933.818493905768,1200,1.7813324473873657,0.14638536439769792,-0.024650358523950026,0.1440781056880951,-0.02502519264817238,-2.453451633453369,0.0,0,,3.23522754352935,1.5192455681029577,0.9329301562823745,0.018855976980070396,0.01775483572974354,0.27612916737522875
1599200,666,6941.071528063601,1200,1.9312602886132895,-0.1609136257456277,0.004252022842162601,-0.1526348888874054,0.0010157030774280429,-2.3764142990112305,0.0,0,,-1.0384208153118581,-0.1014871527722034,0.9032391528766116,0.016584539768809047,0.022062084817457955,0.47490876735114956
1600400,667,6624.238924673899,1200,1.6404816642925648,-0.06151338524269642,0.12219233622272287,-0.05666772648692131,0.1238836795091629,2.5082695484161377,0.0,0,,1.420556600317074,0.08552811520632267,0.8710695438378364,0.04533985891515518,0.029286773348081253,0.42209281241669894
1601600,668,3578.5953041119487,1200,1.728149980510449,-0.1272890806046021,-0.06739276481902708,-0.1746465265750885,-0.09585734456777573,-0.27411577105522156,0.0,0,,9.202965964425504,1.6905995731788883,0.41196010388974935,0.28983283007419175,0.06130780143418813,0.5669243024070769
1602800,669,5867.804602174039,1200,0.0,0.0004252094667535656,0.0010555353155825736,0.0,0.0,2.6666054725646973,0.0,0,,1.0622368290544484,-0.26044691447604223,0.8438895611094418,0.0,0.02171050524353521,0.15856734175506354
1604000,670,6141.456045156432,1200,2.472611903495524,0.19559038725527317,0.0648889705489434,0.20703205466270447,0.0653243213891983,0.42071443796157837,0.0,0,,-4.183742495554227,2.664204141064804,0.7872404560512116,0.06635063897719612,0.05405175289798515,0.4099237151855795
1605200,671,5469.1212034681475,1200,0.0,4.083709734964373e-05,-0.0020877359367763933,0.0,0.0,-2.514786720275879,0.0,0,,0.7286743550886804,-0.2643255319935572,0.7293776063400911,0.0,0.03202053261964996,0.21818886824716255
1606400,672,7223.035761327375,1200,0.0,0.0007030559740031242,0.0019451474942003193,0.0,0.0,-0.48516109585762024,0.0,0,,-0.23223759877442873,-0.6895197844655617,0.9485642550153095,0.0,0.0047037685297744965,0.12959399407633038
1607600,673,6926.146001621598,1200,1.6084541685982543,0.1335476570843703,-0.011912238801280107,0.12742874026298523,-0.008233812637627125,-0.8134695887565613,0.0,0,,-0.410424909435106,1.0777866292387488,0.8987172023801986,0.015733185506662084,0.023424423257159828,0.262781186059236
1608800,674,6823.05902680217,1200,1.7889159618818833,-0.14817009338100318,0.016421257800117925,-0.1363140344619751,0.014615882188081741,-0.39312487840652466,0.0,0,,-2.914377807427763,0.46073780392605607,0.8869444327610726,0.012194806509245341,0.021044756692380095,0.3180185756594068
1610000,675,7040.936444836332,1200,0.0,0.000449278037031433,0.001257553395576871,0.0,0.0,-2.6659903526306152,0.0,0,,-0.08279316846474082,-0.2940166151180482,0.9360693497308972,0.0,0.007623332291506119,0.1439652187444736
1611200,676,6985.149338266458,1200,1.6649665572063317,-0.04939593118525055,0.1297791294199323,-0.041854117065668106,0.1250126212835312,-1.9559361934661865,0.0,0,,0.7184484265259844,0.7738131068312751,0.9266980204959108,0.012878910830205845,0.030905576465971057,0.37152587322324054
1612400,677,5153.873759469367,1200,2.417301232661018,-0.15483752087778646,-0.1297114711117242,-0.18616624176502228,-0.1339401751756668,-0.3264954686164856,0.0,0,,2.4322381088742246,-0.5369752225704333,0.5533037034593901,0.16114117009441847,0.04555355083736984,0.3970389574101986
1613600,678,6950.360338338163,1200,1.6431771845226648,0.024958456210585758,0.13495119437556774,0.03245475888252258,0.12714479863643646,-2.219543933868408,0.0,0,,0.8521296789519586,-0.6151133096175082,0.9178920838780831,0.013516341288809313,0.01901101338781534,0.29004005461479077
1614800,679,6995.349156476618,1200,1.2408020284180745,0.08186347923334963,0.0634703675725657,0.08652345836162567,0.05913759022951126,1.1001473665237427,0.0,0,,0.6520766566767595,-0.6885639760224076,0.928454733026037,0.034304719773509615,0.02333365790128124,0.3197849689511423
1616000,680,7067.38202538714,1200,0.0,0.0017899383255583756,-0.0013044992913376573,0.0,0.0,3.096834897994995,0.0,0,,0.30511471451919087,-0.3402191408136277,0.937240765115457,0.0,0.005643279870958583,0.1257075766939358
1617200,681,6982.008173379761,1200,1.529484200575875,0.06021531313022167,-0.11246944425648152,0.062214892357587814,-0.1051005944609642,1.3719730377197266,0.0,0,,-2.0450317547283445,-0.33395009726037395,0.9312143013750128,0.011852427790586562,0.02351865630208488,0.37267874542273416
1618400,682,6639.479208006099,1200,0.0,0.001029395878132971,-0.0015285210114745521,0.0,0.0,2.452610492706299,0.0,0,,-1.9431941702637585,-0.680614424027959,0.9008852276599933,0.0,0.011886871486232166,0.16138435008527915
1619600,683,6971.716605301745,1200,1.2081091900588854,0.08156532431270955,0.059195472980783585,0.08714236319065094,0.05732757970690727,3.0591959953308105,0.0,0,,0.37790479065112037,0.2289918349627517,0.917971538424113,0.04598851660442932,0.017489906208871576,0.2648149612389252
1620800,684,6636.344697362523,1200,2.0301359910172807,-0.015111848902274506,-0.1685174444079521,-0.012478458695113659,-0.1642497032880783,2.789299488067627,0.0,0,,-2.591319601423798,-1.261457780795752,0.8686603496467882,0.03119831733144876,0.025182434680290574,0.3378940198387105
1622000,685,6775.164555812747,1200,2.003083581253873,0.08870696365762293,0.14141493609872724,0.08945149928331375,0.13906000554561615,-2.431624174118042,0.0,0,,0.9974846551679695,0.2179748850962458,0.8867358609232139,0.0219563316076793,0.03222013076102633,0.42595232044919334
1623200,686,6628.645027852271,1200,0.0,-0.00044624690741621565,-0.0018965137909865333,0.0,0.0,1.5428462028503418,0.0,0,,-0.4868137841745998,0.2540742685208512,0.9284041227004841,0.0,0.010162292209313122,0.15753335515944683
1624400,687,6650.394997043577,1200,1.7099182061716112,0.14249319128739615,0.001627410901228257,0.14156873524188995,-6.470565949712181e-07,-0.24856550991535187,0.0,0,,-5.055621043555646,2.2055589367128348,0.9252994151582199,0.023423498717647262,0.01935454484770987,0.2892319521517908
1625600,688,5562.386906262898,1200,2.195265762162074,-0.0836523317009533,0.1627185129269633,-0.08888351172208786,0.17985205352306366,-2.0414116382598877,0.0,0,,2.707919872682807,-1.734950515494838,0.6636417772601537,0.11691368260918987,0.05308457666982231,0.27806126729569075
1626800,689,7106.760415987986,1200,0.9880799034848116,0.03135214643847503,-0.07620880979057615,0.031758591532707214,-0.06919236481189728,0.014089684933423996,0.0,0,,-0.30027957223024626,0.0002754186355760906,0.9372237797561517,0.012277032382186569,0.011272779819301495,0.23007479694778724
1628000,690,6549.6717022161265,1200,0.857990265100043,0.070535233402825,0.011724668201576588,0.0737747922539711,0.013053038157522678,-1.7301701307296753,0.0,0,,-2.0553148882978616,-1.1566276523332781,0.8830154960609078,0.07469545419751045,0.03351382529359518,0.3945738980220972
1629200,691,7113.2239672329615,1200,1.1384466629753587,0.08210856099332377,-0.04761385648541854,0.08220429718494415,-0.04435795918107033,0.1940477341413498,0.0,0,,0.7058636325808914,0.16925371157180133,0.9346724652005947,0.02973600329656487,0.01379995867842363,0.30276740462708707
1630400,692,3594.467870493462,1200,2.327812565536696,-0.19294543850360865,0.02833684562351997,-0.2412106841802597,0.01036860328167677,-1.6092019081115723,0.0,0,,15.306075880085984,0.42438202388278795,0.39785392650003826,0.2247505246057725,0.08674942464923671,0.4072775796560332
1631600,693,6061.002061486685,1200,0.0,-0.0007201783362876045,0.0014562301127625055,0.0,0.0,-0.8072079420089722,0.0,0,,0.9569994483974374,-0.18925569372201909,0.8557318812467698,0.0,0.020698360322489173,0.2387238257065566
1632800,694,6998.487366792327,1200,1.3902245249061196,-0.10393643467175724,0.05155961686130685,-0.09993879497051239,0.04299934580922127,-1.8922957181930542,0.0,0,,-1.4366155278147403,0.2613519150768113,0.9029641475196957,0.0116467756828726,0.013427158450447502,0.319401129342576
1634000,695,7179.764833429791,1200,1.3147256455509333,0.09758466226356124,-0.049931082613836525,0.09767072647809982,-0.0460808128118515,1.4449093341827393,0.0,0,,0.4977772292729897,0.02076082549408035,0.9507517480440633,0.019576021726950266,0.013087354610913237,0.2929005799813801
1635200,696,6180.380518904796,1200,1.6669674596416306,0.03442274276118978,0.13468258238031675,0.03997617959976196,0.13505680859088898,0.47790923714637756,0.0,0,,2.318799971744658,0.18750064202006525,0.8200857829398065,0.06174500218691409,0.05536779202906189,0.27996987241175747
1636400,697,6658.4013017375255,1200,2.276146315584548,0.16620847816225717,-0.09143008167915602,0.17074793577194214,-0.09092620015144348,0.4927370846271515,0.0,0,,-0.12209923883406612,0.25425759628513933,0.8733225567754924,0.03508920372239484,0.030708312779879947,0.37579681194784215
1637600,698,6986.9890877409225,1200,1.1669454126446903,-0.04231749174853285,0.08771503098191008,-0.035512980073690414,0.08515110611915588,-1.4753481149673462,0.0,0,,0.493159352720695,1.7465447257971696,0.927038166971661,0.017004249873075503,0.022168645187606507,0.35849229226623053
1638800,699,5767.591693548892,1200,2.902363074401999,-0.1609855521540571,-0.18056701884887355,-0.16568966209888458,-0.1786169409751892,-0.8584913015365601,0.0,0,,2.3809239806639964,0.05473751352242977,0.6987269682662665,0.05632274291928721,0.047958623228984525,0.3537307090731743
1640000,700,6664.885497601044,1200,2.419170809115671,0.14541235266561314,0.13973752896679906,0.1486094743013382,0.1352720856666565,-1.1101527214050293,0.0,0,,0.22702007935520452,0.12812110688465653,0.8833963370475074,0.025195362971251363,0.028865335148716226,0.36984793657562154
1641200,701,6293.960265577818,1200,1.3265666787719725,-0.09846553084661445,-0.0504733003497597,-0.10258800536394119,-0.058247532695531845,-1.3975727558135986,0.0,0,,0.9746104100364482,0.4118102469233773,0.8122582821541109,0.10128152522768798,0.020457009681492475,0.5108971789300913
1642400,702,6806.2971069176365,1200,1.000836324500053,-0.012762973341330846,0.08260862372807376,-0.006858925335109234,0.0789908766746521,-0.27523043751716614,0.0,0,,2.430541185576212,0.8676470078021992,0.8946967048847743,0.03369497819150384,0.027969542425902792,0.31474395886020756
1643600,703,6289.141466859187,1200,0.0,-0.004047713878856839,-0.00016241407267925906,0.0,0.0,1.7214778661727905,0.0,0,,3.225814246292171,-0.37073836387043063,0.8728624177124518,0.0,0.015576431482230885,0.17668727178966429
1644800,704,7045.195237178151,1200,1.2108600473948192,0.09975619977204482,0.01518413259325581,0.09896405786275864,0.0152578204870224,-2.137366533279419,0.0,0,,0.5514674401697005,-0.5275702787440008,0.9382945846433669,0.026386981907025195,0.01910169054310501,0.3480053745580486
1646000,705,6402.878054664179,1200,2.1520640490935774,-0.17931068665607922,0.003226601026397213,-0.17622777819633484,0.0025696400552988052,2.897503614425659,0.0,0,,1.721242604138138,-0.3247706130299297,0.816066317619665,0.042892360673310585,0.023740552958987114,0.45099467999473897
1647200,706,7171.838407543982,1200,1.3368852090708085,0.0804876588429216,-0.07717492268365621,0.08187920600175858,-0.07205432653427124,-0.18716207146644592,0.0,0,,-0.841385422887967,-0.16010845665989124,0.9500757843589008,0.015467513533910567,0.01722241368093653,0.31693774727451773
1648400,707,5721.618986770614,1200,2.7895304831784986,0.05456235577530446,0.22612776992901942,0.04673229902982712,0.23043550550937653,1.3340702056884766,0.0,0,,0.6598114584872882,0.6001831092917361,0.6659253996270581,0.059945053850567545,0.042056165566446486,0.33090225533625295
1649600,708,6787.055728351225,1200,2.002233909221138,-0.12648510862404186,0.10899632264401662,-0.11708149313926697,0.10876438021659851,1.3173421621322632,0.0,0,,-0.9508886882624321,-1.440556891893869,0.8733130850354324,0.022697736172413253,0.03566770762797463,0.45057756440074515
1650800,709,7052.505378861388,1200,0.9442538804098984,0.0008863238879716246,-0.07883673177168432,0.0053988550789654255,-0.07308946549892426,-0.00385053688660264,0.0,0,,0.3258974544990049,1.3769707887025073,0.9357085390794242,0.018885617652478363,0.015391764932498763,0.22562630694068672
1652000,710,6894.891807181449,1200,2.1206186816497654,0.021261340693402457,0.1756927908039811,0.029935728758573532,0.17004558444023132,-1.3256157636642456,0.0,0,,-1.5795064332187572,-0.22733998829102803,0.8981448973884517,0.01588429629342022,0.03580563804862501,0.3260243753595689
1653200,711,6761.393044320487,1200,2.2649642498585796,-0.17961348073063513,-0.058060480150858754,-0.17449164390563965,-0.059036388993263245,-0.7435390949249268,0.0,0,,-2.317172045443628,0.12476564640827924,0.874321421969942,0.027982364852879797,0.026322458516868128,0.4787056730904351
1654400,712,6856.6019226446715,1200,2.3632957172570874,0.19554192232985773,0.023445346157171768,0.19293169677257538,0.023797892034053802,-2.625288248062134,0.0,0,,-0.520121535893911,1.6790934602726764,0.9202749725795953,0.01738989528812166,0.04529322696775855,0.32451794133800166
1655600,713,6999.633614825182,1200,2.0037999653438407,0.16597942130363885,0.018288457106648906,0.16349393129348755,0.017567886039614677,2.165184736251831,0.0,0,,-0.1429588802733491,0.16068478195198782,0.9404856524330101,0.014341680111570193,0.022635574598950527,0.2901768668820105
1656800,714,6499.48054832223,1200,2.291336545271283,0.18906594836230264,-0.026728702046310917,0.1945112943649292,-0.028213685378432274,-0.1617249697446823,0.0,0,,1.3004214735073856,0.9105202152024624,0.8670188785605408,0.04340658847158231,0.02060920539150944,0.24794613791311648
1658000,715,6939.737314784798,1200,1.370712191594687,-0.011809563296317532,-0.11365492244171056,-0.008408467285335064,-0.10925696790218353,1.820717692375183,0.0,0,,2.882895023787377,-0.5885254525040358,0.9300725263512254,0.014493231790685774,0.022052858585752507,0.3623187274084374
1659200,716,6617.982588359297,1200,2.2188275090100427,0.04348814997429771,-0.17974218190248478,0.04604893550276756,-0.17726817727088928,1.4204111099243164,0.0,0,,3.1643175725976036,0.4224079850294723,0.8915933883744753,0.02566945087099688,0.025989510065545406,0.30014127720704775
1660400,717,6105.103774796266,1200,2.855597008254638,-0.18835843894408652,-0.14560061828832807,-0.18735356628894806,-0.13609381020069122,1.4358776807785034,0.0,0,,1.8992927181992292,0.21902891275441738,0.7658879653172505,0.03230331703672859,0.054140361038587756,0.4228414905173845
1661600,718,6804.08492598842,1200,2.420068712444866,-0.18255207645749436,-0.08571657018994393,-0.1701812893152237,-0.08085218071937561,0.64947909116745,0.0,0,,-0.4496168953915026,0.15063784176516343,0.8748903202454903,0.009294471443370507,0.025110873426377668,0.4265241550355622
1662800,719,6445.60604042321,1200,2.8146798327456186,0.23030942320301895,0.04494228527643408,0.23647139966487885,0.039131175726652145,-3.0158588886260986,0.0,0,,-0.33404739245093434,-0.45440808092829604,0.8654563315908571,0.03622705336690995,0.05933830232961287,0.32714191066378023
1664000,720,6447.4896804895025,1200,2.384470250315276,0.10072712484996744,0.1714949949009397,0.10751532018184662,0.16631494462490082,-2.889091968536377,0.0,0,,1.7107347429857382,-0.4147665702764438,0.8118541087488598,0.028380717264562753,0.04853306116112675,0.3863900374287499
1665200,721,6952.987668932214,1200,1.7018266412458556,-0.033298547840683285,0.1382302445041459,-0.022345636039972305,0.13446854054927826,2.2565038204193115,0.0,0,,0.6639243617406201,-0.31028072610368834,0.9117675465843578,0.012102250533602614,0.03415961612108378,0.4303895270652682
1666400,722,7090.082422078432,1200,1.6404104617525552,0.09790886245361322,-0.09548636533835307,0.0989101454615593,-0.0908631831407547,1.3901698589324951,0.0,0,,-1.6387932726568395,-0.15040471680738113,0.9444895319012231,0.012853742525597003,0.015607432214209042,0.3255958900857945
1667600,723,5028.665849277543,1200,2.18488094317318,-0.10374457087018585,0.14966065216148286,-0.11602429300546646,0.16116683185100555,2.853078842163086,0.0,0,,0.7406731218570947,-2.4765140500180993,0.5801684757289639,0.12758018218336448,0.12012003034636928,0.31459175693391284
1668800,724,6671.7261355940645,1200,0.8424095193337844,-0.05606968543427751,-0.042245788521366096,-0.05371644347906113,-0.04120207950472832,2.965372085571289,0.0,0,,-1.3527841521165243,0.7580557508483793,0.8774531582364773,0.064820858436057,0.023592148495678932,0.39123553593938143
1670000,725,7087.970693835693,1200,1.1913781633464013,-0.07637546789498906,-0.06343957035861077,-0.06864899396896362,-0.058183517307043076,0.033871665596961975,0.0,0,,-0.8735311626375489,0.8066326143775622,0.9315104784905801,0.009476362294941119,0.015081841481083052,0.37394788119892564
1671200,726,6680.270420617144,1200,2.592644565817745,0.15307859588907996,-0.15246688604176006,0.15546858310699463,-0.15488256514072418,-2.215773820877075,0.0,0,,-0.5580044746390213,-0.38650678063439825,0.8657463790155725,0.032872799484372134,0.035238850082300016,0.26860191994858706
1672400,727,6533.5778284362705,1200,2.795469279862334,0.043979529665079425,-0.22888619937295854,0.050832368433475494,-0.22565285861492157,2.268545389175415,0.0,0,,0.3949059083873648,0.327192870084139,0.8300940607725616,0.029216438798349172,0.0404972245691194,0.3777825184222665
1673600,728,7077.630460187727,1200,1.8748507481233867,0.11825698206274594,-0.1021825341594594,0.11881130933761597,-0.09749418497085571,-2.6062984466552734,0.0,0,,-0.8134870724537453,-0.5756677110231802,0.9410054972716176,0.012988687377581569,0.02063693562838611,0.3165878193074774
1674800,729,6899.2227760637925,1200,1.758538929919703,-0.12208770722597127,-0.08106411051251912,-0.11201343685388565,-0.07567918300628662,-0.0406070314347744,0.0,0,,-1.0229479504938916,0.23382907078932832,0.9036578659747891,0.010641302131403184,0.021803749746600373,0.4055010329700373
1676000,730,6777.953358683365,1200,1.0098362654001116,-0.07871692331804526,-0.03024791064372522,-0.07823780924081802,-0.024403316900134087,1.1403430700302124,0.0,0,,-1.9007578361048634,0.8898333074603393,0.8895333930906067,0.03941768912732227,0.025060138266384938,0.4602304499782792
1677200,731,5887.123458724274,1200,2.7643792245865404,-0.1345880642426889,0.18696125682558512,-0.13399557769298553,0.18729256093502045,-1.5895694494247437,0.0,0,,3.3440832133028136,0.312904159901953,0.7222344505615425,0.05364831476012752,0.06352770490861374,0.34731256378629766
1678400,732,6727.255360885875,1200,0.0,0.0005114456552215575,0.0023031325008689473,0.0,0.0,3.040083408355713,0.0,0,,0.770681565396136,0.5773221400893759,0.9043168205252305,0.0,0.014003704034660582,0.18138296112659003
1679600,733,7055.800382919337,1200,0.0,-0.0003279093730223676,0.0014560263857885335,0.0,0.0,-1.8317348957061768,0.0,0,,0.562190703499179,-0.36416106854506136,0.951695266423067,0.0,0.007040664851444878,0.11148985131912419
1680800,734,6815.413108363368,1200,2.4381641806501975,0.1828762211699578,0.08867057440047686,0.18490339815616608,0.08421865105628967,1.9508695602416992,0.0,0,,-1.828722404551147,-0.8673278285057123,0.915024751333345,0.022085452094120613,0.04919869147449794,0.3090589442431449
1682000,735,6900.642415770679,1200,1.4389345824964688,0.10275653567189341,0.06191207750831994,0.10441788285970688,0.0586605966091156,1.2010250091552734,0.0,0,,-0.9717612967812668,0.614392504449605,0.9058912750717657,0.03423718754202932,0.025786152382766613,0.32968866902255606
1683200,736,7059.805520717902,1200,1.3069172598472552,-0.10800208493522523,-0.014609161449157906,-0.09944260120391846,-0.009689033962786198,2.8238677978515625,0.0,0,,1.8277096626380729,0.49191029963654836,0.9190743890526918,0.014882300414855276,0.01743395267263129,0.365861164848769
1684400,737,6833.2211475680015,1200,2.342864353952019,0.16836509597422156,0.09894465997792226,0.16938644647598267,0.09456189721822739,-2.5496199131011963,0.0,0,,-2.5362743179754905,1.006053059140901,0.9150583765196382,0.018264851720601088,0.0657579410802328,0.4036356769970835
1685600,738,6052.427735978453,1200,0.0,0.0016283242282767443,-0.00033289721968424765,0.0,0.0,-1.3873196840286255,0.0,0,,-4.463987065283344,1.2370225908349484,0.856245405266782,0.0,0.022846671279856394,0.15537087975941452
1686800,739,7083.313019880372,1200,1.544235282574381,0.11479103759370932,-0.05816547656494124,0.1139896810054779,-0.05751579627394676,-1.942685842514038,0.0,0,,0.7339319361469613,-0.0947153346518547,0.9384311619385142,0.021943979107696843,0.02270683730668943,0.3235955762565874
1688000,740,7017.569308323807,1200,0.9903219097728748,-0.040567334050953786,0.07201839805204999,-0.03352050855755806,0.06823424994945526,-2.8948402404785156,0.0,0,,2.071151690725941,0.659250673735614,0.9385165664223502,0.014408854852903993,0.03738873036807854,0.4756628117989563
1689200,741,6243.609181360718,1200,2.84021401526294,0.22292093756845957,-0.08006843336717083,0.23557926714420319,-0.0743890330195427,-0.3045971095561981,0.0,0,,0.5347971181726383,1.1372408492212456,0.7751571769223455,0.05727389557386194,0.03944650188002396,0.3100813113831824
1690400,742,6366.1698249455485,1200,0.0,-0.0006897699049408743,0.0030581435595187275,0.0,0.0,-1.9636650085449219,0.0,0,,-0.3026400026627226,-0.18438520783903578,0.879290444694473,0.0,0.017051857323017394,0.19728074773397405
1691600,743,7321.755622950557,1200,0.0,7.178405358960635e-05,0.000607367150333361,0.0,0.0,0.15117964148521423,0.0,0,,-0.2385241193503331,-0.08708132920505784,0.9624771710902663,0.0,0.003969350931321616,0.1088783777162707
1692800,744,5792.5147194929,1200,2.1946542794170347,-0.056533810245241935,-0.17412920395200615,-0.051950711756944656,-0.1888023167848587,0.60430508852005,0.0,0,,3.017408465931168,0.5585270208855356,0.7509331277773635,0.09110853166679485,0.050107481664249866,0.5162919593788864
1694000,745,6172.954793788501,1200,2.7188979425963185,-0.08916412476571053,-0.20830258877211472,-0.09137586504220963,-0.2188262939453125,-0.4335973262786865,0.0,0,,0.6563338490605202,0.41757662166317877,0.7835988582089454,0.05820163283810319,0.03924618809895022,0.4704024294572839
1695200,746,7105.791584833563,1200,1.2137268880682526,0.09536780603700319,-0.03377394581795805,0.09399985522031784,-0.030833011493086815,-2.607964515686035,0.0,0,,-1.739126449795135,0.12365454936361052,0.9445650629773238,0.01892027733240182,0.014969035700848279,0.2889923245899393
1696400,747,6874.032214402989,1200,1.1172132832085258,-0.03881731631920696,0.08496823029183813,-0.030783120542764664,0.0852518379688263,-0.9959263205528259,0.0,0,,-0.8887358065153046,0.02779083135260747,0.9168758479175663,0.02515437826194189,0.03273859979402301,0.38700532099587226
1697600,748,5734.282508191626,1200,2.8971283229798863,-0.06631305208608804,0.23230710115221428,-0.05901686102151871,0.23933181166648865,-1.5282387733459473,0.0,0,,0.10796694723578884,-0.16977876448640725,0.7235078188491216,0.05910872411715397,0.05135834772305197,0.2859880786371817
1698800,749,5568.693275080332,1200,1.8894341816292717,-0.065754114829366,-0.1430692903001427,-0.07336290180683136,-0.1569558084011078,1.9538286924362183,0.0,0,,7.178809643123407,0.7179158881365828,0.7430737968434233,0.11233842513832058,0.09308602475174399,0.5652010520680907
1700000,750,6737.266003084832,1200,2.207989173822859,-0.1656910471203962,0.0802895106175914,-0.1533052921295166,0.08125440776348114,0.685734748840332,0.0,0,,2.0523317097663227,-0.6004181819505868,0.872067138233487,0.01648340573187935,0.025544102359486863,0.46373639864428146
1701200,751,6931.761337286702,1200,1.6701952850538813,-0.13729173348001492,-0.022867878682856866,-0.12499690800905228,-0.020577535033226013,2.435030460357666,0.0,0,,2.322338856984649,1.5445425163859636,0.9124106796440444,0.005109647103284257,0.019850097465005757,0.40233295599305924
1702400,752,6904.756612414453,1200,2.0782635481797542,0.12158442887321218,-0.12343191794323483,0.12455544620752335,-0.11950594186782837,0.3620469570159912,0.0,0,,-1.5281421181498434,-0.6415057305787315,0.9076419605351886,0.025257083270034317,0.03242129848121033,0.36743675533341835
1703600,753,7018.059768848156,1200,1.7672907818996866,0.1431454441324178,-0.03462794594480093,0.14256717264652252,-0.03436921164393425,2.950430393218994,0.0,0,,0.2994710396490761,1.4351878862288308,0.9350330891808286,0.02172795808659921,0.027710904104043012,0.2744575142912612
1704800,754,6967.422428301792,1200,1.803451030836694,0.10989701971783475,0.1026354357773525,0.11192949116230011,0.09776805341243744,1.097943902015686,0.0,0,,-1.8042655898534674,0.19944144200271063,0.9324844324671322,0.018148579985200516,0.02258816168078251,0.2486551331239983
1706000,755,6356.896753454837,1200,2.9810182513583943,0.0683342071988409,-0.23885873150888795,0.07084346562623978,-0.23544827103614807,1.2111194133758545,0.0,0,,0.20619498398516162,-1.0560066246963768,0.8086526676335193,0.03253424689108172,0.04274220559628455,0.4051109829326023
1707200,756,6701.687566321512,1200,2.6438979832129204,0.0939191779662242,-0.1995004588693464,0.10170018672943115,-0.19529475271701813,0.06342393904924393,0.0,0,,0.8907821798358889,-0.04406109634626915,0.8632655943167312,0.027622938926399283,0.02658434441465164,0.49619016727330756
1708400,757,6538.835944185429,1200,2.769425532288921,-0.09634144965572874,-0.2098188087364255,-0.08590442687273026,-0.20215632021427155,2.539964437484741,0.0,0,,-1.0716704195125648,1.477695693995459,0.8315752031871884,0.012980000777956479,0.03685804669235062,0.3684956863985703
1709600,758,6996.356551285141,1200,2.010125796606239,0.14397855147308605,-0.08566567920225548,0.14443041384220123,-0.08253257721662521,-0.8653190732002258,0.0,0,,1.5382181308658451,0.03989697037695661,0.9288517852488525,0.019968674560773773,0.019412256623203453,0.2740265966236384
1710800,759,6928.633611467445,1200,1.9363355848416102,0.11326849735172013,0.11498351805358491,0.11454379558563232,0.11110309511423111,-2.0097546577453613,0.0,0,,0.39998902137804265,0.18554311999180245,0.918422769307112,0.0181021748248798,0.029184439515573583,0.29489579754313033
1712000,760,6886.669214153892,1200,1.4855543946422691,0.025708102449261742,0.1211754656047223,0.028997158631682396,0.11639341711997986,-1.2983791828155518,0.0,0,,-2.9760289106176003,0.1463201867373495,0.9136602382349159,0.019939683225083833,0.0284286185030484,0.25901156758738125
1713200,761,6763.168503214011,1200,1.4255908962538668,-0.02507937778006051,0.11622982792311577,-0.019676918163895607,0.11436962336301804,-2.4287309646606445,0.0,0,,-0.9203815088525914,1.1353123611128677,0.8947706803580462,0.03300161654704989,0.02765942410783486,0.23598466608721447
1714400,762,7124.68598434047,1200,0.9435737753130139,0.026922700540628123,-0.07398041534988385,0.02883950248360634,-0.06852523237466812,1.3386693000793457,0.0,0,,-1.2173465780623423,0.3690036359654956,0.9411941753397256,0.01785795283129021,0.017067024988204556,0.33976195815604515
1715600,763,6639.491531162409,1200,2.6848533106665755,-0.19067583599853427,-0.11707742072303733,-0.185454323887825,-0.11663955450057983,1.6090494394302368,0.0,0,,-0.09538071632075497,0.7432334097434381,0.8540906107093319,0.029732659354529928,0.030181538506519476,0.464318615750949
1716800,764,6985.102752831573,1200,0.8467870536887733,-0.07054854510236201,-0.0019867722533359893,-0.0629575103521347,-0.0006646686233580112,-2.836405038833618,0.0,0,,0.9217172685775529,0.29142730374157605,0.9383282291554574,0.014129015285577575,0.02792908801871358,0.4355925301368494
1718000,765,6928.639209809841,1200,1.9998313540945574,0.09842803906473845,-0.1346380911165494,0.10298077762126923,-0.12989918887615204,-0.1571291834115982,0.0,0,,2.1167272573062705,0.3734737918221912,0.9212078949673033,0.02113048382776867,0.016186383750001365,0.286288477150737
1719200,766,6309.374484761132,1200,0.0,0.0010129881544665926,8.82953009655095e-05,0.0,0.0,1.6923794746398926,0.0,0,,5.962643873142223,0.2628457882991654,0.8553256273697307,0.0,0.020506592344947006,0.18071708884637053
1720400,767,6830.0291123822,1200,2.408298099426798,-0.19526143051783437,-0.04638243424817967,-0.18602341413497925,-0.04308384284377098,2.974409580230713,0.0,0,,-0.9142522464004343,-0.947627136278229,0.8762555138373248,0.016715617940774627,0.020040044769863118,0.4316845340966956
1721600,768,6846.8087245510915,1200,0.0,-0.001617707801796108,-0.0013373628229205214,0.0,0.0,3.0644679069519043,0.0,0,,-0.45969367602285616,-0.22003203562944085,0.9444505375734309,0.0,0.008581933084965814,0.13309747996628718
1722800,769,5953.967436707674,1200,0.0,-0.0006801766169521735,0.0012843711375179006,0.0,0.0,1.529175043106079,0.0,0,,-1.538630590282091,-0.19815463733514946,0.8951955388812742,0.0,0.020898308246921335,0.1732607527460877
1724000,770,6881.869404681052,1200,1.9097080696876139,0.05156252788792416,0.15078052240367948,0.05777499079704285,0.14424759149551392,0.928986132144928,0.0,0,,-0.01735206666699495,-0.005334872477139605,0.900246733854865,0.019224601704666274,0.022504186946558768,0.38270289390003914
1725200,771,6607.757129901042,1200,0.0,-0.0018620290282909534,0.0010029443176460832,0.0,0.0,1.2171990871429443,0.0,0,,0.60387791249708,-0.5127134970887196,0.891515207220231,0.0,0.014642679961071756,0.16455634040216108
1726400,772,6916.726025646165,1200,2.1790785383122016,0.09158432428272457,0.15694195516796333,0.09684427827596664,0.1529088169336319,-1.5911331176757812,0.0,0,,-1.0283855897723415,0.008959330088016306,0.9082978710920586,0.02143018351625262,0.03632443811718168,0.3684520764416986
1727600,773,7202.691376752175,1200,1.8711210225539456,0.08997089002212852,-0.12745715828165324,0.09269551932811737,-0.12245738506317139,1.5867303609848022,0.0,0,,0.12683575488951035,0.02183828108269088,0.9465961669858954,0.012951540299191338,0.018133676316402524,0.33150980927803325
1728800,774,7239.636301684688,1200,0.0,-0.00029408760673222805,-4.880992668504975e-05,0.0,0.0,2.614119052886963,0.0,0,,0.16467668929007132,0.09872983980251779,0.9543038889393656,0.0,0.005446973706008514,0.14403790743104083
1730000,775,6937.179924846209,1200,2.102308441655171,0.09757435501801179,0.14562698506459604,0.1013912558555603,0.14071688055992126,3.0824239253997803,0.0,0,,-1.9333078297491657,0.21643379983805125,0.9237351070470797,0.01635097434471401,0.024104935980845843,0.36281053371987243
1731200,776,6013.749241255214,1200,2.4942617086696015,-0.15749583271915776,0.1356790301191708,-0.1579090654850006,0.13190865516662598,2.383934736251831,0.0,0,,-2.512919330927872,0.0031962924653389574,0.751354727226892,0.04410354667836959,0.057445035303621134,0.27403321520904506
1732400,777,7051.006870033552,1200,2.113887764740223,-0.17436998441616985,-0.025083530455399357,-0.1640406847000122,-0.022044919431209564,-1.1929045915603638,0.0,0,,0.8725683282870563,0.614624395944065,0.9123439781727941,0.008157004806578811,0.02288051681777327,0.4404086686274147
1733600,778,6232.010415743664,1200,0.0,0.0011015226246479182,0.00018662308972622666,0.0,0.0,-2.451728582382202,0.0,0,,-0.777885242128896,-0.9908677510329115,0.8538426173405916,0.0,0.016267133208136345,0.15781423294953234
1734800,779,7108.303402554253,1200,1.707819005594387,0.09260438265191691,-0.1081706994615545,0.09497485309839249,-0.10381496697664261,2.2292284965515137,0.0,0,,0.7180181303874814,-0.951421057205635,0.9314981932113413,0.020415797497767986,0.025009586416472742,0.2908635875191685
1736000,780,4723.98048340363,1200,1.1635765793396147,0.06959473200881815,0.06777301904338424,0.10270402580499649,0.08857700228691101,-0.23054051399230957,0.0,0,,-6.634310867013684,0.41700290541076135,0.574431438280789,0.26735609555056444,0.0692968802459572,0.33365682307550265
1737200,781,6736.879667330141,1200,2.5829654435844875,-0.13353912411014687,-0.16887997345770736,-0.12277802079916,-0.16239230334758759,-1.6937470436096191,0.0,0,,1.8421740715326045,1.3797456509691932,0.8779823133499368,0.006999433316269026,0.02728855747077266,0.39906198422974815
1738400,782,6321.648367952907,1200,0.0,-0.0013209905383988385,-0.0015597353484144713,0.0,0.0,-0.03626035898923874,0.0,0,,0.8171370172725266,0.4305103452613629,0.9039109613103725,0.0,0.019881958670951445,0.24017696660794297
1739600,783,6983.051703926182,1200,1.2902763340638221,-0.07818111157656954,0.07400752040757833,-0.06923742592334747,0.07234266400337219,2.218463182449341,0.0,0,,3.2681369723434104,-0.4993982457394144,0.9241530227855008,0.014961294904759672,0.015570303306119151,0.3092500003446322
1740800,784,7069.38605866257,1200,1.0133953177292092,0.0722511334922802,-0.04373547493686884,0.06981845200061798,-0.04355219006538391,-0.11789824813604355,0.0,0,,-0.48557630253310285,0.9651313392211633,0.9398165287186288,0.0274896368503699,0.018629916615246142,0.3425338594753081
1742000,785,6872.175577208223,1200,1.928262384539553,-0.001394299898221438,0.16092207467977082,0.007149031851440668,0.15561184287071228,0.33784711360931396,0.0,0,,0.9471446712586923,-0.3232596046764826,0.9008438448947461,0.015474693691451442,0.0327985327821521,0.24112811774932263
1743200,786,7121.419363990415,1200,1.7137748264170751,0.11873633531679405,-0.07940055303939988,0.11927441507577896,-0.07665479183197021,-1.358980417251587,0.0,0,,-0.00622695552754203,-0.7230987142360205,0.9461784110656855,0.01633625811394916,0.022613050524755107,0.2959891734046579
1744400,787,6871.454228815607,1200,0.0,-0.0005918856055039545,-7.3634000957545206e-06,0.0,0.0,-1.2500486373901367,0.0,0,,0.006196985241513801,-0.8898068613554646,0.9272383720109254,0.0,0.009817067179047909,0.15228718238447797
1745600,788,6446.782918358868,1200,0.7437561261558955,0.03856627188943893,0.04853909998833462,0.038373615592718124,0.04613981395959854,-0.6516445875167847,0.0,0,,1.0982273665352138,-0.1267185213672132,0.8570580116256494,0.07880935593171115,0.037786184191361344,0.2667716483738205
1746800,789,7053.385703342627,1200,1.4619435907096523,-0.04382833756550147,0.11386666692793476,-0.03545146435499191,0.1096017137169838,2.729278087615967,0.0,0,,-1.7418369977762889,1.4758238151992222,0.9340430857065745,0.011336803984666572,0.021909481964451055,0.34602470814581265
1748000,790,6203.153619431365,1200,2.8099160154757143,-0.18537193364912175,-0.14342970143864472,-0.19326834380626678,-0.13651683926582336,-0.641945481300354,0.0,0,,-0.16688543208500137,0.2570885211477862,0.7815492457733113,0.04011283002494092,0.038172596118903,0.4402929817921397
1749200,791,6937.18691426923,1200,1.7819644772333667,0.14641212449731367,0.024825340847504606,0.14643818140029907,0.026047511026263237,-3.0862605571746826,0.0,0,,-1.2935864356880566,0.3702647991021039,0.925689041717865,0.028460049419660245,0.028188943229977104,0.3536989592397684
1750400,792,7034.662833814721,1200,2.161554910663691,0.16757865024280771,-0.06612318735857912,0.16604222357273102,-0.06248247250914574,-0.184842050075531,0.0,0,,0.4046431499186136,0.07407680491767195,0.9315858146498628,0.013518982608836083,0.02064112823908177,0.21235246434977198
1751600,793,7064.105705230244,1200,1.6927599909621094,0.06070932989717868,0.12742489796393228,0.06440936774015427,0.1239510029554367,1.209439754486084,0.0,0,,-0.844982923853101,0.6108061266366271,0.9355521294164553,0.019034064630255476,0.018637026488877967,0.2805857583322906
1752800,794,6599.602681020581,1200,2.5331450172092556,0.12860071827738576,-0.1674032698084801,0.13108544051647186,-0.16922147572040558,-0.5123933553695679,0.0,0,,0.5078433364970636,-0.3203059078664989,0.8360532169517064,0.03654572599753028,0.025822472057707893,0.3528358389049031
1754000,795,6233.29562637444,1200,0.7037907008502003,0.05572832278784977,0.018315758355335096,0.0612579844892025,0.021502358838915825,-1.1369653940200806,0.0,0,,2.096785470623935,1.8085126504271516,0.8048394015234202,0.13728911486781306,0.03853380018716979,0.32628612699389065
1755200,796,6128.5943122355175,1200,0.0,-0.0015736953474562913,-0.0021332532941208417,0.0,0.0,1.95036780834198,0.0,0,,0.14400367747474238,-0.10447977280007689,0.8508340322128017,0.0,0.03140930735587304,0.2505535351212815
1756400,797,6025.010817104792,1200,2.866810215522804,-0.05354129376951877,0.23323832480370105,-0.04093935340642929,0.24207206070423126,-1.5510250329971313,0.0,0,,-0.08335194869914651,-0.09884650916412828,0.7390120294880234,0.05666283307377958,0.03456278338417555,0.3062847060354406
1757600,798,6807.44977547753,1200,2.353420077704773,0.19348022747895527,0.03211273114832414,0.1937236189842224,0.030278252437710762,-0.49125605821609497,0.0,0,,-2.7927214003453242,-0.07446540621428373,0.9260802597533031,0.01990259040064055,0.0326150393099771,0.31238045714673374
1758800,799,7032.874469335112,1200,1.9881460739656494,-0.05139211905999784,0.15761847190353737,-0.04406126216053963,0.15359631180763245,3.0830421447753906,0.0,0,,-0.8227896177955569,0.7419862339504354,0.9204121347998198,0.014534425078482691,0.03045055451764782,0.33093178401198825
1760000,800,7057.6102941547415,1200,1.7393894650426946,-0.05969457661042055,0.13218027608285204,-0.05238617584109306,0.12750156223773956,0.9093088507652283,0.0,0,,-0.6038184440475464,1.0098996685305188,0.9302426697333454,0.009451969930288628,0.03028712046216527,0.39492381891317374
1761200,801,6992.123322076495,1200,1.9113955345211127,-0.057870604248223385,0.14853183657728086,-0.049400873482227325,0.1432848423719406,-1.8813300132751465,0.0,0,,-1.663340016916428,0.23161341644313946,0.9226732232441668,0.009030167762546563,0.02962732115997404,0.316957721029839
1762400,802,6933.660636110322,1200,0.0,-0.0021051363427933125,-0.0006113246965098461,0.0,0.0,3.045196056365967,0.0,0,,1.4682498995996456,0.46706731281493996,0.9371476821324977,0.0,0.012277501552571058,0.11509508343636313
1763600,803,6303.864670007629,1200,2.3440390938860265,-0.1708615822291944,0.0948884027683791,-0.16322459280490875,0.09778700023889542,-1.4852005243301392,0.0,0,,-0.19019293352565725,-1.4339347859717821,0.8041290091746894,0.03859851040169196,0.03262961879676448,0.46445550929798257
1764800,804,6830.421993837475,1200,0.0,-0.001656670498052846,-0.002262904615938691,0.0,0.0,-2.062588930130005,0.0,0,,-0.40716151986137833,0.010999990228686212,0.925163292721345,0.0,0.018682328852062054,0.14327497844315265
1766000,805,6813.757523664287,1200,2.5338312111731964,-0.11770241519239974,-0.1754861336977414,-0.10610552132129669,-0.17190736532211304,0.2860966622829437,0.0,0,,2.0219078421667342,1.124466788857441,0.8973024456211247,0.008116060562396053,0.025280303518435254,0.325174125950419
1767200,806,6925.601134967121,1200,1.3860877306230774,-0.037794277954901645,-0.10947348138650756,-0.027500545606017113,-0.10352286696434021,-2.766796827316284,0.0,0,,-2.3136223681727457,-0.7077232101892122,0.9141364602382634,0.009302980890933937,0.028304203700122692,0.4354004283568936
1768400,807,6926.758603315884,1200,2.180546382803791,-0.07927860293961368,0.16359448257133535,-0.07113085687160492,0.15857212245464325,0.917751133441925,0.0,0,,0.7583096401417325,0.887522509849836,0.9088954701056552,0.012692646937957257,0.029289369072986033,0.3648415723890404
1769600,808,6782.0555425834145,1200,0.0,-0.0019629525697925625,0.0028229289271917966,0.0,0.0,2.3269031047821045,0.0,0,,0.8972697820294778,0.7724626925041121,0.9176614995750816,0.0,0.007176570917959927,0.18121501271622265
1770800,809,6897.034260908588,1200,1.2194760395030975,-0.007462339013333343,0.10159327056193591,-0.0004133039910811931,0.10083629935979843,-1.0354098081588745,0.0,0,,-0.8967509009053257,-0.9582538641814453,0.9150342409999642,0.03177799270654878,0.020752564050539875,0.3713906799230049
1772000,810,5770.756226037268,1200,2.8636254937904932,-0.21058177819951437,0.11256578870682944,-0.22005592286586761,0.10797104984521866,0.5900378823280334,0.0,0,,-0.6067841224135703,-0.8327364396445385,0.682469253361255,0.06145621305955629,0.03760465547062285,0.415957188307883
1773200,811,6457.832639251626,1200,2.614084426127956,0.18994735247082828,-0.10667124141861331,0.1917770653963089,-0.10530360043048859,1.9749410152435303,0.0,0,,2.706639502742342,0.7355574414770865,0.8620741599433296,0.03180829424739356,0.04073768994651471,0.20672043621545788
1774400,812,6232.06189356828,1200,1.0166594064688517,0.08421409701651078,0.01034654611572302,0.08864301443099976,0.015826892107725143,1.9324601888656616,0.0,0,,-2.0833334226545315,0.3606795071939337,0.8288936525815521,0.09740630692785121,0.07571816906593601,0.31270277577361094
1775600,813,6700.821770132168,1200,2.0131653606712065,-0.16685155306550392,-0.01749553814971906,-0.16380472481250763,-0.018085988238453865,-0.9073384404182434,0.0,0,,0.5818321682191114,0.013509983498985486,0.8744296659472401,0.03220180138055813,0.04493951767324529,0.5052126023512703
1776800,814,7077.241219072101,1200,1.8102541327888575,0.03738185330977862,0.14624806178485536,0.04175262153148651,0.14208225905895233,2.79298734664917,0.0,0,,-1.7228644394484838,-0.32012453986591705,0.9377533855806303,0.015197467724027703,0.02092784207739587,0.28019537006069023
1778000,815,7052.303647717048,1200,1.298250019090856,0.04293083409707095,-0.0994283816713418,0.045429736375808716,-0.0932505652308464,-2.9256861209869385,0.0,0,,-1.4652539984484463,1.0510626647615224,0.9414098273987804,0.013439602550039058,0.018115269437617536,0.3815099617664014
1779200,816,6883.863404091221,1200,1.0849203840384127,0.0447373473164443,0.07870610862939616,0.048559680581092834,0.07595576345920563,1.7502574920654297,0.0,0,,1.1742298505891178,0.035141895822191634,0.9157003888116333,0.0387862040792069,0.04144221703569446,0.35036167740396423
1780400,817,6670.86033264155,1200,2.881862497089588,0.19222178288859343,-0.14403305836954888,0.1983017772436142,-0.14287249743938446,2.6680240631103516,0.0,0,,1.8942381479918442,-0.8836268346438448,0.8745371338265607,0.03267024346518285,0.04089555063589533,0.41826813255392803
1781600,818,6597.74613484631,1200,2.3538060794317768,-0.11346611270639989,0.1600427813046381,-0.1088745966553688,0.15976393222808838,2.725912094116211,0.0,0,,3.3224401402163064,1.3457903294954698,0.8635968836954437,0.028818192316953515,0.04111941027445145,0.3147927846454778
1782800,819,5910.393525430172,1200,2.8260482567603544,-0.19476715520607837,0.13241112181306233,-0.19788630306720734,0.13724222779273987,-1.3968284130096436,0.0,0,,0.6261327321143098,0.07165516020979147,0.7081322754356675,0.06908455865841646,0.03595206872946883,0.39072837263907945
1784000,820,5923.380922645405,1200,0.0,-0.003447377183450791,0.0008432655288961656,0.0,0.0,-2.0930542945861816,0.0,0,,1.2670904506613851,1.0888281771011172,0.8735059949138758,0.0,0.022554973664644196,0.23378933439970515
1785200,821,6920.911484896284,1200,1.0686349989068173,-0.03498743745965301,0.08197327147059291,-0.03077794797718525,0.0811641737818718,0.02831839583814144,0.0,0,,-0.08691657674038623,0.31244630624554254,0.9108780267189267,0.03577748394549935,0.02252548736682212,0.314895891144602
1786400,822,6887.552784094688,1200,1.8671768620875273,0.06230027534847145,-0.1427162198217503,0.06654880940914154,-0.13725940883159637,2.4953627586364746,0.0,0,,-1.689651210391927,-0.22491005964634608,0.9170429612659731,0.017238022207349917,0.020381369835670033,0.39326855778634234
1787600,823,6472.39419443115,1200,2.6183938752419786,0.04260389506470917,0.21406626121084096,0.04807393252849579,0.21408601105213165,-0.5797338485717773,0.0,0,,3.460527852567674,-0.45299101240126605,0.8251512951549563,0.03771532260263688,0.044846065474697536,0.40327199114572837
1788800,824,6662.993197124794,1200,2.35170535874352,0.13800536905292335,0.13922697748915025,0.13485339283943176,0.1429135799407959,0.25681567192077637,0.0,0,,0.9739270947258367,-1.1328285172298018,0.8583066336688718,0.0274738346661185,0.04450321003227264,0.37120284102803536
1790000,825,6954.8968403040135,1200,1.005794302942535,0.05924190260124892,0.05934339527202379,0.06107823923230171,0.05768396332859993,-2.698054552078247,0.0,0,,1.8998044715706621,-0.6235553107066537,0.9230509143385922,0.03962581684410957,0.020732951400803577,0.33457403674587916
1791200,826,7407.294945499453,1200,0.0,-0.0005393723421168962,3.2721670868389304e-05,0.0,0.0,1.0831892490386963,0.0,0,,-0.3801255071009337,0.07751351613632512,0.9686552018911776,0.0,0.0046943149314416744,0.11687391563688294
1792400,827,6031.740781307471,1200,0.0,0.001971243998437033,0.0031991297010750164,0.0,0.0,0.6305825710296631,0.0,0,,0.025334047810901802,0.1901558245963768,0.8038800209318395,0.0,0.020126378815397916,0.2449698007867052
1793600,828,7065.406168192336,1200,0.8391336791579418,0.026354693320306984,0.06477246368769331,0.026393426582217216,0.06387331336736679,1.890429139137268,0.0,0,,1.2289473983552213,0.5109877784357835,0.9401512837572644,0.031866704576739985,0.0171121616823306,0.295073559420296
1794800,829,6515.566266268175,1200,0.0,-0.0018084041877311486,0.0009187836047165508,0.0,0.0,0.7809820175170898,0.0,0,,2.0460159310611243,0.22191489403021436,0.8721369596423281,0.0,0.016465277356699465,0.14477471316972695
1796000,830,7121.547478416913,1200,1.940072038302818,0.07704115998691165,-0.14222413819742885,0.08024284243583679,-0.13778764009475708,-1.2252037525177002,0.0,0,,-1.1358561372112852,-0.3372714956354711,0.9436939303694021,0.014180662195160168,0.0207476905804824,0.4557924671464757
1797200,831,6923.25824354239,1200,0.8670569557150551,0.06348279844890553,-0.03451264736299392,0.06081579253077507,-0.03378980979323387,2.054471492767334,0.0,0,,-0.5538345273276828,0.8889326398115663,0.922697998889658,0.03360490589632701,0.01669897297141359,0.23772054238373835
1798400,832,6914.047396721042,1200,0.0,-0.0015394836959763177,0.0013278872245333481,0.0,0.0,-1.9599684476852417,0.0,0,,0.47894579602016446,0.10055919159053768,0.9057934106923164,0.0,0.009343510681192423,0.14235775568150524
1799600,833,7268.378461498189,1200,0.0,0.0002963400657060586,9.557372970037243e-06,0.0,0.0,-2.8951902389526367,0.0,0,,0.6844650755455065,-0.26656308907919285,0.9543092217468548,0.0,0.007645936599732801,0.12714242843700913
1800800,834,7081.528567153349,1200,1.4975854390511514,0.10221348647097535,-0.07172944807395261,0.10287627577781677,-0.0671001672744751,0.40374186635017395,0.0,0,,-0.30472857329295816,0.1809045555638905,0.9447490407227385,0.014190821911891834,0.016495983466491643,0.2533337821612824
1802000,835,6604.312929745548,1200,2.4652567885787806,-0.15197111918777695,0.13832836314337682,-0.14267201721668243,0.1363781988620758,0.9254984259605408,0.0,0,,0.33216031199091,-0.346740064034944,0.8363005546128257,0.02269627475577324,0.05173374749541874,0.26436018793663424
1803200,836,6328.86806674237,1200,2.800951532392524,-0.22414527203413234,-0.0652719058517171,-0.22554418444633484,-0.07040168344974518,-0.26301339268684387,0.0,0,,-0.27475842691844354,1.3787244255045448,0.7950575217435794,0.0489550831596574,0.039368568871894896,0.33930610611018364
1804400,837,7347.112766641357,1200,0.0,-5.082787513172195e-06,0.0012379372579481315,0.0,0.0,-1.5424275398254395,0.0,0,,-1.169726325254668,-0.014334148189200573,0.959880665595893,0.0,0.0035483034143884073,0.12814072441123248
1805600,838,6366.835388886176,1200,0.0,-0.002550513249743448,0.0007139802189727566,0.0,0.0,-0.7413485050201416,0.0,0,,-0.9140485989625302,0.3117505058157708,0.8929648621269464,0.0,0.015692047579254784,0.17182579990371702
1806800,839,6972.897707517391,1200,2.2079493565691517,0.03768213864805517,-0.18020760815911857,0.04282897710800171,-0.17455092072486877,1.93984854221344,0.0,0,,0.867168416736421,0.40661769975396045,0.9092695399670299,0.015360934189859515,0.026990007555485925,0.34519990008934687
1808000,840,6262.039305408418,1200,0.9698960206599733,-0.08037736935582893,0.008700171150270053,-0.08432964235544205,0.011132405139505863,-0.5929333567619324,0.0,0,,-5.698944614350464,-0.20009542010788264,0.8231409248751872,0.09583465736246945,0.06346681125549505,0.6865347470642061
1809200,841,6951.765042900655,1200,1.080853543466671,-0.08467462363380632,-0.030951449031832664,-0.08275359123945236,-0.026281030848622322,-2.263745069503784,0.0,0,,-1.2577527471665826,0.18442775542266424,0.9169414502682334,0.03226302249028458,0.023618372952769827,0.6292157218396874
1810400,842,7070.282881437789,1200,1.800493889033667,-0.1048064555511736,0.10755642311557613,-0.09554442763328552,0.10674241930246353,0.14836005866527557,0.0,0,,-1.2253482112924075,0.5666561804849773,0.9217842398420514,0.012989377890760807,0.025410633248744208,0.326852650807188
1811600,843,6625.583545789497,1200,2.598885738150284,-0.14220531814140785,-0.163373356536282,-0.13466432690620422,-0.1591048687696457,-0.6707973480224609,0.0,0,,2.287015473915256,0.21340487702459499,0.8686420549396151,0.015565046468011842,0.031055723670949723,0.4202781451725021
1812800,844,7344.315637065196,1200,0.0,0.000464135127688023,-0.0005212985501858978,0.0,0.0,2.630744695663452,0.0,0,,0.14773879721570296,-0.002487786461860065,0.9608394253708245,0.0,0.006378475865085041,0.12105970676476929
1814000,845,6964.040735002578,1200,0.0,-0.00307029758350664,0.0011726067148068286,0.0,0.0,0.5631732940673828,0.0,0,,1.1579446478973827,-0.32366068096308986,0.9239446989150423,0.0,0.007356736479403994,0.14046249257384708
1815200,846,7076.414999878559,1200,1.1466438729890789,0.012101970695896119,-0.09521766871692455,0.019942384213209152,-0.08871669322252274,-3.007606029510498,0.0,0,,-0.7782174235322035,-0.9093716091839055,0.9215977647728679,0.017038442345555394,0.014473114335174904,0.38425301706556636
1816400,847,6600.29579636132,1200,2.347636431150848,0.13394075319440327,0.14259958792088512,0.1366398185491562,0.14386476576328278,-1.461076259613037,0.0,0,,-1.1506307257356745,0.2335064425658522,0.8527520857242264,0.03728635844564947,0.041261880382900594,0.33924718632661294
1817600,848,7004.765491687645,1200,1.028850932329697,-0.0019234889021925176,-0.08600863489834998,0.005012409295886755,-0.08325372636318207,-1.2606838941574097,0.0,0,,-0.01817070731119149,-1.2654997559293477,0.9189938121482315,0.0287807728357315,0.024730348192132795,0.673566092774674
1818800,849,7216.596694444178,1200,0.0,-0.0018972189990660612,0.00044915752727304765,0.0,0.0,0.04456925019621849,0.0,0,,-0.3788481286102054,-0.6365776807048394,0.9501299470740975,0.0,0.0050693406964817805,0.12515496217618963
1820000,850,6834.061669448944,1200,1.9793173895989606,0.024901159879911115,0.16324064301611219,0.03137468174099922,0.15571603178977966,-1.4805723428726196,0.0,0,,-2.552972034366914,-0.3807948031933189,0.9085132837209328,0.012969311668770628,0.028558427068558292,0.2646636212839405
1821200,851,6391.14173575171,1200,2.543549609204718,-0.20947301206601476,0.03244702389586836,-0.20727455615997314,0.034026049077510834,2.866947889328003,0.0,0,,-1.3420171327707324,-0.10145480717807442,0.8082707819563497,0.03649832292659036,0.03599198877611104,0.2722292095760141
1822400,852,6064.45132527075,1200,2.719735781747002,0.09602560926667318,0.20530120131239987,0.09914207458496094,0.21518512070178986,-0.7027828693389893,0.0,0,,0.12356415751309142,0.024464520266589167,0.7485749164034534,0.06348588739089446,0.03709950474634345,0.47924590041022297
1823600,853,6841.115535337557,1200,2.3163565290607515,-0.17865510781547114,-0.07312199107990208,-0.1773519217967987,-0.07474418729543686,1.729108452796936,0.0,0,,-0.6567956164728262,-0.12079288300638907,0.8970115860829524,0.028377207131971758,0.025379983482275707,0.5231904444512258
1824800,854,6325.262643783868,1200,0.0,-0.0031727295621256308,-0.002047869018754057,0.0,0.0,-0.5551698207855225,0.0,0,,-0.4951415924653345,-0.3400249353543233,0.8557217516822717,0.0,0.01667894180365717,0.14549090084339497
1826000,855,6924.052961806966,1200,1.368688535297459,-0.10864093762975621,-0.03495037000335179,-0.1027497872710228,-0.02920963242650032,0.6809370517730713,0.0,0,,-1.5613779864458581,-0.4840072777736015,0.9014613970467673,0.01740696035491889,0.019516586062773015,0.4508323068409651
1827200,856,6673.432734412907,1200,2.5246618211305356,0.17279495119626367,0.12009478348556143,0.1766887903213501,0.11765637993812561,-1.6370989084243774,0.0,0,,0.541217347747086,0.7717351715651488,0.8673398248439419,0.02609285174493245,0.06605932838483976,0.40168548206716415
1828400,857,7154.594593226699,1200,0.0,-0.0008211962823520064,-0.0017525345277805725,0.0,0.0,-1.4228001832962036,0.0,0,,-0.5785683221965136,-0.03961203204309979,0.9357366117843948,0.0,0.004969648748458236,0.11990233164465629
1829600,858,6111.82457628553,1200,2.874312719993977,-0.0829142413677654,0.22505158819929952,-0.071499302983284,0.2296229600906372,1.0878881216049194,0.0,0,,0.9246951788996576,-0.6177848947328374,0.7498535620024385,0.04905013539591329,0.04715261192596582,0.4151601780826606
1830800,859,6962.008862097938,1200,1.2405772995051962,-0.09050983627949999,-0.049964782686435,-0.08209659159183502,-0.04624420031905174,1.6408305168151855,0.0,0,,-1.3987987538154993,-0.5894495606541584,0.9211207532968566,0.012556789067058285,0.03354029716553023,0.5701574393580034
1832000,860,7024.32587320556,1200,0.0,-1.583586013577867e-05,-0.00043387962104386485,0.0,0.0,0.4692213833332062,0.0,0,,0.21744196149246356,-0.3616567960920074,0.9508442101283441,0.0,0.006279668149366695,0.14639862674545323
1833200,861,7119.536670901541,1200,1.3450767702059474,-0.11096924345315339,-0.01585130513285841,-0.10011613368988037,-0.015353276394307613,-2.696049690246582,0.0,0,,0.09398115558564665,-0.7230040752277235,0.9282907503383061,0.007825469555180355,0.01864500770235914,0.43138132200592044
1834400,862,7342.424961017994,1200,0.0,-0.000374744997260824,0.0004595499313510233,0.0,0.0,0.9485775828361511,0.0,0,,0.35581381082770974,-0.08455135557148127,0.9621852888896685,0.0,0.003398621874750224,0.11332842173138796
1835600,863,7096.535471329164,1200,1.4271579316739629,-0.05948838750389522,0.10312568201483871,-0.051041387021541595,0.09861569851636887,-2.739886999130249,0.0,0,,0.2122136169716656,-0.7264161371453551,0.9280199598646893,0.010731380548126059,0.022365712577357186,0.34838452907461254
1836800,864,7017.689309836147,1200,1.9426389694298016,0.06924422584817606,0.1464218177007458,0.07282789051532745,0.14205464720726013,1.5711991786956787,0.0,0,,1.2422197276256162,-0.6403907549462289,0.9301299265491999,0.01758420445858897,0.029087957073866057,0.34610615832433483
1838000,865,6832.02251510613,1200,0.8251843097475793,-0.005597497892868544,0.06863700328050128,-0.0018428424373269081,0.0667361319065094,2.110504388809204,0.0,0,,-1.2151764980517947,0.6527961960661873,0.9179276328580428,0.04006812348957103,0.030955190606393453,0.3124190390784803
1839200,866,7020.297212261417,1200,2.043088346784457,0.08236050544565131,-0.14910320115359443,0.08559728413820267,-0.14429084956645966,2.0408921241760254,0.0,0,,3.0894383169823265,0.4015182310091242,0.919851995317793,0.014353492062319662,0.016574519043044036,0.3562605753897934
1840400,867,6678.335281122589,1200,0.0,-0.0009012002793609889,-0.0019110628594467749,0.0,0.0,-0.3240413963794708,0.0,0,,-0.4199814820051683,-0.4830890700825821,0.8865532408599106,0.0,0.018237955729662445,0.1829061859418057
1841600,868,6986.3528725422575,1200,1.5481254555731985,0.1285309460495596,0.011367092802224116,0.12542009353637695,0.008753044530749321,3.037508010864258,0.0,0,,1.6018948325978035,-0.49759800461034076,0.9261699002588873,0.018064083790615863,0.029352354495385456,0.35007232958719486
1842800,869,7097.0924300967,1200,1.5642338446789985,-0.11406601353036919,-0.06309720438855716,-0.10553450882434845,-0.059093035757541656,2.5162036418914795,0.0,0,,1.134331906380358,0.4375251248324285,0.9289601822454415,0.007977352581101261,0.025531759610164982,0.6416777993104841
1844000,870,6784.008855361383,1200,2.588009292066921,-0.07836304715673263,0.20102788471529165,-0.07039704918861389,0.1976373791694641,-2.8811800479888916,0.0,0,,1.7820905192825072,0.570151774059883,0.8690288453840418,0.021743054156504345,0.03262743040328671,0.3408858881174262
1845200,871,6636.076014531621,1200,1.4715629498011116,0.10397852981929645,0.0654687368430011,0.11195597052574158,0.06103125214576721,2.628554105758667,0.0,0,,0.4760703753327826,0.18820239380560294,0.8683684285206298,0.0563906929253428,0.03270466766573682,0.32900778536655384
1846400,872,6910.372494948888,1200,2.009846378293828,0.15882689529740668,0.0532035203430679,0.1614392101764679,0.05178029462695122,-1.7490971088409424,0.0,0,,0.11690665727317434,0.589717855900042,0.912715340443265,0.030000395503931934,0.02668544129498542,0.366708490661553
1847600,873,7036.2730185307055,1200,1.260475543334151,0.0003440142955676153,0.10523011410725293,0.006508182734251022,0.10229465365409851,0.17846322059631348,0.0,0,,-0.4817926217046135,0.25756526163707893,0.9248166114471913,0.02163078338997139,0.01461945214701675,0.23899768601569027
1848800,874,5992.9218466116645,1200,0.0,-0.001977896512719576,-0.0012854395139853393,0.0,0.0,-0.2876863181591034,0.0,0,,-0.19027350995153036,-0.28182090311633856,0.8460598487288908,0.0,0.03171164450411293,0.20257227475439427
1850000,875,6505.0258736571195,1200,2.6750346300381245,0.19544695815743987,0.10773236760947662,0.2024732232093811,0.09935759007930756,2.266845464706421,0.0,0,,1.9832840516084052,0.3228553268811323,0.8635974506789923,0.02878304322627378,0.05865945130505666,0.39979087167104266
1851200,876,7051.858356708177,1200,1.7005521431999142,0.04309420407508542,0.1350795104125463,0.04693635553121567,0.13217198848724365,0.547976553440094,0.0,0,,-1.1162786080705078,-0.22420931410512648,0.9336285139936183,0.022149259922197007,0.019418531577033875,0.22881597424260755
1852400,877,7117.460682112616,1200,1.9086078860338527,0.08501415630061086,-0.1345126111487169,0.08801071345806122,-0.13020901381969452,-0.9006824493408203,0.0,0,,-1.572592039735807,0.26898761602188787,0.943883179210056,0.01297781139822757,0.01972562496090063,0.24594199051490767
1853600,878,6918.986402471589,1200,2.500249143861933,0.18313422080993239,-0.09938678221055311,0.18153731524944305,-0.10091160237789154,-2.4307422637939453,0.0,0,,0.25102652547325083,-1.1283815292933699,0.9242950854722289,0.01863291569462933,0.026986164266924025,0.2336729368386116
1854800,879,6722.76882592321,1200,2.660110479983044,-0.19679585862121396,-0.10207313539571355,-0.19239027798175812,-0.102791428565979,-2.401370048522949,0.0,0,,0.10757574602306647,1.1867276417939288,0.8681959919195551,0.028905419633287372,0.029349037074506524,0.3133950612300247
1856000,880,6911.253006710164,1200,1.5677297014586598,-0.10043296742264855,0.08370489205562069,-0.09098803997039795,0.08197865635156631,-1.678478479385376,0.0,0,,1.6185574187084923,-0.4130400910481138,0.9121310321633153,0.014471763866380775,0.022573085109482253,0.2776899477051842
1857200,881,6881.50128373228,1200,2.2140634669143027,-0.18410106529465783,-0.012231528599206714,-0.17336560785770416,-0.010780828073620796,-2.6149239540100098,0.0,0,,1.0577685763976903,0.32176224622119143,0.8828423709408135,0.013521629827584428,0.021443140574640543,0.3055697341024623
1858400,882,6626.6432112032935,1200,2.5984789398523382,-0.12629009732491533,-0.17597054808224374,-0.11918043345212936,-0.17447784543037415,-2.801201820373535,0.0,0,,2.659047827450648,0.17501094845819642,0.8793017446485099,0.018416554001754248,0.03294446218319534,0.3372381250927343
1859600,883,4768.259913032335,1200,1.2710967035528242,-0.07387071269036576,-0.07600926545467258,-0.08790931850671768,-0.09714794158935547,-1.8352054357528687,0.0,0,,5.419208220223124,0.5119196624474441,0.6225271082854331,0.22741352464954928,0.05266473001412049,0.4353923895486514
1860800,884,7034.731190005773,1200,1.3412747317686624,-0.014218679244419465,-0.11097634884223884,-0.008654811419546604,-0.1040889322757721,3.0719025135040283,0.0,0,,-0.3925093739958765,0.7601685205240952,0.934757089960774,0.01027428115096867,0.024354652929962164,0.4882702138471212
1862000,885,6809.499120618904,1200,0.9171254885136289,-0.07120275509447271,-0.027772607166285716,-0.06667833775281906,-0.025795448571443558,1.1830503940582275,0.0,0,,0.29606118201701626,1.3480966782339754,0.9181562940519185,0.032357315286583345,0.040079179629463176,0.6260677075971012
1863200,886,6488.952864381997,1200,1.7925830673287142,-0.08569144416480945,-0.12242526639637856,-0.08039236813783646,-0.1216638833284378,0.24216806888580322,0.0,0,,2.556331028208927,0.8341932109792677,0.8842038668390596,0.03193415604801399,0.04773296978402511,0.5678406688021762
1864400,887,7106.74291680991,1200,1.5061162859362156,-0.12408148785233998,-0.0188806282859815,-0.11493310332298279,-0.017388802021741867,-1.7040808200836182,0.0,0,,-3.0313991327942773,-0.1821405482807031,0.9370520726486753,0.007654335792346269,0.023506879189670236,0.4124198465560672
1865600,888,7018.938476710119,1200,1.4909550153335662,-0.12207265995683594,-0.023183887820620898,-0.11228209733963013,-0.022683022543787956,2.1517910957336426,0.0,0,,-0.3850310807718114,0.26153754609818297,0.9175623980175119,0.011325621503897362,0.01930486629686501,0.3453637407364513
1866800,889,6483.767838922422,1200,0.0,-0.001474945810034562,0.0028057089972189607,0.0,0.0,1.8376989364624023,0.0,0,,0.7129162290029116,-0.012293621685601407,0.8727447796536616,0.0,0.012830143292636188,0.14595652271010856
1868000,890,6596.872078401334,1200,2.0606035636885642,-0.1689924765567244,0.030500518937082208,-0.162801593542099,0.030777713283896446,-0.32091024518013,0.0,0,,-0.6958450565886194,-0.14155565897802977,0.840124784119732,0.029917813264268775,0.01974637546515298,0.3567172612491442
1869200,891,6690.607819644544,1200,1.0183864262935478,0.06357763183813547,0.05623866375575962,0.06541240215301514,0.05562465637922287,-1.1878265142440796,0.0,0,,-1.9295432779745956,-0.008345646047337056,0.9006442140414991,0.04374405626077836,0.04187316522042465,0.34794315583688507
1870400,892,5668.954616603305,1200,0.0,0.0005835236527988648,-0.002784230280086008,0.0,0.0,-0.8810679912567139,0.0,0,,-1.3233651036710306,-0.04502988488717258,0.788228486824189,0.0,0.024992205762179573,0.2727075454639774
1871600,893,6362.366677855379,1200,0.0,-0.0007065557435944498,-0.002041927586706621,0.0,0.0,-2.611215829849243,0.0,0,,-2.3066475314241317,1.2729882943837338,0.8791470212679521,0.0,0.013068487741967052,0.2137385787690136
1872800,894,6709.072281168944,1200,2.4789305339226577,0.1323388982971624,-0.1586412051708317,0.13146157562732697,-0.16155050694942474,0.1927173137664795,0.0,0,,1.5551361264692554,-0.4189658579313092,0.8679535892402473,0.02435225586321748,0.033140643855807436,0.350657167822724
1874000,895,6155.201678122815,1200,2.8295422641593375,-0.21734970228642866,0.09143573383511819,-0.21512268483638763,0.09202717244625092,-1.092479944229126,0.0,0,,-1.826573693148001,1.2671083175976814,0.7807583629330505,0.03812401268304726,0.0368242254347393,0.44461133568546224
1875200,896,6367.7818695955,1200,1.3144128214111679,0.029751028078538074,-0.10555133448213133,0.02492980659008026,-0.10837399959564209,0.1589583158493042,0.0,0,,-1.8912835020569798,0.6504316588621057,0.8450589062158224,0.05725757678145367,0.027438115075252078,0.32275405607741764
1876400,897,6973.88544454565,1200,1.0133329777459363,0.0055192585065596215,0.08443942006026392,0.01090659573674202,0.08366452902555466,2.710073232650757,0.0,0,,-1.443518766616071,-0.4192822812257953,0.9259117682657393,0.0347590169291407,0.020840169872838994,0.2528319923372729
1877600,898,7082.521363753669,1200,0.0,-0.0005355221906235529,0.000696698595753892,0.0,0.0,1.9731895923614502,0.0,0,,0.18888954210306247,0.3123393435076416,0.951814859241475,0.0,0.006160783840313141,0.13279755766693285
1878800,899,6845.5704736649695,1200,1.654869926698905,-0.03376924187269989,0.13389238735283793,-0.02554532140493393,0.12860770523548126,0.9342070817947388,0.0,0,,-2.0779541798933043,0.42906455206706445,0.908897187311804,0.01677204121384367,0.022093853999756174,0.2684082929669158
1880000,900,6390.022610199506,1200,2.886714615166449,0.20904446227575527,-0.11918249762806439,0.20933406054973602,-0.12628190219402313,2.7942843437194824,0.0,0,,-0.4133068669763512,-0.20857764096798206,0.7976647475045847,0.04016886050056083,0.040546877428480003,0.32850389650287365
1881200,901,6659.615929701188,1200,2.077941884271092,0.1030115923280914,-0.13919896623442918,0.10653084516525269,-0.1411219835281372,-2.424466848373413,0.0,0,,3.0878974505016945,0.7957249401096202,0.8876843331471805,0.037073078655460966,0.024098243548232992,0.25027804316947083
1882400,902,5843.990330804411,1200,0.0,0.0031037257880792207,0.0006000372120226643,0.0,0.0,-2.6079776287078857,0.0,0,,-1.4191941695120198,-1.1659263967133562,0.7799635347687643,0.0,0.015987640348676925,0.16357363456393875
1883600,903,6827.390790279798,1200,2.365929386121828,0.17351958893187366,-0.0936592578666803,0.17230090498924255,-0.09636308997869492,1.4592431783676147,0.0,0,,0.578039979735961,0.7381767369246015,0.8881795188609465,0.026292866705310128,0.018995545008055538,0.25800668960909495
1884800,904,6941.403719183902,1200,0.0,0.00041382311746543615,0.001398642144270564,0.0,0.0,3.122703790664673,0.0,0,,-0.049207855248600434,0.6674231263689384,0.9292418239391737,0.0,0.006741601935234484,0.13151508592511707
1886000,905,5738.005619954003,1200,0.0,-0.0034545481793439494,0.003711933997448371,0.0,0.0,0.7486101388931274,0.0,0,,1.1222306924427974,0.8288094919915276,0.7667044917633453,0.0,0.013973560789471838,0.23089540224462093
1887200,906,6885.425410286372,1200,2.346696242593355,0.04018890732704943,0.1916322999682828,0.048363011330366135,0.18435049057006836,-2.251227617263794,0.0,0,,-0.008493131939529766,-0.67801255914382,0.8972231672704614,0.010652727307598786,0.028214472098776446,0.3164110472679605
1888400,907,6973.837601257418,1200,2.2491224044436313,0.14290871623160156,0.12139850264768863,0.1460021734237671,0.11666712164878845,2.86710786819458,0.0,0,,2.6643771099962184,0.5779416146627555,0.9244213076933036,0.0194849958765125,0.02922293320294711,0.30837881168772624
1889600,908,6747.809312486815,1200,2.4881398024371655,0.12170572945875888,0.16806719103464027,0.12612850964069366,0.16045618057250977,0.8521280884742737,0.0,0,,0.2434788366300974,0.30820493234867147,0.892992732230711,0.020339891645420157,0.036895903173874506,0.33909298636857643
1890800,909,6494.472651148239,1200,0.0,-0.0031749478517374722,0.0017359650896666343,0.0,0.0,0.8006093502044678,0.0,0,,0.1564012446149424,0.1687101367232984,0.8796953077548673,0.0,0.008814568102699512,0.20584212311204544
1892000,910,5692.613958792284,1200,0.8299651921694766,-0.029336479037846763,-0.06283905098134031,-0.039763182401657104,-0.07108471542596817,-1.517737627029419,0.0,0,,-2.1010970691716913,0.20610366140109124,0.7150848383159292,0.1958104752309433,0.025534401089885226,0.4347145308876671
1893200,911,6842.585454995263,1200,1.7091533609167782,0.08353038561364125,0.11542298061706163,0.08440230786800385,0.11048009991645813,-1.517924189567566,0.0,0,,1.837163677847196,1.5430491757601672,0.9185056225756391,0.01864084857186248,0.03152555610105929,0.3346492805034225
1894400,912,7079.303531248965,1200,1.6310490589154711,-0.05631584663484986,-0.12380641080417609,-0.04807857796549797,-0.1169339269399643,-2.0120444297790527,0.0,0,,0.4211080140155634,0.2498426674263482,0.9177971820554598,0.009415015755222028,0.02687267575818043,0.4671205066115251
1895600,913,7027.724461465366,1200,1.5526171006608327,0.06528040891571918,0.11182131531347314,0.06824461370706558,0.10714517533779144,0.3064059019088745,0.0,0,,2.1716717905704774,0.31742371540469094,0.9355355487436202,0.01432485951913477,0.02044456710327046,0.28121536450798806
1896800,914,4843.874227963399,1200,2.297149943736064,0.18583846299129161,0.05064073752268797,0.20861008763313293,0.03260298818349838,1.353488564491272,0.0,0,,-12.924519621835072,1.2904906291703524,0.6596306285059168,0.10273530591691098,0.0492013738833796,0.3510537864348376
1898000,915,7094.792432284881,1200,1.7518664657643401,-0.11539710574954481,0.0895628702339036,-0.10793448984622955,0.08988717943429947,2.837519407272339,0.0,0,,1.0520083671326854,0.16197648794079705,0.9217315267669847,0.019753979074928384,0.025937988851254066,0.5922502175766496
1899200,916,6696.666292541685,1200,1.478527972673534,0.11409965686004132,-0.04664159267338691,0.11241859197616577,-0.04988578334450722,2.2133874893188477,0.0,0,,-1.2980313186746546,0.9502010796398139,0.8745424118808387,0.04623499582088992,0.026740332716820005,0.3073276483271817
1900400,917,6142.066943306725,1200,2.9834679121503984,-0.18554014244981223,0.1655151304675578,-0.18049415946006775,0.16458092629909515,-0.3655066192150116,0.0,0,,0.4103747823674645,-2.912668173929944,0.7568590287196391,0.03447725896421635,0.040521880416547036,0.33635048004130663
1901600,918,6872.515912650893,1200,0.8717799940565246,-0.05827241129401908,-0.043683510086871,-0.047600965946912766,-0.04120802506804466,1.9560365676879883,0.0,0,,1.7211760525649265,-0.4651296142827486,0.9073073974916093,0.017562169025900624,0.02644193917247438,0.49825063106313017
1902800,919,6978.78922506323,1200,1.9766711800851846,-0.11689532549252575,0.1161948879564197,-0.10896652936935425,0.11604520678520203,-1.1962404251098633,0.0,0,,0.020400632071634648,0.17033717571042487,0.8951209204663246,0.024970719058372223,0.021122132110309406,0.4490153433255601
1904000,920,6887.1246365354755,1200,1.1516450049935227,0.0938683692061977,-0.01997888675655054,0.08721771836280823,-0.01825474202632904,-0.8120120167732239,0.0,0,,0.4779994366951163,0.455054988230061,0.9009074190964514,0.018923324936329474,0.043854304455090434,0.3575046380080599
1905200,921,6810.367305573875,1200,0.0,-4.987941494708858e-05,0.002371227884599051,0.0,0.0,-1.6025991439819336,0.0,0,,-0.24678093753148028,0.31225374508491227,0.9238873779395609,0.0,0.00729205815478932,0.18404326247226854
1906400,922,6919.336689922994,1200,1.0264402809099376,-0.08361492376955533,0.018645682155277624,-0.07329034060239792,0.02067207172513008,-0.5088573694229126,0.0,0,,-2.2635588633339134,-2.516884292416388,0.9297307179662637,0.008286398583037147,0.017819321231297924,0.550320114163562
1907600,923,7032.853366728735,1200,1.043717599234997,-0.039825475061160125,-0.07766630387434806,-0.03125470504164696,-0.07600532472133636,3.086149215698242,0.0,0,,-0.853392799313111,0.38264142294303716,0.9255110023492178,0.020224480822307045,0.04583477376861434,0.7894728261617471
1908800,924,6112.77708409111,1200,2.158186187005822,0.13098826216157855,0.12349459186445542,0.14592567086219788,0.12587840855121613,0.2527489960193634,0.0,0,,1.9077989872970536,1.1911870696448488,0.7937743663656878,0.07925675768311563,0.05918836813030681,0.34295243748401316
1910000,925,6841.420722982756,1200,1.9535023656135468,0.009958725339890492,-0.16269005257131236,0.017317259684205055,-0.15535005927085876,-0.8211436867713928,0.0,0,,-2.2872681895243328,-0.6896482641007515,0.8930111273404322,0.017645807693880355,0.027711827765931205,0.5527879325920999
1911200,926,6846.802651929981,1200,0.0,-0.0015864551015244512,0.003089540123278715,0.0,0.0,0.8778364062309265,0.0,0,,-0.16912708241056157,-0.670647826992995,0.9087406769431847,0.0,0.00792180607033036,0.13576840704013451
1912400,927,6948.097060890281,1200,1.321650527358957,0.010107915252725834,0.10974037552848726,0.013816949911415577,0.10837090760469437,1.91935396194458,0.0,0,,-2.089586439068858,-0.4736291480698431,0.9234606510235005,0.02499312883196554,0.024231274759939758,0.3988036950566982
1913600,928,6964.865695835888,1200,0.9978023762615691,-0.07288039798812308,-0.040040598026880134,-0.06556705385446548,-0.03697287663817406,0.19609355926513672,0.0,0,,-1.8643841235469043,-1.2426399380480402,0.9297909159458785,0.013858262178277281,0.03596009200717917,0.43620252736914295
1914800,929,7106.29153012512,1200,1.4283639872436584,-0.0172130842480623,0.11787865010121121,-0.011923139914870262,0.11385545879602432,1.2258872985839844,0.0,0,,-2.1313636954860042,0.3321590383865985,0.9406020295630934,0.014392524852086265,0.019124909068248194,0.3185232430118591
1916000,930,6718.385586068132,1200,2.087998949833616,-0.173971161855216,-0.003279105127146145,-0.17213544249534607,-0.004100572783499956,1.804331660270691,0.0,0,,-2.260873795418741,0.6070011984957719,0.8850507320518142,0.027222921962496968,0.05026067481699044,0.5365101473682887
1917200,931,6871.762353200894,1200,2.1527762570427895,0.01487875734363465,-0.1789563718212039,0.02204437553882599,-0.17236274480819702,-2.768526554107666,0.0,0,,1.0786790265418835,-0.17978539044265213,0.9143063313073172,0.01290630518064966,0.022076921341146697,0.38255278256226805
1918400,932,5977.198731589282,1200,2.8555270422726684,0.20273025191818173,0.12460294640243767,0.21236275136470795,0.12996268272399902,2.7752621173858643,0.0,0,,-1.02624171860718,-0.1267895346642832,0.7646075891436154,0.05937976420798801,0.06085301081483968,0.3604478802540083
1919600,933,5323.120606436577,1200,0.0,-0.00166741002616168,-0.006840838278103887,0.0,0.0,3.132472038269043,0.0,0,,-0.3912529241847557,-1.1632558729406954,0.708757225304093,0.0,0.03205826775381873,0.24108340716616974
1920800,934,6680.000022227122,1200,0.0,-0.003750361226163473,7.603568264228569e-05,0.0,0.0,-1.0818443298339844,0.0,0,,-1.5309083988008678,0.3137170828121578,0.8995557373158861,0.0,0.012133753073955889,0.14001530584401556
1922000,935,6907.036089536126,1200,1.1573415386951638,0.07050336107666146,0.06586290646121654,0.07249431312084198,0.06409576535224915,-2.094125747680664,0.0,0,,1.2015303912197985,-0.043288476500649924,0.9171737566525145,0.040159482630726974,0.029452509648142264,0.31552311333258826
1923200,936,6518.730938276658,1200,0.9387461618458911,-0.07391941047823737,0.025635277219077598,-0.0723501518368721,0.026364445686340332,1.6542223691940308,0.0,0,,1.7487546548365691,-2.2384644277910755,0.8647275763041434,0.06263308644099029,0.045769646123264694,0.45209813525868875
1924400,937,7259.651239681492,1200,0.0,-0.003155567821126946,1.2498074814815594e-05,0.0,0.0,-2.8727924823760986,0.0,0,,-0.30952548668052415,-0.5468696753613151,0.9494235249311884,0.0,0.006350818361628641,0.13443242627055138
1925600,938,7185.14653739999,1200,0.0,-0.001524196169964454,-0.0008513480131039904,0.0,0.0,1.966787576675415,0.0,0,,-0.1438795544681954,-0.0555816684852706,0.9551908183241135,0.0,0.007423341229962146,0.12846426992656973
1926800,939,5894.663375336814,1200,2.4914703101283204,0.07110762016667047,-0.1953277052416036,0.0888083353638649,-0.21137192845344543,-1.0161775350570679,0.0,0,,-1.9948732534052467,-1.1467509294960019,0.7233440140850985,0.10849604408914118,0.03683597214908712,0.3968748904820893
1928000,940,7021.616227588141,1200,1.484341996816251,0.10163041946427259,-0.07051997382796811,0.10020402818918228,-0.0681629553437233,1.4174555540084839,0.0,0,,1.5657844197614774,-0.14062562921938349,0.9266169850414389,0.023019284442706456,0.01794788269575698,0.24109630903976495
1929200,941,6727.752697453682,1200,2.6980305487609764,0.18658655619950051,-0.12555158086002363,0.18997351825237274,-0.12159941345453262,1.0417779684066772,0.0,0,,0.7195608789156095,-0.9150100522667184,0.901093286627188,0.022074780103882297,0.02332037037810436,0.29565630225852807
1930400,942,6833.467184695217,1200,1.6668791208446163,0.12905591557865223,0.051378839647383975,0.13156886398792267,0.051923658698797226,2.308713436126709,0.0,0,,-2.6196567369267627,-0.03425218205382489,0.910766829587084,0.037103166696008924,0.02516092584201714,0.2663486106585592
1931600,943,7043.938469440435,1200,1.4163371928990303,0.09724080040308682,-0.0669547091820635,0.09934026002883911,-0.06493233889341354,-2.8016960620880127,0.0,0,,1.67307974933167,0.4308766459650452,0.9320617689136363,0.029099448390646786,0.018294032616470866,0.34911325692730333
1932800,944,7037.274699177507,1200,2.2151709690806523,0.04271224105415812,-0.17975409121933245,0.049107152968645096,-0.17398977279663086,1.2637931108474731,0.0,0,,1.5123277385351381,-0.44467219492239946,0.9268773589779913,0.012705591515478992,0.01977758755102523,0.39938009451042245
1934000,945,6761.286421060894,1200,2.2536527670159034,-0.10596779810391958,0.15513046789275522,-0.09771662950515747,0.15140721201896667,1.3214391469955444,0.0,0,,-0.5373886105483167,0.7880441264427445,0.855990385372681,0.023466084950443642,0.028611988115756073,0.2677162588046936
1935200,946,6618.301826690152,1200,2.599899360132163,-0.17984189110576967,0.1209807361961312,-0.16897492110729218,0.12085041403770447,-2.534728527069092,0.0,0,,1.5819413469486896,-0.13110648152706392,0.8509938664089428,0.016830790742017144,0.031309810029625844,0.23702962089134938
1936400,947,6950.232454384821,1200,2.4725738782535944,0.09737593872897157,0.18165465575266326,0.10005601495504379,0.17629137635231018,0.36061570048332214,0.0,0,,1.144815959957783,-1.2310950184449887,0.9140570677707069,0.015174983889128827,0.03586794185934473,0.3491837746265885
1937600,948,6504.703893391866,1200,0.0,-0.0026943658065659557,-0.0005791994208880576,0.0,0.0,0.6874169707298279,0.0,0,,0.3615322487633934,-0.9775054764109209,0.8685699464389709,0.0,0.01720301876827791,0.17507489447527297
1938800,949,7022.215905408319,1200,1.4845315000613533,0.11783999998805972,-0.03766080081801516,0.11763892322778702,-0.038066133856773376,0.1536567211151123,0.0,0,,1.455176559868368,0.38538471314673906,0.9287055187213263,0.029440405290826616,0.017401579644937697,0.335696062973072
1940000,950,7002.944283476405,1200,1.6172475203954926,0.11882315735600994,-0.06368040962523379,0.12243372201919556,-0.06178482249379158,0.9845846891403198,0.0,0,,1.461990127928841,-0.05874204778181615,0.9299712559825578,0.034274975168255645,0.017151241458024893,0.29847823754764813
1941200,951,6340.006793626716,1200,0.0,0.0016599620239375575,-0.004284432693313926,0.0,0.0,1.7974499464035034,0.0,0,,1.1349248002224415,-0.6813759498696148,0.8288467847741782,0.0,0.029463308913559753,0.2167051323386101
1942400,952,4322.5396193942715,1200,2.477365687498723,-0.01900606816179371,0.20755822584302122,0.011173920705914497,0.2395380437374115,-0.6306730508804321,0.0,0,,4.331702146633855,-0.38224519000536805,0.44583969788493066,0.15603666473653066,0.06868956590576125,0.27795133317871695
1943600,953,6848.462689484987,1200,1.1534980957648113,-0.08098640037684927,0.05180062660029219,-0.07403678447008133,0.048950016498565674,-1.4610856771469116,0.0,0,,1.750440478316115,-0.7095343573449554,0.9253076610352372,0.014321367014978114,0.03799475441083594,0.3914712652533623
1944800,954,5831.613189821543,1200,0.7054458835150811,0.055731973641764215,0.018783972325714757,0.06530308723449707,0.019902119413018227,1.7518033981323242,0.0,0,,1.8428870322301416,-0.25511916173065136,0.754430235787765,0.1700570889757948,0.05177373964367248,0.31147528050207385
1946000,955,5672.719509496876,1200,0.0,0.000601365935628495,-0.004595260123566818,0.0,0.0,-0.2636943459510803,0.0,0,,0.09725629632245417,-0.7482717777163279,0.7755316485692835,0.0,0.018716234642820746,0.1925936247843387
1947200,956,6987.714475807638,1200,2.010047590794309,0.16129400798687668,0.045186646207142446,0.1600075662136078,0.04493634030222893,-0.5215401649475098,0.0,0,,-1.286078517114112,0.34296013207929094,0.9259670969515296,0.020787378797040804,0.021148852004685866,0.20279119343228602
1948400,957,5708.039410190679,1200,2.5072195568143996,0.10313380448399939,-0.18178441701269263,0.11450871080160141,-0.1903674602508545,-0.2747649550437927,0.0,0,,-2.976401802533557,0.5503192195997536,0.7658562733862856,0.07508170277122822,0.041227988309796446,0.4556907294941805
1949600,958,6443.966961941293,1200,2.8695979597196,-0.18597909791193745,0.150353677882286,-0.18337710201740265,0.1522587388753891,-1.7733769416809082,0.0,0,,3.9759140204677808,0.5802132300956158,0.8382283419717341,0.03319164499560067,0.028734186277305264,0.313307681233579
1950800,959,6830.519212464237,1200,2.50573649462297,-0.18209590731531844,0.1022821948517917,-0.17395251989364624,0.10246077924966812,-1.7196916341781616,0.0,0,,2.2637903258345307,0.6064404697015512,0.8848999786124286,0.018939908940710765,0.027135345581010887,0.3777296895737291
1952000,960,6708.581252954291,1200,2.37689948796514,-0.04845617104814064,-0.1921357430599656,-0.04320858046412468,-0.1939597874879837,2.8253493309020996,0.0,0,,-1.0715740379138652,0.5495267930022051,0.8727028138772025,0.03152023123424886,0.028806156105882153,0.3133261107675779
1953200,961,6852.6554884673915,1200,1.5047034618112038,-0.04213198559906757,-0.11822428957328697,-0.035397764295339584,-0.11464975029230118,0.8437107801437378,0.0,0,,-1.209154148338795,0.0859691243296115,0.9210400983347254,0.016718661909927858,0.02122508651176997,0.3269735244345929
1954400,962,6123.611085615032,1200,0.0,-0.0009493947797257548,-5.1725906006189414e-05,0.0,0.0,-2.0333588123321533,0.0,0,,3.586071290889146,1.090799827860356,0.8335702216565083,0.0,0.02868011438821653,0.16070259308292162
1955600,963,7087.011745650942,1200,1.6594950260599983,0.006437934120603646,-0.13825165652589147,0.011453986167907715,-0.13216975331306458,1.7246732711791992,0.0,0,,0.6171593711392184,0.36996196071897874,0.9357311759648221,0.009977758901136918,0.02425286913661254,0.39086047338109126
1956800,964,7045.982034616294,1200,0.9337750796356488,0.055150899455734315,0.05489627694621112,0.053572848439216614,0.052867721766233444,-2.319265842437744,0.0,0,,0.31580791572755984,1.5552590456694857,0.943083117837873,0.02260592000299691,0.02651682974958496,0.36440413206958244
1958000,965,6734.533527965222,1200,2.624272947565314,-0.10507989295824113,-0.1922667812578481,-0.09232581406831741,-0.1969514787197113,2.7387874126434326,0.0,0,,-0.08288247448129629,0.29750090996936934,0.8525573842478134,0.02218621738216344,0.02543606721436825,0.2310626119636924
1959200,966,6238.011412441173,1200,0.0,-0.0005252349815673531,-0.0017334607686431748,0.0,0.0,-0.13122504949569702,0.0,0,,-1.3575137895681455,-0.2832900539296896,0.9275449092902951,0.0,0.016648490030232985,0.19066231494930475
1960400,967,6599.224273706146,1200,1.7155418043501713,0.14205174695673248,0.01655489774376422,0.14381080865859985,0.012865208089351654,3.0777318477630615,0.0,0,,-1.5544564687865259,-0.6820327776424088,0.8954862855107891,0.0351428810145843,0.021091468168041395,0.28378289943545415
1961600,968,6891.645029979219,1200,2.383427483349903,-0.19475899855340187,-0.03903014431161644,-0.18587452173233032,-0.03941578418016434,1.7238500118255615,0.0,0,,-2.127624979784451,-0.576638773386932,0.8911593286507904,0.017117898388457915,0.026785350031395646,0.45099597626139104
1962800,969,6875.497873454208,1200,2.4890689268305843,-0.006549072661722446,-0.20743473097689002,0.000369187502656132,-0.20192834734916687,0.8363706469535828,0.0,0,,1.1082590741443652,0.5948101868405071,0.8956960864982997,0.016555308707311114,0.022626306922943165,0.28614180642055975
1964000,970,7074.931866649018,1200,1.3442323795029858,-0.03973006356964815,0.10490206992871515,-0.03235998749732971,0.10116402804851532,1.5920652151107788,0.0,0,,-0.058126004307263335,0.713859486720128,0.9304624438910707,0.01516702952986358,0.02470973049783188,0.28505785168635817
1965200,971,6539.703575997936,1200,0.0,0.00016039766627283728,0.0008888311597924244,0.0,0.0,1.8997979164123535,0.0,0,,-0.4622687916508567,-0.30392799701393886,0.8940633769347839,0.0,0.020545019702880325,0.15030203199873585
1966400,972,6670.998159412107,1200,2.6143776942577293,-0.03907929319433509,0.21434559605859885,-0.037042759358882904,0.2171562910079956,0.38209959864616394,0.0,0,,0.7955850998109734,0.6701299982204789,0.8698736790324286,0.036399223581925544,0.030213266609716828,0.35681485078555164
1967600,973,6874.690969386328,1200,2.415263050466832,-0.045103512255689614,-0.1963429125304515,-0.03616567701101303,-0.19547170400619507,1.031649112701416,0.0,0,,2.314560747234847,0.44371150390969494,0.9032783141243808,0.017793709994498384,0.02675961826192209,0.34690884365690444
1968800,974,7030.032560773327,1200,0.8043856737877494,0.05755460052711221,0.034379776486045385,0.057283733040094376,0.032963547855615616,-0.16406117379665375,0.0,0,,0.6882853785768038,0.8778304085568428,0.9339563649556396,0.03396680816631791,0.02681239449008378,0.3020522402428351
1970000,975,7373.856573787201,1200,0.0,-0.0003592157802579129,-0.0005158657088607607,0.0,0.0,-2.576549768447876,0.0,0,,0.8935297294575248,-0.01047306134175748,0.9677072149713879,0.0,0.0035260854665282557,0.12550473164050496
1971200,976,7111.530922786637,1200,1.762712013314358,0.10378817363194387,0.10403233333050538,0.10525920987129211,0.09970404207706451,-2.4559080600738525,0.0,0,,-1.7631750391364729,0.6453054320351236,0.944338999222568,0.015859263513671184,0.02412968387930496,0.26367362943019224
1972400,977,7050.351693588809,1200,1.9901492792508928,0.15653462527155665,-0.05480032254564406,0.15538936853408813,-0.05562160536646843,-1.3585388660430908,0.0,0,,-0.7357563871003787,-0.3831431082844659,0.9411141641784091,0.0178615604355221,0.02158051411170632,0.2080944220916442
1973600,978,6796.218639723028,1200,0.0,-0.002760775897066438,-0.0007524489548139815,0.0,0.0,-0.015729082748293877,0.0,0,,-0.3437486401651634,-0.7510698562320477,0.9028245140218409,0.0,0.01915214836045988,0.150365962289422
1974800,979,7139.394308344833,1200,1.6525731234061285,-0.12605993324695836,0.0554515520061229,-0.11801645904779434,0.05104905366897583,0.5838786363601685,0.0,0,,1.2863267186900162,1.1150167079392237,0.9401350147298746,0.006204712976627404,0.01757739074949143,0.3819911759592547
1976000,980,6337.970856908161,1200,2.8185882450009405,-0.1892493307938072,0.1392212214432513,-0.18701283633708954,0.14419497549533844,-0.6309298276901245,0.0,0,,1.1803871805060773,-0.3288031214305163,0.808149220098895,0.046608255935462646,0.048967328650086545,0.4543631794674124
1977200,981,6832.6537427885705,1200,2.521833101364041,-0.08840219592219405,-0.19080530102037094,-0.07938492298126221,-0.1889084130525589,-0.6709108352661133,0.0,0,,3.085108111113721,-0.12899091956737058,0.898041877288451,0.015414526641040602,0.025254512097800066,0.28114790251189076
1978400,982,6864.753078413305,1200,2.4210708131347203,-0.13515052874669478,0.14992515822435393,-0.125909224152565,0.14852847158908844,-2.133331775665283,0.0,0,,1.845603651113974,0.26044716765155423,0.8915218896128119,0.016641537109196785,0.036671066639966186,0.34610088272938294
1979600,983,7196.383292828023,1200,0.0,-0.0017845897808738643,-0.00043740647908903954,0.0,0.0,-1.2225720882415771,0.0,0,,-0.10928758458419309,-1.0822765104514225,0.9436048615313504,0.0,0.00499673425618469,0.14025143205641813
1980800,984,6917.164898759523,1200,1.9383205970288575,0.14128912177015204,-0.07837938482730826,0.14560569822788239,-0.0762588307261467,-0.18580520153045654,0.0,0,,1.5457220474726248,-1.2226767497548252,0.9112510091637834,0.0330982305218736,0.018427002369681138,0.25625957298149177
1982000,985,6009.53830601169,1200,2.593064819725276,-0.18073107797864646,-0.11845123587643182,-0.1942421942949295,-0.1269514411687851,-0.12976543605327606,0.0,0,,2.2238055543346196,1.0789534446612328,0.7349024877837188,0.08449066977228384,0.035853334904831384,0.3944817659512259
1983200,986,6889.694521922583,1200,2.074187385067712,-0.052637695367499154,-0.16480163125583167,-0.04362991452217102,-0.15960060060024261,0.9076117277145386,0.0,0,,1.6981402979765516,0.3929465840201219,0.9081786608959764,0.011967212584121055,0.026319674937599305,0.3316081728755321
1984400,987,6953.460912849268,1200,1.741901090890249,0.14479073089405836,0.010329887746987275,0.14331576228141785,0.009920128621160984,-2.5294039249420166,0.0,0,,-1.2061633043208606,-0.04575459658203812,0.9209402540975693,0.022827100402339175,0.01731639570621012,0.23633182800661687
1985600,988,6444.935773665347,1200,1.3777144705047535,-0.114225226239715,-0.012777071656175622,-0.11463094502687454,-0.007367420941591263,-2.6831893920898438,0.0,0,,3.892401160148017,1.206116836714722,0.8517723310706632,0.05509421701791108,0.02933935854423034,0.4367764973160257
1986800,989,6314.552077071349,1200,2.8321196165967963,-0.0602000221331812,-0.2284267074941347,-0.049936696887016296,-0.2287883460521698,1.9609957933425903,0.0,0,,5.145674839020317,0.7196080869146213,0.853350346728184,0.023742964346989495,0.025843439245055267,0.3214128754215595
1988000,990,6250.264844822809,1200,1.043546440093827,0.0037211539560504173,-0.08725432195142972,0.012403411790728569,-0.09139901399612427,2.506638288497925,0.0,0,,1.5164452842159657,-0.8487710086693253,0.8170576599350683,0.09586617638818423,0.06671735353075962,0.38418420654067154
1989200,991,7090.967176914545,1200,1.983194020022108,-0.11077628282093052,0.12275617349993105,-0.1029781624674797,0.12166822701692581,0.6485775709152222,0.0,0,,0.6977592524958278,0.19845809614070564,0.9263411964096592,0.014858707766897353,0.027561417552202386,0.3531152883237885
1990400,992,6995.121879050147,1200,1.4618074803967007,-0.11219438509012693,-0.04753471903178987,-0.1024729385972023,-0.046191878616809845,-0.09946736693382263,0.0,0,,2.398149444869933,0.10379395428571588,0.920788565586719,0.006951493902271483,0.017232960357688766,0.36549014654055917
1991600,993,7037.5972199291655,1200,1.092659578364507,-0.08697629237251649,-0.02707028036341077,-0.07687335461378098,-0.026338573545217514,0.9639758467674255,0.0,0,,2.247878568436385,0.4270815476803406,0.9360546470176968,0.00745374531066289,0.01344774578688926,0.33103547638087844
1992800,994,7038.730641192278,1200,1.6227747968707573,0.04253020112074951,-0.12853778879765193,0.048354875296354294,-0.12535493075847626,-2.639953374862671,0.0,0,,-1.2188504594651508,0.9007830849616008,0.9303760279358567,0.02223139227121561,0.014214072684895045,0.24245898239366814
1994000,995,5379.968550451178,1200,0.0,-0.0005365153346892105,-0.00024763613106847744,0.0,0.0,-1.1040805578231812,0.0,0,,4.1614565956203275,1.715287522027222,0.737032283674608,0.0,0.031676565238916224,0.26376503238536025
1995200,996,7010.7289674681815,1200,1.825170729159229,0.10810420074321257,0.10711522988506662,0.11024297773838043,0.10207691788673401,2.58221435546875,0.0,0,,-0.09776639050747576,1.442375240282157,0.9234579668496057,0.01822555299851696,0.028445655723077213,0.30994766097163784
1996400,997,6383.295361026234,1200,2.5977651067006144,0.17918320551840888,0.1215101341377559,0.18558652698993683,0.1224408820271492,2.505253314971924,0.0,0,,-2.597807285369718,0.05302387591368499,0.8524312233708327,0.045164503702516456,0.09931769373332248,0.3850077223635696
1997600,998,7091.983037918189,1200,1.2234319370309723,-0.10178608100565337,-0.0058318229907963984,-0.09146954864263535,-0.005481083877384663,-0.8262543678283691,0.0,0,,2.5363154061357434,0.6454156792169716,0.9368699173501753,0.006994326053529391,0.016203551666622202,0.5020226503267244
1998800,999,5914.850989988878,1200,1.6148541603442053,0.1149978794778828,-0.06990480045430605,0.12836499512195587,-0.07978925853967667,3.0967319011688232,0.0,0,,-0.29915024186095973,-0.22080041033160488,0.7710784516410548,0.12758320040744656,0.02958917964786629,0.23436342939284116
2000000,1000,7066.819943531544,1200,1.8356037507893426,0.0020409963105001597,-0.15317118261064497,0.009817526675760746,-0.14706778526306152,-1.5148980617523193,0.0,0,,0.7905617807003705,-0.2545021397675168,0.9285452637329908,0.011770619860606674,0.0205938514457219,0.29778670723235184
