step,episode,reward,length,distance,mean_vx,command_vx,terminated,termination_reason,final_yaw_error_deg,mean_tracking_reward,mean_stall_penalty,mean_slip_penalty,mean_torque_sq
1200,1,2088.0365503984567,1200,-0.0023627136491668585,-0.0004443853380597183,0.034581203013658524,0,,-0.03697484226809578,0.1826166567263971,0.7806907145604188,0.006757859887033416,0.06387221360387998
2400,2,2093.218813634416,1200,-0.0011970030571245283,-0.0004114998464503095,0.03337777405977249,0,,-0.14369769797286894,0.1823495958479402,0.7828118065019056,0.007015537297616709,0.06379969403668415
3600,3,1677.4734066942551,1200,-0.0024644485562828385,-0.00047813349822620617,0.05646644905209541,0,,-0.021379218166325206,0.0950124565139235,0.8584268612552299,0.006897712143893143,0.06422665154306993
4800,4,1819.609617990241,1200,0.0019469805564510361,-8.917605121569896e-05,0.04496736079454422,0,,0.15130186217613245,0.12496719277397787,0.8360888261175916,0.006623983176265656,0.06529665298524324
6000,5,1843.3368426421732,1200,-0.0018271373671707811,-0.0004412201459429513,0.04667557403445244,0,,-0.2935155631350798,0.12859777363031183,0.8295304561172785,0.006179936793225238,0.06339499383916673
7200,6,1961.4370051501182,1200,5.4878787320357305e-05,-0.00020301179806252707,0.03630446642637253,0,,0.04512250959403954,0.15501784847359215,0.8101654230641032,0.006398463824078803,0.06402705944555014
8400,7,1711.670310407476,1200,-0.0023934754180103494,-0.0005629771175490353,0.05018123984336853,0,,-0.03124848399154161,0.10338389825150089,0.8533328301148809,0.007932651476756564,0.06430954040528797
9600,8,1648.9324674719544,1200,0.0014257767632564855,0.00026137101804964575,0.05946822836995125,0,,-0.44627760873504607,0.08563997006372429,0.8640706896637272,0.006255835716093703,0.06458470269835542
10800,9,1520.0565095255615,1200,0.0745255144722696,0.00704475802165472,0.05550354719161987,0,,-2.4988434240723905,0.09814257785294804,0.667583479083709,0.25073490985597907,0.31178643568960046
10991,10,286.07999387996796,191,0.06630032438894669,0.03884683993123408,0.06174728646874428,1,forbidden_ground_contact,1.4127855431024423,0.12246795441567238,0.500491720500827,0.3091998587287894,0.43267608212186065
10999,11,-1.9145250612472084,8,0.0013642597371930662,0.07278596457796088,0.05163426697254181,1,forbidden_ground_contact,-0.025485498835150708,0.08269807624483605,0.38380358351925664,0.7172574277253339,0.31411955414792603
11921,12,1205.4695661031926,922,0.09474442574209638,0.009112188967865986,0.039699312299489975,1,forbidden_ground_contact,-3.1150938206936742,0.11065871861321666,0.5360102836028175,0.3681548899927786,0.4053576330045471
12122,13,79.69764975489022,201,-0.00267046117321648,0.0054428149869523304,0.06589208543300629,1,forbidden_ground_contact,-13.428380269278001,0.03764651137931803,0.5354223662153338,0.6901306651660888,0.5294488506121556
12285,14,145.20061066802228,163,0.04632190505278002,0.0377440754419794,0.05434964597225189,1,forbidden_ground_contact,-8.09223401090874,0.07998023119942003,0.4274101933600669,0.5458282804400525,0.4739365814497101
12342,15,39.79767440915176,57,0.05610012400132733,0.08603072754527764,0.06385914236307144,1,forbidden_ground_contact,4.584568392395473,0.043624022706072754,0.39437069665759766,0.8006145043401451,0.5902527311378997
12365,16,11.791180485074731,23,0.05031302771929518,0.26303682652371085,0.0552913136780262,1,forbidden_ground_contact,-2.0137002327902436,0.026291941620206195,0.19051275902040535,0.8009310210660089,0.5489880777699272
12389,17,6.768376937481646,24,0.0023044163368485023,0.04334426307242545,0.05741710960865021,1,forbidden_ground_contact,-3.9831001526089023,0.048120424089287434,0.47427527033802314,1.0567885619119985,0.7342948801808915
12435,18,42.4038881942177,46,0.043708611621236466,0.1092311451921104,0.06997687369585037,1,forbidden_ground_contact,-0.18560154945621363,0.03518688921020951,0.34481644834233977,1.052500683257187,0.6286396817419082
12565,19,38.63536722605323,130,-0.03796204895016861,-0.035980919701146225,0.06902382522821426,1,forbidden_ground_contact,-1.327737341439519,0.03505529049156556,0.7603756260194074,0.6178137118120535,0.5272680073405439
12588,20,-20.083767623043375,23,-0.04646190507981282,-0.325337742754662,0.06017085909843445,1,forbidden_ground_contact,0.5795496360332416,0.0,1.0,0.6178455828266732,0.4326089475609665
12627,21,-6.262501616377261,39,0.006397253164111938,0.00811797175057973,0.06408581137657166,1,forbidden_ground_contact,-6.817330492673897,0.00027317868808056427,0.5288492189962689,0.7181132731240504,0.6052171407652371
12635,22,-18.00620113938751,8,-0.003923325451132296,-0.14055112381789164,0.051384031772613525,1,forbidden_ground_contact,0.30728247993770863,0.0,1.0,0.7506326656880314,0.34591140196355497
12721,23,55.02436120181454,86,-0.0229144085382023,-0.0351976153595902,0.052742790430784225,1,forbidden_ground_contact,2.6099322493978914,0.08459291228984549,0.6712073307052574,0.9533202373856021,0.6358481024011404
12894,24,148.5712588555794,173,0.16126457380090406,0.0954160243207455,0.03861980512738228,1,forbidden_ground_contact,5.080127356210059,0.012476964164064873,0.36662294207938056,0.7986134137279257,0.6560506624233178
12979,25,35.90671916449838,85,0.006331002478138118,-0.010523055081426933,0.05272669345140457,1,forbidden_ground_contact,4.06927826146243,0.03768396105054841,0.5392205678883998,0.744058921152662,0.7143497827413964
13047,26,60.597408317271444,68,-0.0005120968909702009,-0.02139106399142135,0.06931948661804199,1,forbidden_ground_contact,2.0829934710693334,0.05943231193777478,0.5597602315397159,0.527818370711878,0.4482648021248176
13110,27,-28.990342290788647,63,-0.03219809894193824,-0.07551628306408478,0.06180929020047188,1,forbidden_ground_contact,12.181420356249786,5.519288854733908e-09,0.6495004658773075,0.991932235100149,0.5965220989442351
13142,28,-22.33677534365031,32,-0.023885219398482427,-0.09032357919204635,0.0432865209877491,1,forbidden_ground_contact,5.538765588592547,5.998891345913564e-13,0.8226825242931639,0.7564707539512266,0.3911605891639812
13174,29,0.2255990158804888,32,-0.017869601400710054,-0.11337643776536405,0.05407987907528877,1,forbidden_ground_contact,3.7487854202405586,0.007971321768800235,0.6940533364326735,0.7214582207207167,0.5283130461305477
13214,30,-16.683437291101882,40,-0.04409161388493517,-0.17758083664871374,0.03508903831243515,1,forbidden_ground_contact,2.5392845633853915,0.04219794999335714,0.8663033858101084,0.7520496944071384,0.6060657399968061
13255,31,-14.59606090608335,41,-0.03346419884593186,-0.1110829025861773,0.06699849665164948,1,forbidden_ground_contact,-6.495523275361939,0.030072307674964098,0.7054895547485808,1.1007099279937345,0.641734990535769
13281,32,-22.753844211893306,26,-0.04810060081601768,-0.26887056977894863,0.03559150546789169,1,forbidden_ground_contact,0.9681339074319446,0.0,1.0,0.6834421602548925,0.3511519636399729
13328,33,15.36141304400616,47,-0.02103844829310645,-0.1017453693361105,0.05122893303632736,1,forbidden_ground_contact,4.5271873606390605,0.0318600868238365,0.5112912070543162,0.6540236159355556,0.4108194017561228
13369,34,7.151947830408943,41,-0.04427416576525473,-0.19043500585496517,0.060590267181396484,1,forbidden_ground_contact,5.864519589595728,0.05134897845188163,0.7494943284478146,0.5697690302519729,0.4874677295098169
13410,35,-8.22594352806524,41,-0.04307362358648068,-0.19653660147696175,0.06748205423355103,1,forbidden_ground_contact,6.889625560524695,0.02419840530963715,0.8031832610198486,0.7108666223289353,0.417015558503249
13434,36,-10.104373396465808,24,-0.0022389314799529545,0.009418522038318276,0.052480366080999374,1,forbidden_ground_contact,5.968170315986372,8.85829062529668e-06,0.590213986685309,1.1298653937958354,0.5756622898139492
13486,37,-2.194000765289724,52,-0.0449000510645341,-0.1199931986148993,0.03792471066117287,1,forbidden_ground_contact,7.518657311083552,0.019919537112966765,0.6346153846153846,0.9455533285846209,0.5364962000304505
13525,38,6.865301822914855,39,-0.03835153110236736,-0.17761888429946163,0.05368531122803688,1,forbidden_ground_contact,1.8473523665936837,0.10587926282557304,0.7206196246826435,0.6872708355916303,0.5038531787583148
13575,39,-0.05276794806563423,50,-0.035313286179097646,-0.114511457777105,0.06160972639918327,1,forbidden_ground_contact,6.402721561733785,0.007049983442078977,0.6115709206371684,1.0477168937489985,0.5538877565271704
13641,40,-22.291048598483094,66,-0.06197344748953361,-0.1288390370954911,0.035833291709423065,1,forbidden_ground_contact,-2.9627279391952674,0.017478443035707985,0.9718703140750576,0.5863887017238627,0.350263650986343
13667,41,-23.091995880663944,26,-0.029790488135818315,-0.18988990244788562,0.06704729050397873,1,forbidden_ground_contact,2.0544494055034033,0.0,1.0,0.3808456498862688,0.4207070127427244
13696,42,-35.99942607451833,29,-0.015598211809340741,-0.08514446871480416,0.05299476161599159,1,forbidden_ground_contact,-6.922833227660982,0.0,1.0,0.9747510110054001,1.0453528753948225
13850,43,66.9818211592253,154,0.02684961500212847,0.011944874666027413,0.04873621463775635,1,forbidden_ground_contact,2.7276014301159903,0.030083309599624936,0.524541794828282,1.1545044888667368,0.84960335033203
13882,44,-34.72140580041417,32,-0.07201058685663168,-0.28456618661872884,0.06364480406045914,1,forbidden_ground_contact,-0.42891764941679866,0.0009312790352854252,0.9962174074131905,0.9339905696896577,0.6823043274179198
14037,45,19.24624174025125,155,-0.09876020503306031,-0.06555536868881312,0.04804861173033714,1,forbidden_ground_contact,1.3483628200726965,0.046975010627792656,0.6800787331014342,1.1146604530607898,0.7200180219133847
14072,46,44.486887941623635,35,0.05298893055155052,0.09656938578332432,0.0694679245352745,1,forbidden_ground_contact,3.4299208821473792,0.1669630979985297,0.32305878760213785,1.2831173685511896,0.6291946485489303
14209,47,-24.08357118069812,137,-0.15833836816326588,-0.11964196574370899,0.030472364276647568,1,forbidden_ground_contact,-3.4328341389083086,0.04314521631210249,0.7188384624282416,1.3555537309737664,0.879783747088855
14255,48,18.622416836097383,46,-0.013193959798016113,-0.04135286531768313,0.04573000594973564,1,forbidden_ground_contact,-5.832038251442452,0.08606700607701194,0.48782483734854687,1.4644679465042112,0.9996193532966337
14300,49,14.822472544109361,45,0.02085222060817359,0.06847015065133093,0.06123675778508186,1,forbidden_ground_contact,-5.622494237237569,0.06091573079948461,0.47401131915350764,0.9760834010913785,0.6443196489807823
14372,50,28.064600530973944,72,-0.00751621352656329,-0.00820793831017613,0.05940321832895279,1,forbidden_ground_contact,-10.485124215573254,0.0618006238412776,0.7188597374249424,0.6740406739222458,0.6082266209794378
14532,51,47.01883787837098,160,-0.06572294968541993,-0.05412169409450503,0.033814139664173126,1,forbidden_ground_contact,-2.3544924700580645,0.01905907537498317,0.6167199321629135,1.0241433985391282,0.6733924350484175
14649,52,41.398458931997865,117,-0.06005979152247632,-0.06634535555996528,0.05566641688346863,1,forbidden_ground_contact,-0.1279230768600484,0.027296262615744124,0.7998909682894864,0.7564444572513364,0.5187430378501072
14668,53,-19.903413577631657,19,-0.03899247948691721,-0.30450486545661026,0.04405398666858673,1,forbidden_ground_contact,-0.21461224154297429,0.0,1.0,1.390806152429194,0.6863476427196743
14696,54,-20.5938732091235,28,-0.02289231025978329,-0.14725971125857626,0.057678282260894775,1,forbidden_ground_contact,-4.781584501777041,0.00017475612612330516,0.9991556345528588,1.0913340058319139,0.7776792959642588
14727,55,-16.981534906596774,31,-0.04681495131266435,-0.22532272340449683,0.061582326889038086,1,forbidden_ground_contact,-2.0794611346594616,0.010186546308277514,0.9746713603000344,0.9744801677878366,0.5641446551423471
14762,56,13.071361083985462,35,-0.01702787539463143,-0.08439120812106836,0.05023857578635216,1,forbidden_ground_contact,0.13229495970710026,0.09896613658310845,0.6404269680200172,1.4697180846585125,0.7020393275488606
14791,57,-15.763427864835432,29,-0.02107834035634263,-0.12711656623755638,0.049368541687726974,1,forbidden_ground_contact,-2.6436320229521026,0.013342460152878464,0.9389241135842151,0.9923919351403103,0.6459738859074464
14843,58,1.589442221407669,52,-0.03648119814974005,-0.09641559178383427,0.04189318045973778,1,forbidden_ground_contact,-0.2160216370502466,0.061161117683771166,0.7673306280351926,1.1650053286984894,0.6319464232510245
14940,59,21.594509650363236,97,-0.013707700792150224,-0.008145759943227703,0.06017444282770157,1,forbidden_ground_contact,16.476162941083164,0.027030688144663157,0.5025297719826872,1.1650273524162529,0.7694875247655879
15001,60,4.337577006049424,61,-0.003545796487773891,-0.026508529268331523,0.05817833170294762,1,forbidden_ground_contact,-0.8341590698784471,4.2467207158626684e-05,0.723253163259556,0.7525914153937314,0.5063799502609411
15031,61,5.6017516692291505,30,-0.02873206907247687,-0.139612071933053,0.04131918027997017,1,forbidden_ground_contact,-2.982227558368356,0.10769348751932331,0.7859844278313147,0.961195707341894,0.7785819356599418
15134,62,22.5177429026567,103,-0.03890583005454469,-0.046881287225654364,0.05819493904709816,1,forbidden_ground_contact,3.270737048314328,0.019027665313795752,0.5699809689983936,1.0133583461620688,0.6600150655257232
1200,1,2088.0365503984567,1200,-0.0023627136491668585,-0.0004443853380597183,0.034581203013658524,0,,-0.03697484226809578,0.1826166567263971,0.7806907145604188,0.006757859887033416,0.06387221360387998
2400,2,2093.218813634416,1200,-0.0011970030571245283,-0.0004114998464503095,0.03337777405977249,0,,-0.14369769797286894,0.1823495958479402,0.7828118065019056,0.007015537297616709,0.06379969403668415
3600,3,1677.4734066942551,1200,-0.0024644485562828385,-0.00047813349822620617,0.05646644905209541,0,,-0.021379218166325206,0.0950124565139235,0.8584268612552299,0.006897712143893143,0.06422665154306993
4800,4,1819.609617990241,1200,0.0019469805564510361,-8.917605121569896e-05,0.04496736079454422,0,,0.15130186217613245,0.12496719277397787,0.8360888261175916,0.006623983176265656,0.06529665298524324
6000,5,1843.3368426421732,1200,-0.0018271373671707811,-0.0004412201459429513,0.04667557403445244,0,,-0.2935155631350798,0.12859777363031183,0.8295304561172785,0.006179936793225238,0.06339499383916673
7200,6,1961.4370051501182,1200,5.4878787320357305e-05,-0.00020301179806252707,0.03630446642637253,0,,0.04512250959403954,0.15501784847359215,0.8101654230641032,0.006398463824078803,0.06402705944555014
8400,7,1711.670310407476,1200,-0.0023934754180103494,-0.0005629771175490353,0.05018123984336853,0,,-0.03124848399154161,0.10338389825150089,0.8533328301148809,0.007932651476756564,0.06430954040528797
9600,8,1648.9324674719544,1200,0.0014257767632564855,0.00026137101804964575,0.05946822836995125,0,,-0.44627760873504607,0.08563997006372429,0.8640706896637272,0.006255835716093703,0.06458470269835542
10,1,-12.503228930409268,10,-0.001380342724560281,-0.04423816441595167,0.034581203013658524,1,forbidden_ground_contact,0.011886956761560357,0.0,1.0,0.20602883596820837,0.04485230405178347
19,2,-6.218211045540481,9,0.0010964197940710487,-0.03506943052122522,0.03337777405977249,1,forbidden_ground_contact,0.007035740930434296,0.09837441478080516,0.841263598948668,0.1600879480429358,0.035323216929203656
29,3,-11.580680507362855,10,0.0005409120812504781,-0.03736717557551115,0.05646644905209541,1,forbidden_ground_contact,-0.0644711562944229,0.0,1.0,0.23588735901654717,0.045741416518869836
39,4,-8.844711760451904,10,0.0008021494092538389,-0.025906072492909778,0.04496736079454422,1,forbidden_ground_contact,0.13172907237861997,0.01624961028277861,0.9627701096906215,0.11603861196372008,0.052835531180318786
1239,5,1748.813374082993,1200,0.0013961361810979603,-0.00020658921399079524,0.04667557403445244,0,,0.04995106327247303,0.11243230730913957,0.8516656324102297,0.02176989149834463,0.06119790797872466
1248,6,-11.157489900444777,9,-0.001276187924813636,-0.03834308466821098,0.03630446642637253,1,forbidden_ground_contact,-0.11996724185530215,0.0,1.0,0.125333596148964,0.040051901064930395
1258,7,-11.57427765965017,10,-0.0016295809360460673,-0.055764319442432306,0.05018123984336853,1,forbidden_ground_contact,-0.2617718081749898,0.0,1.0,0.11710832011068037,0.036962040837648105
2458,8,1547.5711388616735,1200,0.001852332800208173,0.000333433067665026,0.05946822836995125,0,,-0.4523238357698974,0.06786588785952717,0.8869346670142757,0.021398390265189103,0.06087606596120671
3658,9,1596.2977838543975,1200,-0.0002194965693793629,0.00017503248475642916,0.05550354719161987,0,,0.21558752737817072,0.07876331173281179,0.8779135395536066,0.020957513703050584,0.06147284582056313
3668,10,12.513145843090454,10,0.0005552092723464212,0.06461916420001909,0.06174728646874428,1,forbidden_ground_contact,-0.23010200330408834,0.2617971478452178,0.2716740628122679,0.1351292135012807,0.041120378740505295
3678,11,9.500895150553452,10,0.00014427282490296777,0.06220335315453514,0.05163426697254181,1,forbidden_ground_contact,-0.06622760083478128,0.1778795454390636,0.2941761566956701,0.1208935350650292,0.04134809830625586
4878,12,1793.4809564859936,1200,0.0011815163446437305,9.71210249481848e-05,0.039699312299489975,0,,-0.11319558905483909,0.12274720032873505,0.8477657611494392,0.02215654622022575,0.061772802120231785
6078,13,1472.116465237278,1200,2.11666983783638e-05,-5.312526755790574e-05,0.06589208543300629,0,,-0.008587692628906964,0.05224030250796063,0.8997066248839184,0.020491622692437924,0.06072820716639665
6088,14,9.04628442650414,10,-0.0006885104049302117,0.05166483382497812,0.05434964597225189,1,forbidden_ground_contact,-0.13566960521274146,0.18869826394619976,0.37844837330566305,0.088566164000316,0.044110079439007716
6097,15,-11.382827852501798,9,-0.0015333791259361075,-0.05350077933359002,0.06385914236307144,1,forbidden_ground_contact,0.006184391411685355,0.0,1.0,0.08247904618632754,0.04094806348067729
6107,16,13.45809910699094,10,0.0022646877252419247,0.08304975077866776,0.0552913136780262,1,forbidden_ground_contact,-0.06087470750191274,0.24893784115127587,0.23583350511662643,0.07184965722852893,0.044953617108885666
6118,17,-9.712701073299703,11,-0.0008622127358631175,-0.06318171889806111,0.05741710960865021,1,forbidden_ground_contact,0.0431890433516337,0.009367350516038582,0.9722740828183599,0.16076866690109043,0.058648532451984425
6129,18,10.045115796798704,11,-0.00010703260470346836,0.03528968016390302,0.06997687369585037,1,forbidden_ground_contact,0.12170356119481164,0.19838233965376706,0.4942248095173502,0.19135468671681116,0.05672591558437631
6139,19,-3.1390602336151794,10,-7.47137891032347e-06,0.009336127433597486,0.06902382522821426,1,forbidden_ground_contact,0.09663084172626657,0.011864861791595443,0.8529183505417064,0.08401032293486302,0.05477536907274718
6149,20,-8.27205683218266,10,0.001417031388806981,-0.039429337820391396,0.06017085909843445,1,forbidden_ground_contact,-0.0639605438702127,0.03274240987328775,0.9154471822747714,0.2096338541013713,0.049405241355484124
6159,21,-7.660828032381936,10,-0.0008580741219198162,-0.017084926806017066,0.06408581137657166,1,forbidden_ground_contact,-0.037634638866485715,0.0,1.0,0.1019040614852222,0.04918513994967476
6169,22,10.769690599365955,10,0.0008850527086652569,0.05693157842221998,0.051384031772613525,1,forbidden_ground_contact,0.0066973753273269305,0.22005088433956646,0.2882759081424296,0.1652144473353828,0.04911257448351596
6180,23,-9.405537599717622,11,-0.0017258828286184815,-0.0649943502517178,0.052742790430784225,1,forbidden_ground_contact,-0.14207549448291282,0.003789510771676147,0.9887484280071571,0.11126386365340947,0.05554990840257341
6191,24,-10.12431022122676,11,-0.001191908771337395,-0.06711482140742736,0.03861980512738228,1,forbidden_ground_contact,-0.13004813063777582,0.006992984042828569,0.9864228663895299,0.14185085693783056,0.05071830031843804
6201,25,-11.145961788453858,10,-0.0008480775869707563,-0.036785025663156265,0.05272669345140457,1,forbidden_ground_contact,0.10332462035521385,0.0,1.0,0.16348522086902312,0.04641933424303714
7401,26,1422.0720817706563,1200,0.0006787517818186077,0.0003312634728228828,0.06931948661804199,0,,0.1447043076377304,0.04200113713249281,0.9110836702851828,0.020332596914812595,0.06118614394506462
7411,27,-7.65377860234525,10,-3.110401848283116e-05,-0.035726858289365664,0.06180929020047188,1,forbidden_ground_contact,-0.11080354640494398,0.017065435120068896,0.9465124848540902,0.08632396448480881,0.053694968910287466
7420,28,-11.04826252564779,9,0.0004970100477869309,-0.03330456431010346,0.0432865209877491,1,forbidden_ground_contact,0.1685098216210217,0.004221471535150347,0.9888216875356157,0.09886425499599832,0.03963676982779802
7430,29,-8.365879661246286,10,-0.0006649257466878853,-0.03793018339310515,0.05407987907528877,1,forbidden_ground_contact,-0.032680101912411746,0.00866727500683156,0.9756867188409043,0.12666023543635727,0.0527419403714691
8630,30,1899.4928570847544,1200,0.0006776114185864459,2.4320574566733832e-05,0.03508903831243515,0,,0.03015116863251029,0.14466602186097838,0.8255363264940854,0.021824327730814497,0.062133680328676576
9830,31,1443.5952788803659,1200,-0.0006877222766634341,-3.175964644916365e-05,0.06699849665164948,0,,-0.08627057554805184,0.04687154689850205,0.9058992902374945,0.02116547872019543,0.06147517230324733
9840,32,-12.316620869115827,10,-0.001148156186180276,-0.05421083674720378,0.03559150546789169,1,forbidden_ground_contact,-0.08941144622313256,0.0,1.0,0.09153146902842954,0.04265445178630092
9852,33,12.964255812278399,12,0.0008793816877317324,0.03419812293547123,0.05122893303632736,1,forbidden_ground_contact,0.0858480147273823,0.1443286061777452,0.3600352525742201,0.10416731167912972,0.05054775819401344
9862,34,-10.86601106241751,10,-0.0018857063370898283,-0.05156003174187866,0.060590267181396484,1,forbidden_ground_contact,-0.05076607797190645,0.0,1.0,0.13030621631159392,0.05058090344080265
9872,35,-8.523791626005151,10,-0.0009756808627677827,-0.023629866701273452,0.06748205423355103,1,forbidden_ground_contact,-0.06557171991403762,0.0,1.0,0.0982533749931824,0.04338293512293769
9882,36,-12.656702964013926,10,-0.0017667070923563064,-0.05784995078155082,0.052480366080999374,1,forbidden_ground_contact,-0.23165697778314795,0.0,1.0,0.21455950660846934,0.051256966427947234
9892,37,6.460787515014175,10,-0.0011033751684189873,0.04793476694125883,0.03792471066117287,1,forbidden_ground_contact,-0.013652151006188388,0.14522405440294245,0.3631378399131611,0.23044995826915304,0.05617270312668308
9903,38,7.261894707022325,11,0.0005347512794638199,0.05516299468633176,0.05368531122803688,1,forbidden_ground_contact,-0.16344532348681112,0.09207540952002918,0.3703517862051724,0.15191907040795394,0.05338590819417055
9913,39,15.48806098212729,10,0.000868704587453236,0.06852884027095121,0.06160972639918327,1,forbidden_ground_contact,-0.11002786773843347,0.35723479486429405,0.32276834365893026,0.09088160927270879,0.04630246372536283
10026,40,207.66328326881782,113,0.0028419281799463895,0.002818448183463399,0.035833291709423065,1,forbidden_ground_contact,-1.1308986399777474,0.231383086852071,0.7032254386361219,0.08353163712917211,0.10329218930895863
10035,41,-7.893120868192892,9,0.002675851136542047,0.001729661782575302,0.06704729050397873,1,forbidden_ground_contact,0.29487128156990644,0.022169958878350028,0.7744058899745416,0.8289911121224413,0.25418869363804714
10045,42,4.564260552955766,10,0.0012751827711471586,0.04592781490592257,0.05299476161599159,1,forbidden_ground_contact,-0.0498665779606338,0.1259502941686145,0.48595499096468175,0.25938106482053025,0.2359185166662253
10053,43,0.4848205292183394,8,0.0016943633854668893,0.0242923521486596,0.04873621463775635,1,forbidden_ground_contact,-0.04750379732892373,0.26751786046664416,0.577455880308861,0.691830622937583,0.3344896356398291
10061,44,-14.309727463276548,8,-0.001168096715713826,-0.04433196261721672,0.06364480406045914,1,forbidden_ground_contact,0.15250980453929813,0.0,1.0,0.450729533321413,0.2584172768433667
10070,45,-5.559698316455992,9,-0.0006804367619403731,-0.02548420308227555,0.04804861173033714,1,forbidden_ground_contact,0.11216465827492449,0.17362293220611155,0.7275457507186912,0.5572895819732807,0.32329439240653524
10079,46,-6.121333745767814,9,0.005789010951255471,0.021696322175652254,0.0694679245352745,1,forbidden_ground_contact,-0.19160096571004118,0.07725355267937144,0.6748315660337642,0.37547575672367434,0.3606795632202402
10088,47,-3.5448575211972875,9,0.0008542456547412935,0.053521041889403195,0.030472364276647568,1,forbidden_ground_contact,0.07208930515967903,0.05479630416381699,0.46289030407866183,0.6224951772356384,0.27854773987293857
10096,48,-0.6758516294466617,8,0.0022555254643680796,0.02384185276849299,0.04573000594973564,1,forbidden_ground_contact,0.5098261713120213,0.2214049909829718,0.5233189084277351,0.9400337050230878,0.30674587845042356
10104,49,6.465683814794949,8,0.0020843637917053017,0.0669416835695757,0.06123675778508186,1,forbidden_ground_contact,0.12029564738733972,0.3071169815182916,0.23070725630295974,0.8867837059693828,0.4455054169710155
10113,50,2.8286753321520504,9,0.004354285237507103,0.06429328668108814,0.05940321832895279,1,forbidden_ground_contact,-0.4927983360561508,0.11107755734226354,0.3435483351238684,0.4523176654556178,0.30408957414490384
10121,51,-8.116720469179564,8,0.004779006896126375,-0.007306162526337366,0.033814139664173126,1,forbidden_ground_contact,-0.13016940651273548,0.13270742327954366,0.7685285040526957,0.7176020648001552,0.38907488246107413
10128,52,-6.0300903200530165,7,-0.0013917971327250486,0.014995177738209986,0.05566641688346863,1,forbidden_ground_contact,0.42339983721922125,0.07658578409594567,0.7125001854794196,0.6919172585234538,0.2892292657310274
10134,53,-13.786794371292402,6,-0.0021803814067421876,-0.0639721161586422,0.04405398666858673,1,forbidden_ground_contact,0.21033599865879063,0.0,1.0,0.645567983793593,0.30265399019580874
10142,54,-11.13416778097769,8,0.0013449982402782366,-0.008022078683467408,0.057678282260894775,1,forbidden_ground_contact,0.5446812055981306,0.014031622179466224,0.9579856937051437,0.7336913753686742,0.22870742541875894
10152,55,-14.502070034116057,10,0.0026086742831171895,-0.030301859999950657,0.061582326889038086,1,forbidden_ground_contact,0.5188577668327033,0.011594125028282855,0.9644857423759635,0.6861857476971719,0.30413181285148366
10160,56,-13.236605857847788,8,-0.0018346008100980033,-0.018033812544072495,0.05023857578635216,1,forbidden_ground_contact,-0.36906905311723315,0.024072099931977287,0.9581687913478207,1.2283926077045997,0.2557330273706318
10168,57,-16.060674956636557,8,-0.005421146376585987,-0.049598472979682555,0.049368541687726974,1,forbidden_ground_contact,0.6558379117142553,0.000696376117766761,0.9977282075829623,1.4806698923459851,0.3007409817981962
10176,58,6.411517121042708,8,-0.00031097236350095077,0.03252400534222221,0.04189318045973778,1,forbidden_ground_contact,0.6401545707403182,0.36924783974446573,0.3315770680939145,0.3686286421452682,0.2869994357773885
10185,59,4.528756970443064,9,-0.000452294997363427,0.0268530067484315,0.06017444282770157,1,forbidden_ground_contact,0.4628835572689267,0.3157249136914604,0.516043387625357,0.538181737317829,0.2953093184039395
10201,60,-14.015479699206256,16,-0.01130752738748177,-0.086924907520372,0.05817833170294762,1,forbidden_ground_contact,-1.0208133779209967,0.00016321149371518952,0.9991993295552961,0.8024931964583936,0.419477559745034
10209,61,-16.307589314607014,8,-0.001507818004321382,-0.03395566407695838,0.04131918027997017,1,forbidden_ground_contact,-0.8940075915670677,0.0,1.0,1.3335424036615027,0.32837748170273184
10219,62,-13.507661107912707,10,-0.000922571834220347,-0.03651950816305425,0.05819493904709816,1,forbidden_ground_contact,0.36586114521685836,0.014739021491202379,0.9672793635236709,0.5186450416240207,0.3259532916673384
10228,63,-0.3194374643619913,9,0.0004420325971854691,0.08188859578501687,0.03361435607075691,1,forbidden_ground_contact,-0.4790909194991577,0.08221222736600203,0.2708516895654987,1.0054440136152865,0.35239107555415256
10235,64,0.1271601330474894,7,0.0003390435576823158,0.03460211009564248,0.04920123890042305,1,forbidden_ground_contact,-0.6324064039568902,0.3304458667782783,0.4747759969854243,1.3506516106923931,0.23258955633394246
10244,65,9.660107862590802,9,0.004115471197642207,0.06630614693136845,0.060592517256736755,1,forbidden_ground_contact,-0.6444419795033407,0.2900223091087822,0.2397896083745042,0.8174263697099522,0.43974696728285073
10251,66,-8.958880438190894,7,0.0003203636708053077,-0.0022833732453293445,0.053234852850437164,1,forbidden_ground_contact,0.6609455574188798,0.05754521552620732,0.8549563347071926,0.51368218915788,0.22852363934968228
10259,67,-14.239383385071903,8,-0.0008317573311901595,-0.02797230769436751,0.03284675255417824,1,forbidden_ground_contact,-0.17212498007020047,0.0020691620952894307,0.9954246167857825,0.9141735132279252,0.2353535048423949
10267,68,-15.814391286452334,8,-0.0011415765930633572,-0.0658233235884051,0.03029392473399639,1,forbidden_ground_contact,-0.3279208501989611,0.0,1.0,0.6457237556824373,0.2334547819270406
10276,69,-2.9975409663281347,9,0.0021025198376889397,0.05801091852680043,0.03937182575464249,1,forbidden_ground_contact,-0.17811188490924137,0.09706705825258441,0.3909471900554132,0.8178928416474545,0.322488764292646
10284,70,-6.632539324149052,8,0.002290469922710289,0.016640962874798736,0.06676888465881348,1,forbidden_ground_contact,-1.0233093908552024,0.1190058177394833,0.7314476549884485,0.9320305306553621,0.3566920535131663
10292,71,12.825854787842141,8,0.0011659851069536283,0.04188523519340567,0.03941900655627251,1,forbidden_ground_contact,-0.7049176826115046,0.5432762505933444,0.1722993873762571,1.1319120152903122,0.2910353845811475
10300,72,-10.89565935783985,8,-0.0005061638678880449,0.0027411437910132026,0.05615892633795738,1,forbidden_ground_contact,-0.8416912247171732,0.006483841452759397,0.9403952495853052,0.6249214612823487,0.32109998236494647
10307,73,-8.581670715707762,7,0.0021042846725706794,-0.0008727184735657442,0.06912171095609665,1,forbidden_ground_contact,0.4143072435200712,0.04781269158899702,0.8743126325882435,0.558150255544622,0.2511275863908979
10315,74,-15.420493806773125,8,-0.0012241022939980116,-0.0617565340384702,0.052971892058849335,1,forbidden_ground_contact,-0.6478405414383914,0.0,1.0,1.2849448016160416,0.2751580593946948
10324,75,-13.823976374846065,9,-0.0010936166049049848,-0.022435540308215676,0.05172266811132431,1,forbidden_ground_contact,-0.07029449425626412,0.01416119114660169,0.9173770982153836,1.2202754451790083,0.24701608617606968
10333,76,2.0580995340458674,9,-0.000171304003073184,0.01959307392354004,0.0686778873205185,1,forbidden_ground_contact,-0.6805425281070742,0.3111436725388868,0.6247069965450925,0.7989088508747592,0.2598760757243569
10341,77,-14.046004479255418,8,-0.0003540027453522958,-0.04774814967431598,0.056236617267131805,1,forbidden_ground_contact,-0.4975623534718839,0.01732823642674891,0.9516766601181874,0.9629355810792829,0.2447233303791958
10350,78,-12.746606867396501,9,0.0006694052534245367,-0.014204780534058319,0.03482309728860855,1,forbidden_ground_contact,0.21311994842620732,0.01491457910346493,0.9674620134124385,1.1027870072177177,0.2921609787916861
10358,79,0.6044494972487726,8,-0.00043459784432972295,0.05346910737236138,0.06491222232580185,1,forbidden_ground_contact,0.19922599561255797,0.0893677722453164,0.22607759332757882,0.9736713920272262,0.28843985249478366
10365,80,-2.2960978134225307,7,-0.003022936002935208,0.03858722688334064,0.06582923233509064,1,forbidden_ground_contact,-0.6516462140813213,0.18139879246654234,0.49741456563518754,0.7171501905103266,0.26250724595224684
10372,81,-3.132974126388298,7,-0.0016294158988402387,0.022276700083018453,0.06447300314903259,1,forbidden_ground_contact,-0.35194191645843564,0.1441696832808051,0.6295310775760002,0.6456069894698325,0.24085069032836273
10379,82,-9.441042643966675,7,-0.0033184521380439447,0.020866693454403153,0.03502613306045532,1,forbidden_ground_contact,0.20013214370281715,0.007770311312496532,0.6207084458240651,1.1642559609810514,0.2288503238452297
10386,83,-9.426483042798024,7,-0.0030834079450667365,0.012726082576101286,0.04769129306077957,1,forbidden_ground_contact,0.5319828135962613,0.024507815592219675,0.7424015588564309,1.0106102457580461,0.22351177264936428
10393,84,3.138458860373559,7,-0.0001291741796521417,0.05043271897912628,0.0422852523624897,1,forbidden_ground_contact,-0.0835848014159085,0.253472071623494,0.24313660835695175,0.7078298629008414,0.2524224090829371
10400,85,6.2193859763163335,7,0.0009496060674252537,0.04943730811476997,0.06012631952762604,1,forbidden_ground_contact,0.14051666137234792,0.41420022795365846,0.29209030598651,0.934261390234284,0.24435030703588637
10407,86,5.087567231985155,7,0.0002677135198731022,0.07176508780331316,0.05909234285354614,1,forbidden_ground_contact,-0.07738404153633388,0.30120887100382693,0.18724144464327055,1.3237253708444945,0.2962747733853169
10414,87,-12.554265306464186,7,0.0016403914855522284,-0.006350902571503879,0.04803798720240593,1,forbidden_ground_contact,-1.0384960765019118,0.0,1.0,0.4927287210826998,0.2488231118604117
10420,88,1.2580457265064204,6,0.0014375363111645023,0.0569003688732298,0.06847263127565384,1,forbidden_ground_contact,-0.5140395322328603,0.23836917342311334,0.31215986749252816,0.6449576571151686,0.2461675932913221
10427,89,-11.80977961951274,7,0.0031332273044932615,-0.004211798931265476,0.06641649454832077,1,forbidden_ground_contact,-0.9996170088976408,0.008253273781510693,0.9700687314039758,1.2537572775282406,0.27542873537774526
10434,90,-17.208980314429127,7,0.0009642386600581406,-0.03513649219355417,0.04028568044304848,1,forbidden_ground_contact,-0.9011123903426087,0.0,1.0,1.4633829801645277,0.2648792222045203
10442,91,-1.4348650761649289,8,0.0020851259596452957,0.05931769860102695,0.041948940604925156,1,forbidden_ground_contact,-0.18417701016741034,0.09632754210189184,0.3898531643337093,0.9258509695480902,0.2263114141549129
10450,92,-3.805219206781546,8,0.004548298254355669,0.01144107785572926,0.03529805690050125,1,forbidden_ground_contact,-0.2651375384524282,0.15032844063312542,0.675872295069455,1.5225797013107787,0.3252603869711129
10457,93,-3.0664968030599864,7,0.003092293760902304,0.02277998017585531,0.06283117830753326,1,forbidden_ground_contact,-0.35518804433340434,0.19930873063712393,0.6632584935801689,0.6865440928955747,0.29525131040121705
10466,94,2.2830214470430814,9,0.0030863893557384406,0.08669589740829042,0.06475206464529037,1,forbidden_ground_contact,0.8838099506124465,0.10053559585367745,0.21081209149684232,0.8840348936100431,0.19689778894953125
10475,95,-12.331902307903457,9,0.00586763769595935,-0.0100051571066637,0.051569223403930664,1,forbidden_ground_contact,0.1648526986627805,0.021023628241627682,0.9579661496435479,0.9400946080097992,0.20973865041845519
10482,96,1.4466538285486656,7,0.003292903679597658,0.07912820214138197,0.05114763602614403,1,forbidden_ground_contact,0.2297787799601459,0.14193733201396544,0.10613602692389608,1.2330503084054623,0.2489785621787961
10490,97,7.779345089440341,8,0.006796756866281858,0.03958415333644686,0.035170044749975204,1,forbidden_ground_contact,-0.26093172743422294,0.4036771419901231,0.25915575702133126,1.2399535290309904,0.22635951369700938
10496,98,-0.89655900073857,6,0.004192307553606485,0.056643287068118296,0.06923923641443253,1,forbidden_ground_contact,0.5501224700282767,0.23495023580874574,0.42740566738581404,1.4679136699527622,0.3293700761154506
10503,99,2.230469916387092,7,0.0058603279783664575,0.09298126465584211,0.03902609646320343,1,forbidden_ground_contact,0.07264640085457968,0.1679180215995721,0.17173527986901377,1.2105343213857787,0.28333735286095013
10510,100,-10.650712428720187,7,0.0037808662366025383,-0.0012734535944501967,0.062179774045944214,1,forbidden_ground_contact,0.013451374566374264,0.02804780358320849,0.906959235043382,0.9799508895167177,0.27671169813728314
10517,101,-3.3247566932532706,7,0.005906878557301093,0.016185700965866887,0.04888225346803665,1,forbidden_ground_contact,0.501617780727006,0.16701155062107523,0.6203740632774267,0.6648667635513633,0.30827779824063084
10525,102,5.333549761605156,8,0.0010774134355798996,0.04543093938434579,0.05677920579910278,1,forbidden_ground_contact,-0.23229577867133763,0.3762998325398055,0.43263465626588754,0.8250146179717365,0.23055258905907938
10532,103,4.94513232332849,7,0.0010249710519100478,0.08525801538862007,0.06554014980792999,1,forbidden_ground_contact,0.07348662417249643,0.3057893056771336,0.21442299119140878,0.6460582351330331,0.2416401208958058
10540,104,2.6671183154545766,8,0.0024293614183353786,0.09778311824319116,0.058864861726760864,1,forbidden_ground_contact,-0.22711995042385183,0.09788526543829247,0.2070641123321149,0.6482043604267366,0.20913386356054278
10547,105,-10.122674297516877,7,0.0005379103667305973,-0.004506501533106695,0.04026466980576515,1,forbidden_ground_contact,-0.5162223843615256,0.006052863383686237,0.9433823876221703,0.5215207928361797,0.2202936399209816
10553,106,-2.631662454308257,6,0.001544210621852486,0.038466338420982966,0.05732208862900734,1,forbidden_ground_contact,0.09007355701096435,0.07635599713533991,0.3289438799991838,0.767001472918123,0.2741760450422998
10560,107,6.297592824172892,7,0.004238446447392193,0.03546253107611873,0.05387352034449577,1,forbidden_ground_contact,-0.44971172984351093,0.463496567239987,0.3551724726666951,1.1389450221140713,0.2669714650162071
10572,108,7.689360820687032,12,0.004514966736955326,0.06725395252462,0.0462900772690773,1,forbidden_ground_contact,0.7648257041933156,0.05754025187138436,0.17542074867210056,0.7924472803236767,0.3888623499158288
10579,109,10.394942751550413,7,-0.000504386303649683,0.05967732740823295,0.042990267276763916,1,forbidden_ground_contact,-0.2746385745302598,0.47122752081659297,0.0897952815462447,0.2763589345807399,0.22556713783513432
10586,110,-0.4208130447604681,7,-0.0016470354760396559,0.019918400102288004,0.04042069613933563,1,forbidden_ground_contact,-0.5731154811698312,0.26056151898363483,0.5014749921170842,1.639891475562532,0.3233122928883098
10594,111,-2.982027464860244,8,-0.002875640105713431,0.05155281716503125,0.03231056034564972,1,forbidden_ground_contact,-0.22433549274479062,0.06413993483071367,0.45260797004720005,0.3984336872039692,0.2834685726592891
10,1,-13.267442891004018,10,-0.0013803427245602786,-0.05470568778412623,0.034581203013658524,1,forbidden_ground_contact,0.011886956761560357,0.0,1.0,0.2060288359682086,0.04485230405178341
19,2,-7.2395207691446135,9,0.0010964197940710463,-0.051217850142710644,0.03337777405977249,1,forbidden_ground_contact,0.007035740930434296,0.09047566006187993,0.8528456797203466,0.1600879480429357,0.03532321692920375
29,3,-12.86014927279488,10,0.0005409120812504798,-0.05241529465538493,0.05646644905209541,1,forbidden_ground_contact,-0.0644711562944229,0.0,1.0,0.23588735901654734,0.04574141651886983
39,4,-10.081787115487321,10,0.0008021494092538409,-0.037729395628550585,0.04496736079454422,1,forbidden_ground_contact,0.13172907237861997,0.01086214738161511,0.9736148571451497,0.11603861196372041,0.05283553118031873
1239,5,1776.692024231326,1200,0.0013961361810979913,-0.00032260085730418037,0.04667557403445244,0,,0.04995106327246985,0.11784288863358111,0.8444328475344036,0.02176989149834462,0.06119790797872465
1248,6,-11.512554550274448,9,-0.0012761879248136354,-0.04639691134739254,0.03630446642637253,1,forbidden_ground_contact,-0.11996724185530215,0.0,1.0,0.12533359614896375,0.04005190106493044
1258,7,-11.937428963013161,10,-0.0016295809360460677,-0.0699028118270023,0.05018123984336853,1,forbidden_ground_contact,-0.2617718081749898,0.0,1.0,0.11710832011068033,0.03696204083764806
2458,8,1576.508132230442,1200,0.0018523328002081753,0.00039733730947616555,0.05946822836995125,0,,-0.452323835769891,0.07316707950824074,0.8791069702474952,0.021398390265189082,0.06087606596120671
3658,9,1642.6775877832447,1200,-0.0002194965693793332,0.00024565515578641795,0.05550354719161987,0,,0.21558752737817072,0.0875774442968566,0.8663995465601668,0.02095751370305057,0.06147284582056313
3668,10,10.70286878737763,10,0.0005552092723464246,0.08490652795919484,0.06174728646874428,1,forbidden_ground_contact,-0.23010200330408834,0.1750298136903503,0.2063353047769378,0.13512921350128096,0.041120378740505364
3678,11,8.672253916234089,10,0.00014427282490297002,0.08321253830713435,0.05163426697254181,1,forbidden_ground_contact,-0.06622760083478128,0.12368532099509014,0.22579460960975947,0.12089353506502924,0.04134809830625587
4878,12,1822.5013495804449,1200,0.0011815163446437286,9.8151686473753e-05,0.039699312299489975,0,,-0.11319558905483909,0.12875344168521527,0.8414397441335447,0.022156546220225743,0.061772802120231785
6078,13,1494.5490053633644,1200,2.1166698378411776e-05,-6.98086110495455e-05,0.06589208543300629,0,,-0.008587692628906964,0.05679527789913059,0.8940812249439656,0.020491622692437907,0.0607282071663967
6088,14,8.740976625446507,10,-0.0006885104049302114,0.07203971570126792,0.05434964597225189,1,forbidden_ground_contact,-0.13566960521274146,0.14628492503054416,0.3063579941606342,0.08856616400031596,0.044110079439007674
6097,15,-12.02122210918621,9,-0.0015333791259361073,-0.0655324498932553,0.06385914236307144,1,forbidden_ground_contact,0.006184391411685355,0.0,1.0,0.08247904618632758,0.04094806348067733
6107,16,11.48156584295431,10,0.002264687725241924,0.10407333970190472,0.0552913136780262,1,forbidden_ground_contact,-0.06087470750191274,0.17545678124471364,0.21709108960311063,0.07184965722852882,0.04495361710888566
6118,17,-9.699217272748042,11,-0.0008622127358631113,-0.08229797354411658,0.05741710960865021,1,forbidden_ground_contact,0.043189043351636876,0.012856166663191136,0.9646326423523912,0.16076866690109004,0.05864853245198431
6129,18,10.747836105328256,11,-0.00010703260470346554,0.04771085684999665,0.06997687369585037,1,forbidden_ground_contact,0.12170356119481164,0.1697283318400579,0.3889186693845121,0.19135468671681116,0.05672591558437635
6139,19,-2.791318627508856,10,-7.4713789103250964e-06,0.012689227414072562,0.06902382522821426,1,forbidden_ground_contact,0.09663084172626657,0.010538013838437598,0.7995374634704584,0.08401032293486302,0.0547753690727472
6149,20,-9.530063839485447,10,0.001417031388806981,-0.0578168617724817,0.06017085909843445,1,forbidden_ground_contact,-0.0639605438702127,0.02537131254280911,0.9317551027815971,0.2096338541013702,0.049405241355484145
6159,21,-8.402456526819886,10,-0.0008580741219198159,-0.01997252274689846,0.06408581137657166,1,forbidden_ground_contact,-0.037634638866485715,0.0,1.0,0.10190406148522217,0.04918513994967475
6169,22,9.43525974645646,10,0.0008850527086652573,0.07371788497693155,0.051384031772613525,1,forbidden_ground_contact,0.0066973753273269305,0.16794721221913864,0.24715151975438293,0.16521444733538285,0.04911257448351597
6180,23,-9.874622983368063,11,-0.0017258828286184818,-0.08156440061089205,0.052742790430784225,1,forbidden_ground_contact,-0.14207549448291282,0.00046489438405174276,0.998142776499926,0.11126386365340939,0.05554990840257341
6191,24,-10.342249839394608,11,-0.0011919087713373932,-0.08629718222128144,0.03861980512738228,1,forbidden_ground_contact,-0.13004813063777582,0.009431078516054885,0.9814132886774474,0.14185085693783048,0.05071830031843803
6201,25,-12.200601796062355,10,-0.0008480775869707559,-0.047059056259014555,0.05272669345140457,1,forbidden_ground_contact,0.10332462035521385,0.0,1.0,0.163485220869023,0.046419334243037146
10,1,-12.503228930409268,10,-0.001380342724560281,-0.04423816441595167,0.034581203013658524,1,forbidden_ground_contact,0.011886956761560357,0.0,1.0,0.20602883596820837,0.04485230405178347
19,2,-6.218211045540481,9,0.0010964197940710487,-0.03506943052122522,0.03337777405977249,1,forbidden_ground_contact,0.007035740930434296,0.09837441478080516,0.841263598948668,0.1600879480429358,0.035323216929203656
29,3,-11.580680507362855,10,0.0005409120812504781,-0.03736717557551115,0.05646644905209541,1,forbidden_ground_contact,-0.0644711562944229,0.0,1.0,0.23588735901654717,0.045741416518869836
39,4,-8.844711760451904,10,0.0008021494092538389,-0.025906072492909778,0.04496736079454422,1,forbidden_ground_contact,0.13172907237861997,0.01624961028277861,0.9627701096906215,0.11603861196372008,0.052835531180318786
1239,5,1748.813374082993,1200,0.0013961361810979603,-0.00020658921399079524,0.04667557403445244,0,,0.04995106327247303,0.11243230730913957,0.8516656324102297,0.02176989149834463,0.06119790797872466
1248,6,-11.157489900444777,9,-0.001276187924813636,-0.03834308466821098,0.03630446642637253,1,forbidden_ground_contact,-0.11996724185530215,0.0,1.0,0.125333596148964,0.040051901064930395
1258,7,-11.57427765965017,10,-0.0016295809360460673,-0.055764319442432306,0.05018123984336853,1,forbidden_ground_contact,-0.2617718081749898,0.0,1.0,0.11710832011068037,0.036962040837648105
10,1,-12.503228930409268,10,-0.001380342724560281,-0.04423816441595167,0.034581203013658524,1,forbidden_ground_contact,0.011886956761560357,0.0,1.0,0.20602883596820837,0.04485230405178347
19,2,-6.218211045540481,9,0.0010964197940710487,-0.03506943052122522,0.03337777405977249,1,forbidden_ground_contact,0.007035740930434296,0.09837441478080516,0.841263598948668,0.1600879480429358,0.035323216929203656
29,3,-11.580680507362855,10,0.0005409120812504781,-0.03736717557551115,0.05646644905209541,1,forbidden_ground_contact,-0.0644711562944229,0.0,1.0,0.23588735901654717,0.045741416518869836
39,4,-8.844711760451904,10,0.0008021494092538389,-0.025906072492909778,0.04496736079454422,1,forbidden_ground_contact,0.13172907237861997,0.01624961028277861,0.9627701096906215,0.11603861196372008,0.052835531180318786
1239,5,1748.813374082993,1200,0.0013961361810979603,-0.00020658921399079524,0.04667557403445244,0,,0.04995106327247303,0.11243230730913957,0.8516656324102297,0.02176989149834463,0.06119790797872466
1248,6,-11.157489900444777,9,-0.001276187924813636,-0.03834308466821098,0.03630446642637253,1,forbidden_ground_contact,-0.11996724185530215,0.0,1.0,0.125333596148964,0.040051901064930395
1258,7,-11.57427765965017,10,-0.0016295809360460673,-0.055764319442432306,0.05018123984336853,1,forbidden_ground_contact,-0.2617718081749898,0.0,1.0,0.11710832011068037,0.036962040837648105
10,1,-12.503228930409268,10,-0.001380342724560281,-0.04423816441595167,0.034581203013658524,1,forbidden_ground_contact,0.011886956761560357,0.0,1.0,0.20602883596820837,0.04485230405178347
19,2,-6.218211045540481,9,0.0010964197940710487,-0.03506943052122522,0.03337777405977249,1,forbidden_ground_contact,0.007035740930434296,0.09837441478080516,0.841263598948668,0.1600879480429358,0.035323216929203656
29,3,-11.580680507362855,10,0.0005409120812504781,-0.03736717557551115,0.05646644905209541,1,forbidden_ground_contact,-0.0644711562944229,0.0,1.0,0.23588735901654717,0.045741416518869836
39,4,-8.844711760451904,10,0.0008021494092538389,-0.025906072492909778,0.04496736079454422,1,forbidden_ground_contact,0.13172907237861997,0.01624961028277861,0.9627701096906215,0.11603861196372008,0.052835531180318786
1200,1,1964.7549342532404,1200,-0.0023469643568507807,-0.0003462823911988432,0.034581203013658524,0,,0.010213821156232964,0.16056094549719038,0.812731440677279,0.021215012575885386,0.06110647825686942
2400,2,1950.5939892448343,1200,-0.002131413254613468,-0.00033933646428919377,0.03337777405977249,0,,-0.11423833104215142,0.15636714066069454,0.81599752027152,0.020814151004758693,0.06112755695724812
2411,3,-7.099452952207341,11,-0.0002960672333842664,-0.01978535412940086,0.05646644905209541,1,forbidden_ground_contact,0.1658143215774354,0.004190328158712385,0.9878515838544211,0.0611077993571666,0.05548014562417591
3611,4,1752.3317287760037,1200,0.0022387440873340267,6.592838886219872e-05,0.04496736079454422,0,,0.01478938927511457,0.11316926973879217,0.8522870896529806,0.021152400032800903,0.06165883663718827
4811,5,1668.487096700117,1200,0.0016859241674101958,-3.193658599305388e-05,0.04667557403445244,0,,-0.0225933902446503,0.09642925850533664,0.8690212549231664,0.022106044448474155,0.06182590466401193
6011,6,1897.6451343504498,1200,-0.0032739688686161637,-0.0003529946633567711,0.03630446642637253,0,,-0.07985457520856502,0.14560916615944627,0.8265467453821931,0.02053743251728411,0.060895014470685224
7211,7,1570.0701401562337,1200,-0.003796390037029157,-0.0004831663609196766,0.05018123984336853,0,,0.01350896849971686,0.07718712100423564,0.8867808439902344,0.020503569005851003,0.061713568518209715
8411,8,1522.1965779080936,1200,-0.00022277948745724166,6.097930292328324e-05,0.05946822836995125,0,,-0.08889636491844073,0.06382648319176869,0.8920166947502995,0.021025121428285533,0.061709334818548844
9611,9,1578.6584244821154,1200,0.00017512653541867934,7.41765046317835e-05,0.05550354719161987,0,,-0.3153666277562834,0.07558722036134932,0.8828842524330494,0.020942742702459126,0.06129974404063116
10026,10,528.0142750773311,415,0.004325146057169361,0.002033716225789828,0.06174728646874428,1,forbidden_ground_contact,-1.174964563152804,0.06945973669296504,0.872702568350075,0.035110343388555995,0.07437664831516513
10035,11,1.8298502912641652,9,0.0010240980790205483,0.06199578464202528,0.05163426697254181,1,forbidden_ground_contact,0.3752438320878826,0.1266397712370987,0.3513677001378025,1.0128006674455952,0.23509647071568127
10045,12,6.329288195688504,10,0.0020672356278272127,0.047488639906938204,0.039699312299489975,1,forbidden_ground_contact,-0.11653169183093719,0.15897399871750073,0.4658110864904922,0.36506599133963624,0.24691499098859032
10052,13,-6.92209464104951,7,0.0014593118985936522,0.01704202383520118,0.06589208543300629,1,forbidden_ground_contact,-0.11906856645305801,0.058036452934027837,0.731608368663361,1.222065240347278,0.28814878814064315
10061,14,6.532479059761627,9,0.0015417856372097363,0.09002165361233432,0.05434964597225189,1,forbidden_ground_contact,0.4947683944244978,0.1978383959160184,0.22149841837353468,0.8382609348040131,0.2622969456874789
10069,15,-2.150898686893603,8,-0.00106784772927211,0.01624673944275866,0.06385914236307144,1,forbidden_ground_contact,0.28617395699515374,0.1743739322361791,0.6759924517169159,0.7818245147480019,0.31870418615518387
10077,16,5.473190383027148,8,0.0025424429300291177,0.08320177817179143,0.0552913136780262,1,forbidden_ground_contact,0.2671465048132202,0.25022887671346195,0.2469610333902899,0.7068497635369478,0.28429683410161105
10086,17,-1.514384177096261,9,0.003698933790762602,0.022450882985747385,0.05741710960865021,1,forbidden_ground_contact,0.6240748286361438,0.1559499845956677,0.6051098187167369,0.8098406711571777,0.2857892020642115
10095,18,14.778496169116725,9,1.664774273578797e-05,0.0732165436328735,0.06997687369585037,1,forbidden_ground_contact,0.2681141473513647,0.4690412781292952,0.1607721306542645,0.6051244838229366,0.2759671925925951
10104,19,11.66712317042262,9,0.0029250588486719976,0.06422872787286393,0.06902382522821426,1,forbidden_ground_contact,0.3385327142673437,0.3450182305276316,0.21165545696349558,0.5128649220141226,0.48230088548629063
10112,20,-1.9326627981756284,8,0.004597593796315963,0.04252958040029694,0.06017085909843445,1,forbidden_ground_contact,-0.01073567995108354,0.12531622575556708,0.5685427649331355,1.0395266273972457,0.24890825754916376
10119,21,-3.965138872609576,7,0.002262993824034221,0.026906598886255628,0.06408581137657166,1,forbidden_ground_contact,0.08919021301954941,0.0873726830324458,0.5917164280822329,0.6936687097819038,0.3974021134346426
10126,22,4.742742264205733,7,0.002250606441355537,0.07413392585439382,0.051384031772613525,1,forbidden_ground_contact,0.8977939445754757,0.32175448408947155,0.24858611110381748,0.7246993919581183,0.24963349813575017
10133,23,-11.715363444654164,7,-0.0005521612767837033,-0.03614605410140127,0.052742790430784225,1,forbidden_ground_contact,0.5996568767230042,0.04444446762037402,0.9093652104302768,0.936482044202266,0.32882452273569324
10140,24,-13.560475919170916,7,0.0008277957169351869,-0.026870548160778603,0.03861980512738228,1,forbidden_ground_contact,0.7063458412566187,0.0,1.0,0.785138475787823,0.26849514348444475
10148,25,-8.115508148248544,8,0.0008530483616233537,0.007459989463755641,0.05272669345140457,1,forbidden_ground_contact,0.405918214358385,0.033527188571464916,0.8262790869537262,0.9082884594387463,0.280742146459686
10156,26,-8.57111336523366,8,-0.00025864372650209603,0.0037865240260248614,0.06931948661804199,1,forbidden_ground_contact,0.4212644543590779,0.038635745652134276,0.8776718145077113,0.7131947431496014,0.3190474297988284
10169,27,-13.726451779617694,13,-0.007547883396991183,-0.047997184087498465,0.06180929020047188,1,forbidden_ground_contact,1.420124674547483,0.0,1.0,0.5794794994505292,0.3782134095560427
10178,28,-11.762780670288778,9,-0.0011055252403148743,-0.0202936696804532,0.0432865209877491,1,forbidden_ground_contact,0.7803083181596239,0.019274621447077565,0.9475528728146484,0.6028512427368646,0.31355225188609026
10187,29,-2.138503924370365,9,0.0011836905660387914,0.009647576872565835,0.05407987907528877,1,forbidden_ground_contact,0.5592862656783144,0.13554108013977567,0.7528807535403579,0.35709865559214343,0.3320782740557522
10205,30,4.363163115069447,18,-0.003619980385684984,-0.008172885375631201,0.03508903831243515,1,forbidden_ground_contact,0.18530159074535724,0.10155896266421949,0.7179449367898141,0.6234342231408486,0.34594125925617275
10216,31,9.631098165835947,11,0.0021920891157696178,0.031052188436500715,0.06699849665164948,1,forbidden_ground_contact,0.2065158779248047,0.2870565069682185,0.5354439442307218,0.6316988872223497,0.3508751509673316
10224,32,2.425977169866293,8,0.0018186894655072249,0.0256531371803526,0.03559150546789169,1,forbidden_ground_contact,-0.014581428714232491,0.16917348336523874,0.31673141811705097,0.5863077136874839,0.2716654265637
10233,33,-1.0001908303191644,9,0.0027820882001626055,0.04830819315850142,0.05122893303632736,1,forbidden_ground_contact,-0.5513103584612571,0.04577064979309814,0.4226456943372138,1.0664946147818117,0.3035092132179123
10241,34,1.7679651218455277,8,0.002014258619120332,0.03198880408640092,0.060590267181396484,1,forbidden_ground_contact,-0.37978159521539057,0.23216842558749265,0.564354470914245,0.8146685369809866,0.3987502696983941
10250,35,3.7149524062097976,9,0.00036734678980423894,0.03010676138785986,0.06748205423355103,1,forbidden_ground_contact,1.1143275047321888,0.287889241475102,0.6052890749563065,0.8726094339209287,0.30571992132000736
10259,36,-8.679064300633861,9,-0.00045769768397283797,-0.0017762623606684363,0.052480366080999374,1,forbidden_ground_contact,0.15458758563747535,0.02886597659429791,0.8552132685490426,1.0911525995569935,0.26810161679728267
10266,37,-0.3495882657987739,7,-0.0007507585132510251,0.04237884560293505,0.03792471066117287,1,forbidden_ground_contact,0.3686925778958143,0.17006807075606964,0.40473230098240237,0.773416334823077,0.21468469695494066
10275,38,0.12534304350235992,9,0.00045090565693760087,0.08452480314778721,0.05368531122803688,1,forbidden_ground_contact,-0.009684958027403679,0.050062233565453806,0.4264598344549146,0.6385179135040231,0.29407420457236255
10281,39,-1.0292149886398558,6,0.00040588573663374617,0.053563561137803105,0.06160972639918327,1,forbidden_ground_contact,0.10971555536193994,0.25186680717704096,0.4087651450558105,0.7759269555128029,0.30495309117541963
10288,40,8.606376635087809,7,0.0007403945902313641,0.03219581376821006,0.035833291709423065,1,forbidden_ground_contact,0.12896052785261725,0.44692392778999973,0.22025582963136395,0.8789702612385474,0.40784631819050693
10295,41,-12.18842950574594,7,-0.0004612192284308351,-0.01185417839981524,0.06704729050397873,1,forbidden_ground_contact,0.2986277613369796,0.0032914979466333494,0.9849581008040552,1.245129625985779,0.32332323756860804
10302,42,5.525494592347634,7,0.0017269936252572319,0.038099231815722515,0.05299476161599159,1,forbidden_ground_contact,-0.17737437515793794,0.37761798523580004,0.39102692969945213,0.8125795102439325,0.4015634125527648
10310,43,1.7211561218565734,8,0.0038681126539180715,0.06530498655501177,0.04873621463775635,1,forbidden_ground_contact,0.3396377141849473,0.18548166273609376,0.40918018238447246,1.1094809364022489,0.30096164487842797
10318,44,-10.54298071375683,8,-0.0005823773521748364,-0.008689856315473875,0.06364480406045914,1,forbidden_ground_contact,-0.2636093122631948,0.018552234030193234,0.9370372510738867,0.6390968194283533,0.22410631693789843
10326,45,-0.7797616833353791,8,-0.0002599098308199662,0.02121737283646484,0.04804861173033714,1,forbidden_ground_contact,0.1815034817843196,0.20955335916564927,0.5844860007834078,0.547055721800521,0.2839676759403097
10334,46,-10.81143788769471,8,-3.3920818027483995e-05,-0.0037124549995526624,0.0694679245352745,1,forbidden_ground_contact,-0.19359188455383486,0.006568206308661905,0.9697934025037893,0.4793050656966796,0.29273182541750087
10343,47,9.9593477452483,9,-0.0015805053674037585,0.050467440116923334,0.030472364276647568,1,forbidden_ground_contact,-0.12089918755215476,0.31904276617444993,0.2550634837416301,0.7074851694449288,0.2756512792764257
10350,48,3.69618093330482,7,0.001879763772172398,0.05066653351643252,0.04573000594973564,1,forbidden_ground_contact,0.6559961402799463,0.3128252102203334,0.3015426049206325,0.9367345899476922,0.421847982825945
10358,49,7.093864983779264,8,0.0036556903837841946,0.09308829554175785,0.06123675778508186,1,forbidden_ground_contact,0.5102537140420593,0.2828759713102312,0.21103022867489812,1.0683981074120616,0.36523555137684416
10367,50,11.293932806625337,9,0.006803994116707001,0.10719671867847645,0.05940321832895279,1,forbidden_ground_contact,0.40321708979802356,0.3068697748516261,0.14912336703399565,0.9705383862137182,0.275696798966346
10375,51,2.5303536988796314,8,0.004027472527605867,0.03692859563803034,0.033814139664173126,1,forbidden_ground_contact,0.4822276970714422,0.14386788589843086,0.3046944495395719,0.4201008830195622,0.26876705429435827
10385,52,6.308814178226207,10,0.004373961557071734,0.08049252303521315,0.05566641688346863,1,forbidden_ground_contact,-0.6169945045609552,0.1109922449433508,0.28442798789727225,0.8631074090199522,0.3146451395413791
10393,53,2.7187504991951243,8,0.003553401359455549,0.05092172344155484,0.04405398666858673,1,forbidden_ground_contact,-0.32902897949709,0.12671627971553223,0.2928630589411884,0.720768617005579,0.3525477213817115
10401,54,2.9378389626722514,8,0.0016820570315620115,0.02717219183478915,0.057678282260894775,1,forbidden_ground_contact,-0.1878600739732259,0.30461791852032355,0.5591035409218453,0.6694091261686858,0.22340917206190516
10410,55,7.2456007373123406,9,0.0022494218013518327,0.04158256998266457,0.061582326889038086,1,forbidden_ground_contact,-0.2809157728506282,0.3367027041361472,0.43031985270787537,0.71514197375592,0.341770960431346
10418,56,8.684130279391777,8,0.0028303100986562103,0.0896066692932572,0.05023857578635216,1,forbidden_ground_contact,0.34057923270928164,0.31037517958060457,0.19014152426703207,0.7086971839275,0.3473337014230596
10425,57,-1.0549446953466308,7,0.0016174998457770397,0.03557648726450794,0.049368541687726974,1,forbidden_ground_contact,0.3155481083697519,0.1923452149612186,0.4987109386696734,0.691449929792116,0.30144412084377653
10434,58,14.54716015763223,9,0.00368174312700003,0.08693693444464536,0.04189318045973778,1,forbidden_ground_contact,0.7886351703213226,0.4044192625099628,0.06557470336169685,0.42509444281433006,0.4276298970350582
10442,59,3.906144251758594,8,0.0017257035787497158,0.06614633440615739,0.06017444282770157,1,forbidden_ground_contact,1.4618580886927992,0.2853324367243794,0.3529687450686382,0.6053235389320919,0.297641939026383
10450,60,8.380919773004148,8,0.004588100902510286,0.06040679733943178,0.05817833170294762,1,forbidden_ground_contact,0.7779590961596797,0.31669706211321663,0.1956930022389981,0.6738251343808147,0.4440969174103756
10456,61,-2.6218438737794596,6,0.0023534198388747117,0.023286567237685307,0.04131918027997017,1,forbidden_ground_contact,0.23669000390975212,0.1419636870600046,0.4364223511564267,1.1219364017254387,0.3724408683526215
10463,62,-3.5967509645780034,7,0.0008044014572922043,0.05777620438677649,0.05819493904709816,1,forbidden_ground_contact,0.38917142895679424,0.07412240901917784,0.3957825067538215,1.9094064414343794,0.40973475183812397
10472,63,2.8484309247643527,9,-4.2361473505611304e-05,0.07750878411588155,0.03361435607075691,1,forbidden_ground_contact,0.40924497564773127,0.14402608483487786,0.2608551378175724,1.376984672229847,0.30509744747186324
10480,64,4.341889768379636,8,0.0016342008611252461,0.06770393326072603,0.04920123890042305,1,forbidden_ground_contact,0.23677121488695427,0.23199517584121326,0.1844533740547449,1.095392462620282,0.38054638680160846
10488,65,-0.1644573568347969,8,0.004757285939756658,0.07855694520028617,0.060592517256736755,1,forbidden_ground_contact,-0.24052138438127652,0.14003289577859745,0.4241845782367701,1.2064692894931865,0.42561436852850043
10496,66,-1.8899578188868968,8,0.002764259788985898,0.03818099062404958,0.053234852850437164,1,forbidden_ground_contact,0.5653343426214242,0.09949863575431295,0.431307315828984,1.1567969548929464,0.2589646575466114
10502,67,8.85625445583568,6,0.004252489728694903,0.049606048296286155,0.03284675255417824,1,forbidden_ground_contact,0.20483624272977813,0.571329462793247,0.10742438315192561,0.9202376625036761,0.24104266134147986
10510,68,-4.581803179783702,8,0.006521712909146844,0.031652925205856525,0.03029392473399639,1,forbidden_ground_contact,0.8785932711592361,0.08674340550860103,0.5359968730659588,1.3482940691652616,0.3231337081827661
10517,69,5.736587075741751,7,0.0044866406762771,0.0674998479425688,0.03937182575464249,1,forbidden_ground_contact,0.03315700879773273,0.3427102173708621,0.13254786200026228,0.6866603479030431,0.25021555296033243
10524,70,1.4578741919827198,7,0.004290645467908302,0.043084820186606934,0.06676888465881348,1,forbidden_ground_contact,-0.41007912161114873,0.2941263053733305,0.3859202203459784,1.1304972531553703,0.2574771721196269
10530,71,2.0591735789074797,6,0.0020379841057729994,0.027883951461075352,0.03941900655627251,1,forbidden_ground_contact,0.004371446611233173,0.35000538753591853,0.29262673737107625,0.9245004179684404,0.2374931471625501
10538,72,7.539248335999968,8,0.00442499349506066,0.08596426959046265,0.05615892633795738,1,forbidden_ground_contact,0.13175045216186748,0.28230486651672154,0.25876863105028103,0.6388727930661338,0.30856662324535405
10544,73,1.9558406141528542,6,0.002896813287715705,0.04634168933894652,0.06912171095609665,1,forbidden_ground_contact,-0.5310586546201556,0.3919874962462608,0.3404674485114638,1.5523422083090954,0.27343220227894216
10551,74,-10.247682045349299,7,0.0025479473774137765,-0.006034414885863655,0.052971892058849335,1,forbidden_ground_contact,-0.2860147870718471,0.044335542073966505,0.9178620192560188,1.3578070375053017,0.2402636129500119
10559,75,2.368367481402961,8,0.0037365050550747193,0.0565681890591798,0.05172266811132431,1,forbidden_ground_contact,-0.05017080423177558,0.17924447085441253,0.4461185319809169,0.5669742623029831,0.3234771514210344
10569,76,8.69441525042455,10,0.006769329996763015,0.09494448852359057,0.0686778873205185,1,forbidden_ground_contact,0.6012824014934972,0.22440274377172154,0.1840311596544621,1.288069919458313,0.36709334586287534
10577,77,-9.444781530612481,8,0.0015732410839384536,-0.0009856120083429462,0.056236617267131805,1,forbidden_ground_contact,0.4660149686618826,0.010405601650828678,0.9452458065960521,0.6599634879382205,0.2677212801974207
10586,78,-6.17742510523698,9,0.002843595350058562,-0.008718813018377637,0.03482309728860855,1,forbidden_ground_contact,0.3912538326291472,0.11941895390682616,0.7187685272181523,0.9988853385339319,0.2926545337372408
10593,79,1.7651601950578026,7,0.0021188912815827835,0.05933129035093114,0.06491222232580185,1,forbidden_ground_contact,-0.15545069590587446,0.2771633031887577,0.3839656103189221,0.3892230898615023,0.24986006536476713
10601,80,9.868382737341047,8,0.002156736650867233,0.06945604676877723,0.06582923233509064,1,forbidden_ground_contact,0.46008444365535445,0.4411792562684115,0.2651686075890989,0.625838982002418,0.20376016406930875
10608,81,-0.7830808695370841,7,0.0031920252178086286,0.10933782299617209,0.06447300314903259,1,forbidden_ground_contact,0.6802659042808487,0.1349184474934079,0.2208690420522133,1.7940202233350013,0.24697472043965682
10618,82,9.12549275551213,10,0.004372044006491854,0.09096884921400515,0.03502613306045532,1,forbidden_ground_contact,0.30756664160232944,0.16210312520741293,0.10124359095008324,0.6936176607555453,0.3178173647785312
10625,83,-3.3008845178378428,7,0.0032608360794666455,0.06793546725235507,0.04769129306077957,1,forbidden_ground_contact,0.07195485604807939,0.07997621038074451,0.35142276887726936,2.0183495841947696,0.32322464784618593
10633,84,5.992204621495537,8,0.0008020705345012883,0.043484164257280966,0.0422852523624897,1,forbidden_ground_contact,-0.3150234194575258,0.1798313677198383,0.13893396830758437,0.6638479821589882,0.36943828195471695
10642,85,7.630253154441776,9,0.007471284295594247,0.10746358025246593,0.06012631952762604,1,forbidden_ground_contact,-0.054326842534485255,0.17728954762612315,0.15693836625076388,1.127313509340198,0.29101132019951464
10649,86,5.7332766778758355,7,0.0031598232379574593,0.0805724348902637,0.05909234285354614,1,forbidden_ground_contact,0.6680115209123978,0.2890684755506633,0.2092949389016218,0.5358018454899208,0.1876121887017871
10657,87,-5.520659448030948,8,0.00044615542617985047,0.014213376069026085,0.04803798720240593,1,forbidden_ground_contact,0.38524177690498396,0.06835454596015347,0.70412214862127,1.0072378831764253,0.2719204095831299
10684,88,16.919726668289343,27,0.011157532166277496,0.033093940849708514,0.06847263127565384,1,forbidden_ground_contact,3.0423615799541843,0.07391503391987655,0.5230001372966269,1.0401300223668548,0.35534363740046154
10691,89,-2.000474841419969,7,0.003272108567704769,0.040349567405049545,0.06641649454832077,1,forbidden_ground_contact,0.5120731325221559,0.14568382347710168,0.3924766993549747,1.0229354980562169,0.3646494998387519
10698,90,2.4414584720348866,7,0.004616603732180357,0.027582770436376986,0.04028568044304848,1,forbidden_ground_contact,-0.07710375029805575,0.3734889515322188,0.48044629627264246,1.304905538437503,0.3042745480985056
10706,91,16.357753724313405,8,0.004020402198049609,0.04078277310284785,0.041948940604925156,1,forbidden_ground_contact,-0.17141792875470846,0.6572647578204036,0.13162337418154696,0.9290575378363873,0.21157853808259983
10715,92,-8.12008886735755,9,0.005310487697705521,-0.008153718384861928,0.03529805690050125,1,forbidden_ground_contact,-0.021873824883014464,0.038567094779705255,0.9333046332798711,0.797190969956225,0.3649768782042792
10724,93,0.9007164452531438,9,0.0026484070086133693,0.023511280360435045,0.06283117830753326,1,forbidden_ground_contact,0.1270161607968343,0.23646418373429284,0.6258023134235027,0.609527906785686,0.29632347647250806
10733,94,6.454339709105957,9,0.003051703367427044,0.09783395976305227,0.06475206464529037,1,forbidden_ground_contact,0.5039900418531688,0.2318337723659395,0.17627151444471442,1.386609391206337,0.25219220899837624
10742,95,-6.682886759683464,9,0.004111081719659699,0.016077604747290884,0.051569223403930664,1,forbidden_ground_contact,1.3481637122112886,0.046126145072310276,0.6882325536767018,0.3578819618037146,0.3328358365557497
10752,96,9.021847933606123,10,0.006333908657309325,0.11242713516544937,0.05114763602614403,1,forbidden_ground_contact,1.0242205716609214,0.14712258703498202,0.06459869264462223,1.0346748621025526,0.47206273722121833
10760,97,9.414015045187442,8,0.002896231605895624,0.0944881329214697,0.035170044749975204,1,forbidden_ground_contact,0.30111307697298484,0.24428294551950186,0.06212516487067224,0.336427112312691,0.26375041859626014
10767,98,8.18340071273707,7,0.0020529412543960697,0.05225033489146185,0.06923923641443253,1,forbidden_ground_contact,0.47942874349278064,0.4451723964576531,0.24638595792573362,0.9510224332550171,0.26011286938556083
10775,99,7.188804830381898,8,0.0033822640109714888,0.09483786344775332,0.03902609646320343,1,forbidden_ground_contact,-0.49813424258000727,0.1971505612032572,0.12432041064235928,0.775843784161239,0.4291336498546013
10785,100,16.621283600208876,10,0.0031127360379571496,0.041383784986685115,0.062179774045944214,1,forbidden_ground_contact,0.4602765525685982,0.505959184730189,0.3862994959998291,0.7264388688567245,0.2998805110821862
10795,101,-5.095326413856481,10,-0.000458762152068275,-0.009651682819333844,0.04888225346803665,1,forbidden_ground_contact,1.8002502702694265,0.14095374512988473,0.5870096950829049,1.1235120086777575,0.34829059259783407
10806,102,14.415370858321872,11,0.0015529066486262648,0.07570378225718423,0.05677920579910278,1,forbidden_ground_contact,1.4325095181297207,0.28969986524650576,0.26320980228003515,0.9041231739395686,0.3211230140593103
10816,103,8.344711502552082,10,0.002868165830014143,0.0835798728102106,0.06554014980792999,1,forbidden_ground_contact,0.6557617682821215,0.2197066667691426,0.24275523862068832,1.1052050609338255,0.2859449730188072
10826,104,4.14984867827523,10,0.001136262575204723,0.06030383624787326,0.058864861726760864,1,forbidden_ground_contact,0.3548858409963469,0.1543144219196678,0.37013666856810185,0.8893041872226946,0.3629477000211919
10834,105,8.845843629613972,8,0.0021142020494931218,0.040518399845074514,0.04026466980576515,1,forbidden_ground_contact,0.2128696847363713,0.4001454563856755,0.2922654997206408,0.7986721656145096,0.21715050370905561
10843,106,-1.9951388411253053,9,0.002415048808303529,0.011740375669809476,0.05732208862900734,1,forbidden_ground_contact,0.8583011468759129,0.17750008604914386,0.6364281693782898,0.5742652956144352,0.2862037892088878
10851,107,2.412275673938691,8,0.0027327970233116347,0.0263315938396125,0.05387352034449577,1,forbidden_ground_contact,0.6957586146565452,0.24664580950420426,0.5245635504707619,0.4636673137525323,0.2664938971540093
10861,108,13.471839162989747,10,-0.0007789518280615261,0.018012974816692607,0.0462900772690773,1,forbidden_ground_contact,0.9779372044685737,0.43652138933655743,0.42527694887463563,0.49647346871474074,0.4508924326453895
10870,109,17.551686636891255,9,0.0026230145448331546,0.060094869482744166,0.042990267276763916,1,forbidden_ground_contact,0.057087943382445765,0.5261434756861145,0.12133324131519113,1.1263956862952815,0.24627346130018474
10877,110,9.804727015896944,7,0.00042578756997192497,0.040040484946610104,0.04042069613933563,1,forbidden_ground_contact,0.49441226258776283,0.5257738907787652,0.2288467194915691,0.6353520337487757,0.23163470094395597
10885,111,0.5804503258549474,8,0.002518186116337638,0.05631023636647641,0.03231056034564972,1,forbidden_ground_contact,0.3180349247788605,0.20312113180904573,0.4096261157610359,0.6926476612640922,0.2695834426711875
10893,112,9.643553875532644,8,0.0009398267236105547,0.04527592686146146,0.04476570710539818,1,forbidden_ground_contact,0.6877406016191595,0.39330381871241266,0.15035530664813457,0.4687620022168286,0.3010412140787184
10899,113,6.384244798317331,6,0.0007406466252897798,0.05401110944974624,0.06585520505905151,1,forbidden_ground_contact,0.38776604926755887,0.5286109423116,0.3187406001779599,0.41030978913679156,0.3592453229741868
10907,114,8.881869881426608,8,0.0016345393609907039,0.04922261347960517,0.0668933242559433,1,forbidden_ground_contact,1.5003522977732753,0.40432723365607526,0.3361370971397253,0.9401394161147738,0.3217101230556782
10916,115,-5.367864855123298,9,-0.0005826993691288539,-0.002426397854641069,0.041595667600631714,1,forbidden_ground_contact,1.7290196269859717,0.09120283419732701,0.8489332328723027,0.6350465831781141,0.2135302078596742
10925,116,4.534048981068018,9,0.005400159247097305,0.09684472587271137,0.05125286057591438,1,forbidden_ground_contact,0.8544022797036778,0.21297746274239868,0.18641533307071256,1.446940919187461,0.24710120813773745
10933,117,5.463261066263533,8,0.002015613713287892,0.09729043994833904,0.06134122610092163,1,forbidden_ground_contact,1.4893888314026362,0.20058843012766006,0.22143419947897727,0.8407879554814384,0.380671769563365
10941,118,10.28373936848257,8,-0.0017462299081566768,0.06948628893508535,0.06330029666423798,1,forbidden_ground_contact,0.8975895854267018,0.3764230455450899,0.17228631180047993,0.7576896576955441,0.467454380211353
10950,119,9.71918324050797,9,-0.0002981750153871424,0.08973498688753956,0.03432512655854225,1,forbidden_ground_contact,0.3744886060780149,0.26971122163491945,0.15832321140698,1.228649168542235,0.7255185263921615
10958,120,3.212829362900031,8,0.0006239314591717939,0.09148335530431383,0.04196556285023689,1,forbidden_ground_contact,-0.2015278779047132,0.1645061954736304,0.13529143724808523,0.7724692970540663,0.24386614983144878
10964,121,4.342078630592141,6,0.0017847352301558399,0.06909704651150134,0.06378223747015,1,forbidden_ground_contact,0.17164675052660405,0.4157768940489117,0.2693820074268902,1.0040567110960534,0.24518457930932236
10972,122,8.279807309393423,8,0.004282548348933266,0.0799715548836261,0.04806742072105408,1,forbidden_ground_contact,0.23547424010573006,0.35455532936512957,0.20137219047840071,1.2383425734199978,0.21637132129871878
10979,123,2.129486979352242,7,6.945547024671173e-05,0.09867376288590098,0.05331127718091011,1,forbidden_ground_contact,0.7566291207849429,0.17347800637902458,0.20678631315112397,1.0215421950126362,0.21013231776599722
10988,124,-2.6493767465215043,9,0.00329726920531029,0.011815814949117502,0.06780317425727844,1,forbidden_ground_contact,0.6672644814819015,0.20038330223839024,0.7179456168243536,0.932787583666841,0.21804798170665807
10995,125,2.6577334993326946,7,0.0006975882062352489,0.02525731661985275,0.03173327073454857,1,forbidden_ground_contact,1.0036437039242212,0.3200423197025666,0.3026721614205167,0.814709975228159,0.2653006324073575
11002,126,3.5120558624188067,7,0.0015316988669604144,0.1090395806632023,0.05491436645388603,1,forbidden_ground_contact,0.20704108782608552,0.16643197126694162,0.11659730144588638,0.8253831725986466,0.294202076435126
11011,127,10.892981214868792,9,0.0026425284626223973,0.0839330567147728,0.049165405333042145,1,forbidden_ground_contact,0.40605667464388073,0.28790465084763783,0.13405777705108163,0.7837122080572662,0.3130126742048927
11019,128,5.235956015721687,8,0.0024476540653037087,0.04890585557214624,0.05585264787077904,1,forbidden_ground_contact,0.3777329448736157,0.22206379892230388,0.19427654450134363,0.5781978710658117,0.18839141794865405
11025,129,4.445746785447811,6,0.002473389916029758,0.07856904279981093,0.03781500086188316,1,forbidden_ground_contact,0.16979316375211517,0.28410962982813887,0.11780581992942453,0.44946678014130376,0.2843957826606915
11032,130,5.1350808653272715,7,0.0041115956614237795,0.06887131965909794,0.0449557825922966,1,forbidden_ground_contact,0.3665575549550173,0.34003407914940903,0.2738901846772345,0.8954344753946166,0.3350487625406534
11040,131,-4.035623180373841,8,0.00621450980094372,0.023148038848065263,0.03209209069609642,1,forbidden_ground_contact,0.44818175573592933,0.08709920600975649,0.6128956628757812,0.5172428417440015,0.2590475613401332
11047,132,1.7026146608291128,7,0.004089837948515662,0.09260311310373912,0.031243644654750824,1,forbidden_ground_contact,-0.6980450661330442,0.2081305819024503,0.011845360685899855,1.9716125675598708,0.2718155519410724
11055,133,7.1971812849430705,8,0.002423023944510716,0.08182709989241788,0.053057920187711716,1,forbidden_ground_contact,-0.06516505627175968,0.2435372474237013,0.14774138927555414,1.1960491521612746,0.3059959875538347
11062,134,7.625859828693169,7,0.000983243222308033,0.07295016152810316,0.06750129908323288,1,forbidden_ground_contact,0.4871027535618606,0.3914674434652899,0.178046731671031,0.49188930602156417,0.26389819158614225
11070,135,0.4388538555451529,8,0.0036576509262543208,0.03251970848821958,0.06110530346632004,1,forbidden_ground_contact,0.5844914530353329,0.11514828270172289,0.46780874567947267,0.7380530614862453,0.2166560512476963
11080,136,8.501683950343631,10,0.0022434675504642777,0.022661063983611514,0.046620097011327744,1,forbidden_ground_contact,0.19865815985261648,0.2549904275800623,0.45610801932441236,0.7534159072082915,0.2793320980264051
11088,137,-8.961054310540936,8,0.0025554074045185744,-0.009236517287781798,0.06622340530157089,1,forbidden_ground_contact,0.1025930253053251,0.01639697594630643,0.9467128942672187,0.5033988188744921,0.22604676621241837
11096,138,-8.882369301471865,8,0.001128754277508685,0.005847393937776852,0.050239644944667816,1,forbidden_ground_contact,0.3257028381507946,0.08844230024758565,0.8295562846800837,1.7042294662340705,0.255002824165784
11104,139,6.7986245979316,8,0.000274174292949716,0.03769838238121757,0.06316207349300385,1,forbidden_ground_contact,0.2665987879805217,0.30789641455521555,0.4031484560258134,0.6186217922355199,0.2163368877596537
11113,140,-3.3680798734632766,9,0.0005287772164107591,0.004444322934222351,0.06453735381364822,1,forbidden_ground_contact,0.007361463655851503,0.11569683324913799,0.7588124245902487,0.683890354239449,0.22130710425079403
11120,141,4.0578023721885526,7,0.0026285797606612296,0.06209415130851194,0.04963138327002525,1,forbidden_ground_contact,0.05929350961418871,0.2561223087971328,0.10971250027032939,1.1091678196357546,0.21548078284225694
11128,142,-11.119056927536235,8,-0.00021720933852715168,-0.02146496906609513,0.032758112996816635,1,forbidden_ground_contact,0.9998993511793894,0.05336709763918548,0.9157605244644587,0.8770260227509987,0.3073943836275382
11135,143,-11.485258348416892,7,0.0021566924576638074,-0.037720226027132424,0.058218128979206085,1,forbidden_ground_contact,0.6280591532057881,0.021619129907506963,0.9301336685357379,0.8752899788383167,0.2787865414801046
11143,144,1.1612925229525626,8,0.0007926404274881436,0.004928054812937902,0.057022418826818466,1,forbidden_ground_contact,0.3083934063268403,0.29791294079761943,0.5435166672859755,1.208419664160173,0.5192339620106046
11151,145,-7.33885000340579,8,0.0017335042724419322,0.006370831495682716,0.05936752259731293,1,forbidden_ground_contact,-0.12160933524063462,0.03230279410026651,0.8417122517431834,0.8195752620475673,0.24235969215933548
11159,146,-8.534292632469036,8,0.0016547026361968646,-0.009508291052394265,0.0494670532643795,1,forbidden_ground_contact,-0.2565422678323724,0.02988408149409217,0.934389352875544,1.0387082324454737,0.32368215248046484
11171,147,7.846958301510874,12,0.0010051879366698487,0.03243131476118936,0.06600044667720795,1,forbidden_ground_contact,0.6152135425469588,0.1615839831190606,0.5148627184853422,0.7612704501532859,0.2672328718844667
11178,148,-2.4062973854536054,7,0.0035973183487591634,0.02198311793675663,0.05961443483829498,1,forbidden_ground_contact,-0.7017632381747148,0.14956772232345553,0.6312450593619655,0.49973099796504894,0.2544824490527598
11186,149,-11.688569840863707,8,0.003690871689321619,-0.03682520467826941,0.06711933761835098,1,forbidden_ground_contact,-1.0167922604778705,0.015699281010771223,0.9510035008510189,0.5578816915195637,0.27038161500972624
11196,150,8.05211625988921,10,0.000808583411936132,0.039598673820902215,0.05170755460858345,1,forbidden_ground_contact,-0.9577450899787121,0.25665698388751723,0.41879043355329265,0.6705063239479884,0.24881524753835277
11205,151,12.550007744444004,9,0.00404222272015025,0.021618470613278134,0.03292972594499588,1,forbidden_ground_contact,-0.8423763338365579,0.4314276681090569,0.3639742138952237,0.5076850770664605,0.2466712221849136
11216,152,14.132058981669568,11,0.0049788296344806336,0.038901411518956756,0.046709030866622925,1,forbidden_ground_contact,-0.6025992586449944,0.23359585733814361,0.28057071589290383,0.7818457754048862,0.33676060920492296
11224,153,-13.460967459147,8,0.0029687014524192637,-0.05100005692803896,0.03097429871559143,1,forbidden_ground_contact,-1.1840673764269571,0.0,1.0,0.599531736923194,0.23669656781511583
11236,154,21.136109012953302,12,0.003921390341051285,0.06680789783220444,0.03612636774778366,1,forbidden_ground_contact,-0.45884490931046257,0.3311959165296866,0.14408716973778235,0.9025012336587509,0.37980387905097485
11245,155,-2.8656141071439105,9,0.003186582097334835,0.0070009192786406604,0.03150758892297745,1,forbidden_ground_contact,-1.304344186269754,0.13259388969395258,0.6097195477927004,1.3916278364968968,0.3321974654711793
11254,156,2.4246298222336105,9,-0.0007872897300530708,0.007800642155711428,0.045434437692165375,1,forbidden_ground_contact,-1.335740560719443,0.30064815742187356,0.6008200065843596,0.46940647966463556,0.2679229516247014
11262,157,3.2811485674737213,8,0.002278208519473653,0.023514306699780902,0.060950446873903275,1,forbidden_ground_contact,-0.7219567504584977,0.3137034314322907,0.5476099774357153,0.665374810574535,0.31271854368497265
11269,158,6.108687772784208,7,0.0024479949655628035,0.039415247447001096,0.030177980661392212,1,forbidden_ground_contact,-0.3838576739991907,0.26951074916949486,0.1229881596223245,0.7786309894866736,0.2994547802325505
11277,159,3.964626939581427,8,0.0012584693864014982,0.01504952270149278,0.036467600613832474,1,forbidden_ground_contact,-0.19415669347254194,0.3294999558686929,0.43779213588085797,1.0518598446642193,0.30021803790748414
11287,160,4.298655692370117,10,0.001884316058973671,0.025608746783788605,0.052281077951192856,1,forbidden_ground_contact,-0.8446017139223652,0.22000842331622397,0.5479273842449064,0.706040078549593,0.28627127822415327
11295,161,0.4846551606077014,8,0.0015494155031934146,0.01257623692902179,0.03185180574655533,1,forbidden_ground_contact,-0.9070427174916392,0.1926861835807869,0.5592651288868085,0.8005545767050861,0.2627378160414736
11302,162,-7.287958840334335,7,0.0027011645497641377,0.0029254386833665927,0.046849943697452545,1,forbidden_ground_contact,-1.002834715211656,0.13454259897285215,0.6938935997845456,0.7582653234776713,0.2744736496809498
11309,163,5.60953373749836,7,0.0016706792140241096,0.029539983365998286,0.04697408154606819,1,forbidden_ground_contact,-0.31834657916934345,0.4272848973831477,0.4145530113729348,1.0965506182080147,0.3384197373812935
11318,164,-9.453634013754636,9,0.002989921719262491,-0.0012037843359182935,0.04483684524893761,1,forbidden_ground_contact,-1.5429051102857951,0.043001370091189366,0.9165027480432484,0.9675777141077523,0.2882296328117093
11326,165,-5.7692641315478035,8,0.000875917614623167,-0.01380396697336293,0.06734206527471542,1,forbidden_ground_contact,-1.6993765159942829,0.15123050961665407,0.7185623474394538,1.1375486929869278,0.374130924231281
11334,166,5.833408227026709,8,0.001209453561693348,0.06349623371600284,0.044883180409669876,1,forbidden_ground_contact,-1.250360455145998,0.3247885347650795,0.2136472317615416,1.6365343334589497,0.4656186652852271
11342,167,2.75161661646373,8,-0.000800891376777503,0.014047243055502067,0.056138694286346436,1,forbidden_ground_contact,-1.624244068145866,0.3009981046198244,0.5565310430854644,0.4405293727596508,0.3345838719411628
11348,168,10.421161042264792,6,0.0015325150591187033,0.056488969060139116,0.061066240072250366,1,forbidden_ground_contact,-0.8294170373317804,0.6803505271841276,0.16432247903884983,0.6809925699659053,0.3518274786066777
11355,169,-9.787987097146003,7,0.0018887071916878408,-0.011137959311444257,0.06908189505338669,1,forbidden_ground_contact,-1.4056567604076686,0.09475358840057979,0.7989518914820214,1.6818426674024245,0.5217292857085429
11363,170,-9.479602571251391,8,0.0023251677916279437,-0.02520211000632181,0.06922712922096252,1,forbidden_ground_contact,-1.3404815036357696,0.03803284768924339,0.8871515425240539,0.3154364021135622,0.320657753742276
11370,171,1.974725086737358,7,0.0023716794199878663,0.0587458408853575,0.06184646487236023,1,forbidden_ground_contact,-0.9510563585642156,0.2871399661985961,0.3004958787036269,1.761351464450217,0.3667777263488096
11377,172,5.842747123305186,7,0.0031530196584311524,0.02637747818719271,0.04251565411686897,1,forbidden_ground_contact,-0.8127604399232531,0.4371002909531237,0.3478704945304654,0.8069920233068905,0.3702392686956884
11384,173,6.619209869075322,7,0.001966067701807661,0.06683374657755496,0.06848476827144623,1,forbidden_ground_contact,-0.8342798810385023,0.42682505309228963,0.22010622305745436,0.9776063067630362,0.18855453790923551
11391,174,-2.105192429432879,7,0.0009222481185777973,0.010811150123815404,0.04967520385980606,1,forbidden_ground_contact,-0.4874422720947303,0.2516782842097036,0.5391630945174892,1.3527403754861083,0.345596713424494
11399,175,-5.000765559444961,8,-0.0001653269425418802,-0.032212984106684536,0.0673845037817955,1,forbidden_ground_contact,-0.11611112820129851,0.1507634020577608,0.7434869456095363,0.9076039233302087,0.3411157734471375
11406,176,-1.3913365131799864,7,0.0013946303306706861,0.013632751446699894,0.04245324060320854,1,forbidden_ground_contact,-0.2035795315795813,0.20057997382549414,0.6408030505122314,0.7611655963189999,0.292458052215625
11414,177,7.157218096845295,8,0.003395891386842983,0.07675651646971166,0.03193167224526405,1,forbidden_ground_contact,-0.6715870214473162,0.27637405549488603,0.06511149237933812,1.7722715744224093,0.4186851019905109
11421,178,6.4493243268791005,7,0.003075177935150766,0.07287670623519053,0.05464747175574303,1,forbidden_ground_contact,-0.27877889104530496,0.33095142845758263,0.17381271149434926,0.7368792954864806,0.29799170951328297
11429,179,6.129085565502788,8,0.0016896820730012232,0.02552889167552614,0.03815082460641861,1,forbidden_ground_contact,-0.44871769763470887,0.3444478009252529,0.34574365603483054,1.0321021774960077,0.40865937679803094
11438,180,-3.678779277451138,9,-0.000512412839813984,-0.021742812778291605,0.03978017345070839,1,forbidden_ground_contact,-0.3839842669284123,0.18255379454118362,0.705649917356419,0.6701556616832359,0.35759420197654745
11445,181,-2.942224041667968,7,0.0005846236005231918,0.009084034759642824,0.06911709159612656,1,forbidden_ground_contact,-0.20029453852844495,0.20571780031889705,0.6889247789470695,0.8031452535061618,0.22762870619190317
11453,182,3.1338170906693286,8,0.004312069956268326,0.06527166167519077,0.05610978603363037,1,forbidden_ground_contact,0.06409997142884787,0.2697056282185127,0.20814127564289187,1.918265286703238,0.27485456048112217
11461,183,5.788244962715275,8,0.004561224105150811,0.0495870616679809,0.06167434900999069,1,forbidden_ground_contact,-0.29778105709196,0.40312753055213557,0.3813512917033621,1.4495721431261577,0.25525783806848035
11469,184,-9.72736771424875,8,0.0008235327629592253,-0.04593200026090724,0.03450606390833855,1,forbidden_ground_contact,-0.30056274349636913,0.04921292758740152,0.8990676928900788,0.720484381510429,0.24447930604838028
11478,185,-0.30467407651990186,9,-0.0003415106589374187,0.0005074738580430507,0.05109583958983421,1,forbidden_ground_contact,-0.24778240896861406,0.16755636368015453,0.6828029508457354,0.7482724453200932,0.28946685604552586
11486,186,-4.930176944572018,8,0.002897401576986247,0.015875300634658286,0.06370742619037628,1,forbidden_ground_contact,-1.0963086605205474,0.13164940634364422,0.7377099486492679,0.956777267052379,0.21964261995709014
11494,187,12.029799094321051,8,0.001743873659820059,0.04102366367182966,0.04382048174738884,1,forbidden_ground_contact,-0.8987302900369046,0.4666919127601626,0.14967321920230892,0.47327701577797465,0.16725121365326986
11506,188,4.706205822309604,12,0.008243140466116718,0.054114124564885284,0.06653902679681778,1,forbidden_ground_contact,-0.8146734179661482,0.04490679188959426,0.45411978679397097,0.9921040131439423,0.48895606922054297
11514,189,-11.010201792218464,8,0.0025672166174929185,-0.02809197783935661,0.041213683784008026,1,forbidden_ground_contact,-1.058792385740997,0.028554617231423517,0.9389581149512648,0.6624926547649753,0.3767607382442994
11523,190,2.452804641932005,9,0.0030725137196188804,0.024090394399273192,0.05882425978779793,1,forbidden_ground_contact,-0.257440128254253,0.27341138606062093,0.5746128673104408,1.0252755977580061,0.3084633119058215
11532,191,-3.4208312957307374,9,0.001315742777795582,0.006898859910759341,0.05046068876981735,1,forbidden_ground_contact,-1.7356991283820054,0.15333651068599272,0.7971311309079727,0.5944353096435692,0.3301080342513825
11540,192,-5.458620567903514,8,0.002788746093244686,-0.002467138199515783,0.04171079024672508,1,forbidden_ground_contact,1.0332023701997988,0.1558638568191602,0.7396011480280547,1.1069057996902258,0.30571588223961443
11549,193,13.660048670033955,9,0.002418652810721785,0.044027896088063095,0.03415664657950401,1,forbidden_ground_contact,-0.3082964069387008,0.39721130709296937,0.13122561592821158,0.47289404623625725,0.2740685976158601
11556,194,1.4032584298152706,7,0.0018914193201810799,0.04913672766315885,0.06942157447338104,1,forbidden_ground_contact,-0.11204506407322871,0.301212637034426,0.4057171961943395,1.2359383090889138,0.2119841789584993
11563,195,-9.777445321025352,7,0.00030201782675199945,-0.0002119397028528236,0.06802640855312347,1,forbidden_ground_contact,-0.43125973310433274,0.012033090040136375,0.950011064482463,0.8983185449871761,0.2489958128940071
11570,196,9.883307157357297,7,0.0032461334282169727,0.06917863826331186,0.06200515478849411,1,forbidden_ground_contact,-0.8247119007054294,0.5219839124141947,0.20959425176633287,0.728731849091476,0.301784846227426
11577,197,-4.540156034370266,7,0.0010047587791436755,0.00431754258191689,0.03827401623129845,1,forbidden_ground_contact,0.17694901528891216,0.12020172240998803,0.8110557282952643,0.7307107408987161,0.25475139973646427
11584,198,3.4860888095963443,7,-0.0005471024707936518,0.0696285326557852,0.05932222679257393,1,forbidden_ground_contact,0.7547140023317847,0.26340903921651176,0.2398683747865067,0.3922632140876246,0.21912455779961135
11590,199,-3.67117321584017,6,-8.76640440599729e-05,0.013894006808635936,0.04885220527648926,1,forbidden_ground_contact,0.6175313285283555,0.19129455881370525,0.715591005196993,0.6128850232503612,0.25383055648734004
11595,200,-6.263319139152102,5,0.002313869226637285,0.020997830933160985,0.06827521324157715,1,forbidden_ground_contact,0.6443075095296527,0.13225225086364112,0.6924530958291797,0.5191013759169536,0.2808039070306056
11602,201,1.9141157870942216,7,0.004075839531344369,0.0741698561774332,0.038869813084602356,1,forbidden_ground_contact,-0.15551752059117918,0.2007213237939331,0.25050343320648144,1.1048411032276444,0.29056702387792066
11609,202,10.457029237570282,7,0.0013428237419888158,0.0472883502550358,0.0310059804469347,1,forbidden_ground_contact,-0.14941786563852116,0.5170207057676344,0.16818364418006534,0.7415706038691999,0.3259165902126626
11616,203,-6.9588377323024355,7,0.0027034879733273645,0.0040560984253609714,0.04343588650226593,1,forbidden_ground_contact,0.3841066144637156,0.08630930815346448,0.8299329796944779,0.5291457202907262,0.22704177202358974
11624,204,14.550968673197545,8,0.0011255248940895664,0.04262675031467165,0.0316804014146328,1,forbidden_ground_contact,0.30862444519754145,0.5364497779123695,0.16093453340203978,0.6495195355612337,0.26479155416376227
11630,205,1.1114628856903224,6,0.0012706565621726164,0.03779989671637476,0.041430775076150894,1,forbidden_ground_contact,0.14644501794877832,0.36224099991929554,0.349322346615766,1.675944079293048,0.3569890240462226
11638,206,8.10360672534438,8,0.0020572660396450592,0.02279404028325671,0.03136295825242996,1,forbidden_ground_contact,0.1522290143310836,0.43451779933951423,0.3524257109096083,1.7137291580771865,0.507417946624902
11645,207,5.545531335026931,7,-6.452356361572612e-05,0.0401203894768577,0.05486182123422623,1,forbidden_ground_contact,0.45108485854199365,0.4268455919920773,0.3241832283113202,0.49248760767755995,0.29389446224337845
11653,208,-8.68710889736806,8,0.0014888184632481259,-0.015515654300354034,0.03140421584248543,1,forbidden_ground_contact,0.43495693701851,0.04953710100172833,0.9244530238618742,0.8407811628194021,0.3092466114064795
11659,209,5.817441691752,6,0.00031490346384378137,0.029927430888677883,0.03612852841615677,1,forbidden_ground_contact,0.5639902016483288,0.5443229413345002,0.284718677337697,1.0926032929127814,0.3051082855510174
11666,210,-10.208076164296985,7,-0.001160057472393339,-0.013381625292643837,0.055481214076280594,1,forbidden_ground_contact,0.6549956039959565,0.028148873246747728,0.9301927707348842,1.2826142610927855,0.3946754133456768
11674,211,-14.030451221845258,8,0.000325732678771802,-0.05154621862947384,0.06998765468597412,1,forbidden_ground_contact,0.7357257492374616,0.002935345522836623,0.9873093965475542,1.0646953202555378,0.2835080523031765
11682,212,-10.571071153104198,8,0.001060453276841609,-0.021392850750053864,0.0592937208712101,1,forbidden_ground_contact,0.650864016094718,0.05357534879356077,0.8715378310148858,1.334747671091644,0.2121723727029906
11690,213,4.987855467875155,8,0.004438274780763957,0.10941521310870934,0.04196619242429733,1,forbidden_ground_contact,0.6218643452893912,0.16051458754971692,0.1907740375695949,0.8115918162988199,0.2655996104192666
11697,214,-1.7798954230360398,7,0.0024055071549520905,0.019962811281473956,0.06023971736431122,1,forbidden_ground_contact,-0.3173152032602036,0.18491015793791823,0.6686104696273537,0.7053488800765011,0.2793989912018434
11706,215,-3.4925471364846405,9,-0.0018086422745879397,-0.0001274554497148673,0.06910732388496399,1,forbidden_ground_contact,0.12842633324998512,0.10332709111521608,0.7716127565658376,0.8209643568438403,0.24039396929915632
11714,216,-12.916919276485208,8,-0.0004384233801522332,-0.024189099661555462,0.03798282518982887,1,forbidden_ground_contact,0.6349920202857213,0.00734353884230705,0.9824918653011887,0.8585082469994061,0.21532785355010214
11722,217,-8.166036001591767,8,-0.0007635197277271941,-0.02150149025062596,0.06707881391048431,1,forbidden_ground_contact,0.15818056022637567,0.08505072088015769,0.8142185410322564,1.2088627419515439,0.2850918114026702
11730,218,-5.207610104872577,8,0.0005018667322711878,0.013569607711893595,0.054629724472761154,1,forbidden_ground_contact,-0.236344121914383,0.13678707785146565,0.7435664769541961,1.3364658254651198,0.2687892220267663
11740,219,14.857280590201743,10,-0.0005541132266159402,0.037815312422321515,0.05550079792737961,1,forbidden_ground_contact,-0.301354122997868,0.38216222532226113,0.3221035278171286,0.5291744744995587,0.31060399843701497
11748,220,-2.4788993606552445,8,-6.180139722017646e-05,0.022430123164058253,0.06652112305164337,1,forbidden_ground_contact,0.5196246589988135,0.15408319464977477,0.6570868080050267,0.656974402628689,0.27332229157091886
11756,221,-9.273880700195107,8,0.0016525915622269834,-0.01239873749701733,0.06812173128128052,1,forbidden_ground_contact,-0.45004411348184087,0.05668646766327047,0.8314894178399294,1.1272405334375515,0.35051716262391064
11765,222,-13.548494292338608,9,-0.0021587656825918147,-0.05129398780948256,0.062290336936712265,1,forbidden_ground_contact,-0.11759427168005657,0.0,1.0,1.0841865267114799,0.39453709117850594
11773,223,-3.4158437596562994,8,0.00099952811603686,0.00796449984465644,0.0410538911819458,1,forbidden_ground_contact,0.5549348744589405,0.17690591028465252,0.7011240685908064,1.465389639958513,0.5000396761921888
11781,224,-10.674137633090425,8,-0.0007833841413551659,-0.027857460534546283,0.04538089036941528,1,forbidden_ground_contact,0.18476606610871477,0.05533777531985359,0.8889070861964578,1.678241426822067,0.3304754730538473
11788,225,7.301998759696307,7,0.000913254996890858,0.04755878501392457,0.04060513153672218,1,forbidden_ground_contact,-0.6381673613908969,0.4271671951316437,0.20750372773154876,0.9370691166467059,0.2017437793998939
11797,226,4.189301866651613,9,0.0006590210557054047,0.024889533570450602,0.037884198129177094,1,forbidden_ground_contact,0.07133735183065856,0.25225554875246714,0.5672326851514646,0.8920341721113331,0.36037590603711084
11806,227,5.28791643726462,9,0.00013311620166646257,0.018629170600569827,0.044593725353479385,1,forbidden_ground_contact,-0.0011231363118438852,0.32926074613059264,0.4892280719843187,0.7235846530434134,0.29093919842552535
11815,228,9.802312536858285,9,0.000692395817978244,0.04627395421776816,0.0363590307533741,1,forbidden_ground_contact,0.16286176646628037,0.30709192659538315,0.23625129178331006,1.126320304976928,0.385383858051126
11823,229,-7.347862090277055,8,-0.001953680331650675,0.005990558266437433,0.06768231093883514,1,forbidden_ground_contact,-0.584123451360181,0.054088886603750164,0.8515449899789739,1.039468197326245,0.22912101234897853
11832,230,-5.388635732736388,9,-0.0007847784497278342,0.008870343389048026,0.03673959895968437,1,forbidden_ground_contact,-0.39871908808467205,0.0552410726559664,0.6861261452292974,1.0392244467743066,0.3138162783045988
1200,1,1486.5280496660282,1200,-0.0017690149454862114,-0.00027758281662414316,0.034581203013658524,0,,-0.037202114586749324,0.05987014473954282,0.9268649371333965,0.0035723688751952,0.04009932760454338
2400,2,1486.461632734282,1200,-0.0011774552819183652,-0.00025610144755187426,0.03337777405977249,0,,-0.04424521825351236,0.059678338204519385,0.9270071301522679,0.0034519633678521044,0.04009146345406532
3600,3,1314.2354578335912,1200,-0.0016382463188713019,-0.00027870600158686414,0.05646644905209541,0,,0.02940740480399727,0.022152227304000995,0.9563981659362025,0.0034797788492532144,0.0401813983602993
4800,4,1368.7002673236798,1200,6.0698176243053226e-05,-0.00010664763228470606,0.04496736079454422,0,,0.05177065406536928,0.03390416704451053,0.9486267039975704,0.0036105929262710856,0.040325459593645634
6000,5,1371.799011672369,1200,-0.0010528826279694605,-0.00022200003997484573,0.04667557403445244,0,,-0.07618937204748835,0.0342776678181786,0.9471433922162352,0.0031333045723482915,0.04000664390322949
7200,6,1438.7405948734186,1200,-7.01468470305453e-05,-9.932957924957711e-05,0.03630446642637253,0,,0.02269205989208456,0.048999118034536195,0.9369499277172989,0.0032588091242936002,0.040363095897195896
8400,7,1348.704334495287,1200,-0.002139144807000258,-0.0003592441443845879,0.05018123984336853,0,,-0.033910795583630755,0.03003615945874826,0.9506473196165458,0.0035041946986141587,0.04027641581603078
9600,8,1321.1932689633363,1200,0.0016426411184862165,0.00022083753367668977,0.05946822836995125,0,,-0.1557061119996666,0.021648036266489933,0.9555224986447013,0.003332654717930411,0.040236860406757356
10045,9,533.3943576733071,445,0.0097301808780017,0.0026643938425015704,0.05550354719161987,1,forbidden_ground_contact,-0.31782723702845955,0.04982707027845655,0.9129780913692063,0.02011346406500103,0.048684214544351054
10053,10,5.163073213917599,8,0.0013164923438877413,0.041392801889914864,0.06174728646874428,1,forbidden_ground_contact,-0.0637257680035826,0.35870189209852593,0.4773869031211306,0.7492429685224746,0.10382780741087913
10061,11,6.685288466951661,8,-0.0007379512515301022,0.04616061815288296,0.05163426697254181,1,forbidden_ground_contact,0.28878420738769467,0.3393304202366316,0.37962654342263324,0.24414761420519238,0.07871809781685432
10072,12,12.113570864568935,11,-0.0006694596855138882,0.008076900131620024,0.039699312299489975,1,forbidden_ground_contact,-0.11615269443326968,0.36647555908461604,0.5891494322006893,0.4092455393637941,0.13933232429720102
10119,13,83.8048121582885,47,0.011528787869596598,0.022482485109688467,0.06589208543300629,1,forbidden_ground_contact,0.012753535694954587,0.25550952091900303,0.5499469284807673,0.20056009323548793,0.1598175174195891
10127,14,10.292212488522921,8,0.000993562864152097,0.04630628537769854,0.05434964597225189,1,forbidden_ground_contact,0.6002755335979508,0.4393281375115037,0.33393753363147116,0.27184279118788385,0.09048964901377193
10140,15,-11.422411114297427,13,-0.007614489890582924,-0.08237565368409175,0.06385914236307144,1,forbidden_ground_contact,0.465697479685352,0.0,1.0,0.15069376274221685,0.13739244851280993
10150,16,16.05572817126878,10,0.003469843159018409,0.06375208276220481,0.0552913136780262,1,forbidden_ground_contact,-0.027146982318493815,0.41507011319962206,0.3078688881039135,0.11781083562668479,0.11174958800842569
10161,17,-12.496348555942054,11,-0.003113771541325845,-0.08813616614816738,0.05741710960865021,1,forbidden_ground_contact,-0.2917737281403893,0.0,1.0,0.33102029724399834,0.10792016136360569
10172,18,5.924504493353469,11,-0.0005730640745752561,0.03166804237893811,0.06997687369585037,1,forbidden_ground_contact,0.4133251939148998,0.16714667561947236,0.5518689052398468,0.33218603906748184,0.12191710213028838
10191,19,21.432991609663482,19,0.0034042361165401965,0.017871741336584458,0.06902382522821426,1,forbidden_ground_contact,-0.035665995534562525,0.20299184295805406,0.6352581309151848,0.2257093914022184,0.15605420234165637
10200,20,-13.786295385003209,9,-0.001170567194836476,-0.048941389856603554,0.06017085909843445,1,forbidden_ground_contact,-0.4359187909008635,0.0029198449988487142,0.9881892138482211,0.7278360900761602,0.11550115164979695
10208,21,-10.497920584886824,8,0.00016428001932211676,-0.022779839919172856,0.06408581137657166,1,forbidden_ground_contact,-0.45505652817983316,0.0,1.0,0.17941077756692939,0.08907329104976786
10217,22,-0.40240574524143646,9,-3.285585071791596e-05,0.015918559272514735,0.051384031772613525,1,forbidden_ground_contact,-0.1413994377088019,0.17894406618072153,0.6843892828283521,0.42527761129367786,0.11655404964189724
10225,23,-6.354565343832282,8,0.0009716335317948121,-0.004229665343539362,0.052742790430784225,1,forbidden_ground_contact,-0.13665249867601054,0.05076142025767043,0.8956752781649306,0.11760937131090683,0.08906995917932922
10235,24,-13.519515185721868,10,0.0013481365558107865,-0.04270739733992833,0.03861980512738228,1,forbidden_ground_contact,-0.8335178552194756,0.0,1.0,0.7310623619530559,0.1301005718639737
10243,25,-5.164859359227498,8,0.0020763365241939155,0.0018078744493209582,0.05272669345140457,1,forbidden_ground_contact,-0.6064119989735699,0.11384125701284405,0.8535424385095259,0.5415230021531601,0.16182241761480842
10251,26,3.9451493502851296,8,0.0008905736884724273,0.026770777111583495,0.06931948661804199,1,forbidden_ground_contact,0.38221544481821224,0.28983695434956924,0.6027046510676043,0.3337324259627787,0.11450343246337807
10259,27,-11.304390425423392,8,0.00028369388549945795,-0.039917478895716035,0.06180929020047188,1,forbidden_ground_contact,0.042392193287310705,0.003047525778503578,0.9874340751060474,0.19726242067394348,0.09844935845416923
10267,28,-13.587471195919903,8,-0.0002528570996727604,-0.0413790814067487,0.0432865209877491,1,forbidden_ground_contact,-0.04193457798589088,0.0,1.0,0.8483707055634317,0.11853386267527463
10276,29,-7.885239381268116,9,0.0013637891194328408,-0.011934003909064449,0.05407987907528877,1,forbidden_ground_contact,0.09629179141529388,0.031846389304390724,0.9043749362466246,0.4749225359616119,0.1482277049785798
10286,30,12.421924468662915,10,0.002956543142804046,0.01904770943819644,0.03508903831243515,1,forbidden_ground_contact,-0.12932370470818494,0.37835007443058455,0.4642238909116023,0.6659834282371436,0.24433002681380916
10294,31,-7.164573885518536,8,0.0007034116599341843,0.00396303504534728,0.06699849665164948,1,forbidden_ground_contact,0.027856462340828853,0.018789757341079693,0.9148307551249799,0.4370833104059247,0.15127644297125475
10303,32,-11.524539480755115,9,0.001688679017635534,-0.024352283500347335,0.03559150546789169,1,forbidden_ground_contact,-0.08001730075621993,0.0038776591012189814,0.9943933615939664,0.24560578132764677,0.1442483063611464
10312,33,8.364037860252195,9,0.004218368925816273,0.052509934292708976,0.05122893303632736,1,forbidden_ground_contact,0.13755042324579908,0.28047636779972557,0.3911760238728989,0.257268340548108,0.12171633668449695
10323,34,-8.617884798734623,11,-0.0009115254132346483,-0.02252003481699936,0.060590267181396484,1,forbidden_ground_contact,-0.15853979421601874,0.016663705778889773,0.9581994485367002,0.29771154236614544,0.12110999091291301
10331,35,-11.881700763130938,8,-0.0010024794589920244,-0.043343141058806836,0.06748205423355103,1,forbidden_ground_contact,-0.19366618318107556,0.0,1.0,0.28868995591461555,0.14121461509416466
10338,36,-12.009885519227259,7,-9.284607823018078e-05,-0.022550077747035272,0.052480366080999374,1,forbidden_ground_contact,-0.47752948164457154,0.0,1.0,0.31586364656730487,0.08702466765436187
10347,37,7.899618722067214,9,-0.0004584392574372274,0.027839401241387864,0.03792471066117287,1,forbidden_ground_contact,-0.14226923151093124,0.3641558253099475,0.47351689214247616,0.5233613317371876,0.13649706977568893
10355,38,0.8501846031633313,8,-0.001428301403520304,0.03446905999943918,0.05368531122803688,1,forbidden_ground_contact,0.560574913692595,0.18693448820540048,0.4075519947788864,0.7747045660755977,0.09536407612470625
10367,39,16.775661936998475,12,0.009747221799647687,0.10087932347228197,0.06160972639918327,1,forbidden_ground_contact,0.12113802022935634,0.21020273514259624,0.24300680023118035,0.34992518504489173,0.11447903085029305
10377,40,11.81799900273509,10,0.006000077745932237,0.04220392821347254,0.035833291709423065,1,forbidden_ground_contact,0.40788535610345994,0.30991917475973507,0.4335146601760835,0.28866212130079394,0.13996053102407374
10387,41,2.818208598142931,10,0.004249643519009773,0.021377011046517416,0.06704729050397873,1,forbidden_ground_contact,0.4632440335253105,0.15579147762352263,0.679141216019372,0.3308653116512954,0.12379654860085224
10398,42,18.110250377116934,11,0.005752687019999982,0.04097387209423942,0.05299476161599159,1,forbidden_ground_contact,0.11099242113261158,0.4067082419127495,0.4332881723420767,0.3008353859156069,0.175619124965256
10407,43,4.218685392101232,9,0.0029616110715054537,0.06212412647905127,0.04873621463775635,1,forbidden_ground_contact,0.3243539228000964,0.10729635070160173,0.26413488584439904,0.5934941245957492,0.15819929688044246
10416,44,1.7057566000922577,9,0.00473071336185681,0.02241807217604637,0.06364480406045914,1,forbidden_ground_contact,0.16835441339331003,0.2382818840289213,0.6817004794510171,0.7496831719020196,0.15184146998641815
10424,45,-5.642978139279235,8,0.0018066024377609243,0.011360214496305275,0.04804861173033714,1,forbidden_ground_contact,0.3137854417641455,0.07956121373168944,0.7489225996089266,0.5104797827952557,0.09482956997955053
10433,46,-6.828697936906186,9,0.0021925391869292163,0.008681769011118012,0.0694679245352745,1,forbidden_ground_contact,0.19130200757002203,0.02896674408875948,0.8205324304507107,0.38212545161750733,0.09730421071753904
10443,47,9.145069045021533,10,0.0011468004896264142,0.07717760713532715,0.030472364276647568,1,forbidden_ground_contact,0.2234328799119735,0.17803546442673968,0.23629342766968783,0.41584216856813094,0.14075074883836475
10453,48,16.65856436540862,10,0.002221642715156806,0.03466019821853647,0.04573000594973564,1,forbidden_ground_contact,-0.01789237109865673,0.42485563138949595,0.30604642584235026,0.31933014432842244,0.1894259135432009
10462,49,0.298985761509007,9,-0.0024971046494238506,0.02166222243863787,0.06123675778508186,1,forbidden_ground_contact,0.18030286542306362,0.15532445779807305,0.6383377592284138,0.9029726441689634,0.16565781766180607
10471,50,6.530947530747834,9,0.00010973075836361539,0.0258145655339271,0.05940321832895279,1,forbidden_ground_contact,0.6395984573107616,0.3156688766730044,0.5654348955696172,0.5329884537459741,0.11409025902157577
10480,51,-7.2815839235396975,9,0.0012747539595494319,-0.005940608115332818,0.033814139664173126,1,forbidden_ground_contact,-0.1708097881086853,0.07115991579384423,0.8732638200890698,0.3077957636610143,0.09871718792044662
10491,52,17.178161262360742,11,0.0056504078679869086,0.05068563463054121,0.05566641688346863,1,forbidden_ground_contact,-0.5008175148556697,0.4063036554237147,0.36841637176775066,0.32517599056896046,0.14429848149522995
10500,53,-1.6197795598337805,9,0.001172373725987785,3.909607405747239e-05,0.04405398666858673,1,forbidden_ground_contact,0.2887589824396409,0.15570130571451982,0.8006669959124518,0.37163121124348186,0.2072286418973819
10508,54,-8.490225267590876,8,0.0036744690684836225,-0.0072233979439906395,0.057678282260894775,1,forbidden_ground_contact,-0.2621958928152974,0.019785330515993686,0.9372477156060501,0.22906662917355966,0.09464571610344077
10516,55,-12.571785228932347,8,0.0021390989508398885,-0.02626379461048278,0.061582326889038086,1,forbidden_ground_contact,-0.13980993884551932,0.0,1.0,0.6101378949390733,0.10801518455225474
10524,56,9.808448181788759,8,0.0011188673997888066,0.0352928411363716,0.05023857578635216,1,forbidden_ground_contact,-0.2211583303433481,0.45843918150162033,0.3885974899685622,0.23133640009057463,0.08838825405775579
10534,57,-0.9895449617739143,10,0.0015445765248122017,0.014455517706293613,0.049368541687726974,1,forbidden_ground_contact,-0.3434980843326173,0.10923700781785321,0.716176864855284,0.40481372789040015,0.10441732704946778
10544,58,12.199903347582048,10,0.0048932515209033425,0.10090889913305381,0.04189318045973778,1,forbidden_ground_contact,-0.26097491810363993,0.20759227293452098,0.14452611752578484,0.4621409774602537,0.12655359343131617
10553,59,10.163771481845336,9,0.0018396223263799113,0.037344827806399326,0.06017444282770157,1,forbidden_ground_contact,-0.5833205403591291,0.3933833631499056,0.4417316563346841,0.3628163430356335,0.0788741760868113
10562,60,6.992739971884898,9,0.0035642681603276455,0.03403878711585023,0.05817833170294762,1,forbidden_ground_contact,-0.5082967719512933,0.2600873447664171,0.46766394447506876,0.2906517217581419,0.14085086388946585
10571,61,14.730087397194357,9,0.0008850551868321831,0.02941613264738957,0.04131918027997017,1,forbidden_ground_contact,-0.9863955496963198,0.5252987960264913,0.3839627894168921,0.5089809631192396,0.12129908845000673
10581,62,-11.470250667965812,10,-0.0005646280557512964,-0.023237567604663147,0.05819493904709816,1,forbidden_ground_contact,-0.7888558921044798,0.0,1.0,0.7936888945479171,0.11628451844747587
10589,63,-1.627044741622214,8,-0.0003991713507207464,0.025546324915395286,0.03361435607075691,1,forbidden_ground_contact,-0.678668928788335,0.03927179165879436,0.37897587748020456,0.49782271568659514,0.09995933851359198
10597,64,9.403324077024568,8,0.0013897080545143897,0.04337490775353603,0.04920123890042305,1,forbidden_ground_contact,-0.502722390117595,0.45816638594334835,0.3937293037319845,0.8988968718294845,0.10580618325862343
10606,65,4.992180978790765,9,0.0029246122704254724,0.03277502843215309,0.060592517256736755,1,forbidden_ground_contact,0.23247609228709432,0.27016321789316544,0.5768171458578952,0.9625982742330513,0.1447569714792691
10615,66,-0.870911996820519,9,0.002946668580706717,0.024608610492528795,0.053234852850437164,1,forbidden_ground_contact,0.27921187146439286,0.08892533233005763,0.6056845770233932,0.46669336551091095,0.10560369627760402
10626,67,3.5979098043327173,11,0.004429947251833865,0.035881038897123636,0.03284675255417824,1,forbidden_ground_contact,0.6585740716315185,0.1005808114743242,0.5395497819085784,0.5491477783664285,0.199625509892033
10634,68,2.378639429137279,8,0.0020717100812772307,0.016974980716116368,0.03029392473399639,1,forbidden_ground_contact,-0.06378262561003774,0.27973111776336684,0.6276183312552734,0.2896916085047311,0.08225717981326079
10642,69,5.436162930054747,8,0.0034841743559279386,0.09872217523111579,0.03937182575464249,1,forbidden_ground_contact,-0.6449240273868305,0.2575219005934277,0.19028485323065425,1.0356667226126066,0.10993484198588105
10649,70,-2.076277017096226,7,0.0030568193335628706,0.01797800033143366,0.06676888465881348,1,forbidden_ground_contact,-0.35517415509295974,0.18913837053165553,0.7182489648414146,0.2581617899393393,0.0879341786282045
10675,71,58.637752693374935,26,0.02376708879649584,0.07787431650512766,0.03941900655627251,1,forbidden_ground_contact,-0.5474606036379009,0.2718239184566832,0.14787162347348265,0.6914815781750789,0.21177724012847055
10688,72,23.582314216813373,13,0.006306521266954008,0.03924195811645713,0.05615892633795738,1,forbidden_ground_contact,-0.1431167085236394,0.4057934900220928,0.3634925267065499,0.4828972278083864,0.24454730566928953
10697,73,-1.1930054639882943,9,0.0018013078952198865,0.023337417775283864,0.06912171095609665,1,forbidden_ground_contact,-0.2020541365568853,0.0839923668915358,0.6623720983630637,0.4520169833943558,0.14031099261581653
10707,74,-8.77647082209421,10,0.0015900058452000489,-0.0196296724013432,0.052971892058849335,1,forbidden_ground_contact,-0.25828451381553835,0.020669255840707144,0.9563927799116974,0.35628933660688983,0.11406126004194221
10716,75,3.4838291218934216,9,0.003032317483036559,0.01744193490636173,0.05172266811132431,1,forbidden_ground_contact,0.729747216590886,0.2645935444374302,0.6169671590953213,0.5901377371480866,0.1665323057611063
10725,76,8.36764483131629,9,0.0025365620701009277,0.05827386887029265,0.0686778873205185,1,forbidden_ground_contact,0.757047434139283,0.3431650087571679,0.3590046691506524,0.5628180809082445,0.14730685091496187
10733,77,-11.400958510501207,8,0.0002424453416120249,-0.007458328520231412,0.056236617267131805,1,forbidden_ground_contact,0.5729237104707484,0.010435517271388086,0.9642363030256229,0.5758210560014855,0.10620812235689403
10741,78,-4.838526278152845,8,0.0002452010276139706,0.010268277558197349,0.03482309728860855,1,forbidden_ground_contact,0.6724936182230201,0.13326542071098957,0.703617602456529,0.813234457489099,0.08499238993801006
10751,79,3.5517685336628393,10,0.0027914061576167766,0.0692966175725753,0.06491222232580185,1,forbidden_ground_contact,0.8357801341393636,0.047335567061286686,0.23031618905668044,0.684490218887803,0.13974922596803324
10761,80,4.603001999770235,10,0.002133398364331821,0.08711489872060482,0.06582923233509064,1,forbidden_ground_contact,0.2819653762087343,0.12626284223512751,0.3295291195529818,0.8750509109566039,0.18939277526982734
10769,81,-2.678303240770923,8,-0.001255957607280558,0.016281142052155417,0.06447300314903259,1,forbidden_ground_contact,0.044945705448665524,0.10380592561665554,0.6840582272481566,0.3374102196854933,0.12114340733931761
10777,82,2.5256819985079417,8,0.0001594866965038762,0.05798258233570877,0.03502613306045532,1,forbidden_ground_contact,-0.8273361521516037,0.17268047999804464,0.24281768943371845,0.5875928343864338,0.08916518152183836
10785,83,3.56162768247923,8,0.002156343599142206,0.06332673050060218,0.04769129306077957,1,forbidden_ground_contact,-0.5585801168286553,0.11160761467364487,0.19585684779755946,0.2862581243833575,0.10921257179939997
10793,84,5.699740367414279,8,0.0036787234110815066,0.08951843384581495,0.0422852523624897,1,forbidden_ground_contact,-0.35622341404214497,0.18093004878441848,0.18652315937788738,0.7665045682964639,0.13587978899491393
10801,85,9.308971277129933,8,0.004607598630984571,0.0918297075187578,0.06012631952762604,1,forbidden_ground_contact,-0.13968930370239657,0.2537413282709901,0.22083110627073615,0.23190887290349163,0.12357923836851922
10808,86,5.388167011786692,7,0.0027569461679913987,0.07585482053580006,0.05909234285354614,1,forbidden_ground_contact,0.046816135954516974,0.26804514455136685,0.291907470397167,0.363979609741654,0.11564041677509283
10816,87,0.9432291704578404,8,0.004688137223349034,0.027151133410977114,0.04803798720240593,1,forbidden_ground_contact,0.24249089643264055,0.20319855164670197,0.6004034013163987,0.678893255978646,0.1347003842692364
10823,88,5.115812245528048,7,0.0049749489492996925,0.08169630602826124,0.06847263127565384,1,forbidden_ground_contact,0.10328947981758509,0.2642864105990599,0.3112133449293716,0.7160870094881607,0.14699925946082296
10831,89,-5.906779144809057,8,0.004913148951360281,0.0093823708850513,0.06641649454832077,1,forbidden_ground_contact,0.5394340764900876,0.02884459337947216,0.8039817164454942,0.32273536396092956,0.153640701347498
10840,90,0.6828980854082545,9,0.004547155027179711,0.020178763317026324,0.04028568044304848,1,forbidden_ground_contact,0.3057917070261018,0.19619336856896077,0.6302504536038084,0.8361352301536179,0.10281549823248716
10849,91,7.33962561906972,9,0.006109930760870358,0.07952657202806564,0.041948940604925156,1,forbidden_ground_contact,0.4250416491128615,0.21013822194458304,0.2605198779697209,0.6340779153548086,0.1010877410818167
10858,92,5.844936921814806,9,0.0029307571225484857,0.0229657041979135,0.03529805690050125,1,forbidden_ground_contact,0.8165286757078358,0.31990403659286737,0.537323799843723,0.51322744036298,0.06855549340905513
10867,93,7.19328826609399,9,0.0036513842632294995,0.07129222445056953,0.06283117830753326,1,forbidden_ground_contact,0.00041412335932305576,0.24818923448639119,0.373950832313943,0.6295602525199375,0.0932406386908321
10875,94,9.349791501283914,8,-4.4172654415504733e-05,0.0478098660325607,0.06475206464529037,1,forbidden_ground_contact,0.2665235891869923,0.43507592064831846,0.29511608214280266,0.5912339451244392,0.13855649511753623
10884,95,-10.975632137506484,9,-0.0005430607958159768,-0.017331796879813545,0.051569223403930664,1,forbidden_ground_contact,-0.4688766302565687,0.006879296626276432,0.9832389097510368,0.4740858988532832,0.09280001704353381
10891,96,1.5319493005810614,7,-0.0001965963712588924,0.034721512458161914,0.05114763602614403,1,forbidden_ground_contact,0.2221250778092343,0.20169539675924678,0.3780360904633667,0.6591317740054248,0.13226363581484238
10899,97,1.9298324397424818,8,0.0008221888089693086,0.023873384798589904,0.035170044749975204,1,forbidden_ground_contact,-0.4564058103495452,0.11956095118333801,0.39358218953488067,0.41351229456142125,0.10031560542845966
10907,98,-8.576669686373428,8,-0.00035728797613443123,-0.007920614384942052,0.06923923641443253,1,forbidden_ground_contact,0.7934451630140037,0.004228188595394562,0.9806195769605143,0.4227258763447527,0.10689501495199409
10915,99,-10.896734047641758,8,-0.0010975606468524876,-0.015209994488668862,0.03902609646320343,1,forbidden_ground_contact,0.2939853794693238,0.0,1.0,0.4174133118247373,0.0653936835279494
10922,100,-8.206386029888357,7,0.0006897931349556844,0.005724329378968237,0.062179774045944214,1,forbidden_ground_contact,-0.3792005029959128,0.039585791253433054,0.8769307564296256,0.45704902188185265,0.08543047841511218
10930,101,2.3400685408715276,8,0.00115123236763259,0.034645642384501955,0.04888225346803665,1,forbidden_ground_contact,-0.19831602379185487,0.17437592811616892,0.45564350463493103,0.26354587230869486,0.10031429141843307
10938,102,8.478879723673911,8,0.0010686298887475285,0.08898209551770098,0.05677920579910278,1,forbidden_ground_contact,-0.7625669758704814,0.27442564154822896,0.2031718981301258,0.4901613763086937,0.10389730885676182
10946,103,8.936375813893378,8,0.0019020099760799084,0.10155581505926212,0.06554014980792999,1,forbidden_ground_contact,-0.9155833883476823,0.27708787705801063,0.17797648359000237,0.6666151191548059,0.12779142291159862
10954,104,7.556465418706406,8,-0.000607375888632449,0.06954449084734127,0.058864861726760864,1,forbidden_ground_contact,-0.6744505444424874,0.29921605267445184,0.2777966134904579,0.6699006256707681,0.12309751997969906
10962,105,-0.2738111615098209,8,-4.321174838103219e-05,0.04070727793866777,0.04026466980576515,1,forbidden_ground_contact,-0.5986319531981111,0.054852885597202444,0.44958987577609577,0.39738975517820185,0.19021024569463119
10969,106,5.533949562643365,7,-0.0008717274209274771,0.061279204804674255,0.05732208862900734,1,forbidden_ground_contact,-0.5781493479550215,0.2989629679110032,0.2770462245756744,0.6039669933809587,0.1603753372382171
1200,1,1415.977676608371,1200,-0.0016426127752369555,-0.0002646145466508607,0.034581203013658524,0,,-0.04056000822376749,0.045671850204759806,0.9429764124656828,0.0024212707172070924,0.03910798731801205
2400,2,1419.6650825215338,1200,-0.0009692457899185593,-0.00023672812623088424,0.03337777405977249,0,,-0.03531967432873544,0.046230569499314346,0.9424327118226129,0.002344032446913965,0.03910921460144158
3600,3,1284.7247349040674,1200,-0.0013468707026371473,-0.0002569387857326991,0.05646644905209541,0,,0.027792971505298376,0.01682671469090711,0.9655062877967225,0.0023560017162515745,0.03917022898162542
4800,4,1326.6031225549657,1200,-1.2099445734060237e-05,-0.00011386953584470135,0.04496736079454422,0,,0.044826918662377625,0.025866316761014745,0.9596770667176028,0.0024033945450626544,0.03927780137868563
6000,5,1329.3626615588564,1200,-0.0010372695936546987,-0.0002224829898404583,0.04667557403445244,0,,-0.0627760166437803,0.026225093774944086,0.9583326831262737,0.002061291691387376,0.039053264855290815
7200,6,1381.9642392056012,1200,-0.0002128896570796116,-0.00010670458992256688,0.03630446642637253,0,,0.019345939369692224,0.037802932082457316,0.9504506592897284,0.002156125879628619,0.03932468964599447
8400,7,1312.281710841286,1200,-0.0018966046765443237,-0.00033679930634452655,0.05018123984336853,0,,-0.026338200409469492,0.023081605313212773,0.9608433419006672,0.002383566760408709,0.03924104796728201
9600,8,1293.273897496992,1200,0.0015253063624727217,0.00021010579618845177,0.05946822836995125,0,,-0.13377229642643915,0.016819153519403676,0.9644174612859312,0.002182272230277084,0.03921087144237249
10052,9,519.5256894150061,452,0.007032646967637096,0.0018580246335159175,0.05550354719161987,1,forbidden_ground_contact,-0.039396272690581685,0.041380638915773524,0.9297887280316257,0.012222920069620846,0.04623045123340905
10060,10,9.872903242670343,8,-0.0008744369622413517,0.043327187420879036,0.06174728646874428,1,forbidden_ground_contact,0.16879251243386179,0.47017081130060073,0.35789395257955114,0.42168182850308966,0.05852182581299913
10070,11,13.014324082300572,10,-0.00016647111917481418,0.05285297736046409,0.05163426697254181,1,forbidden_ground_contact,-0.1411815846901755,0.307060016138896,0.28743152927301424,0.29619888805965655,0.08574060353943197
10080,12,19.75581914678286,10,0.0019772310393096184,0.025320352235034444,0.039699312299489975,1,forbidden_ground_contact,0.06077569314276724,0.5340080060113552,0.39783789733774055,0.06053137414376571,0.06866498405730379
10088,13,-6.189524307948407,8,0.0002320826210672052,0.0037909065767071175,0.06589208543300629,1,forbidden_ground_contact,0.050455459737985785,0.021106968220359613,0.8255602197416728,0.1617204688453439,0.07391565994392181
10132,14,99.92917126106381,44,0.008846704509048025,0.030021117941072206,0.05434964597225189,1,forbidden_ground_contact,0.863699163720966,0.36967016032921285,0.4759165916027953,0.16331862454259358,0.13912832371192893
10140,15,-10.859925955801627,8,-0.0014270685873449575,-0.02979980584181106,0.06385914236307144,1,forbidden_ground_contact,0.2867803639284343,0.0,1.0,0.13517793482148047,0.07473879714155812
10149,16,10.36923473122937,9,0.0025215781666167838,0.07425576353867744,0.0552913136780262,1,forbidden_ground_contact,0.11101451124803818,0.29780261480756687,0.26967185187064974,0.2326041801928558,0.07904565518610014
10208,17,78.5101413818132,59,-0.007617375993729181,-0.012160326862052706,0.05741710960865021,1,forbidden_ground_contact,0.4442159988943077,0.23167373969034294,0.7257895586053554,0.2210960618216446,0.12016970682903583
10218,18,8.496238690493183,10,0.0003889553947505047,0.03414704666878963,0.06997687369585037,1,forbidden_ground_contact,0.7202600754444018,0.31549806623657045,0.5109672890376494,0.21403687194572124,0.08984179427854878
10231,19,24.75384824723669,13,0.0032561856653001635,0.04996124100096793,0.06902382522821426,1,forbidden_ground_contact,0.6204211724919612,0.36906855638866,0.296333209927475,0.1138706127126205,0.10743911140198273
10240,20,-7.468168374308917,9,0.0007237433211328287,-0.008652912464349691,0.06017085909843445,1,forbidden_ground_contact,-0.03164430523408991,0.025386112024888198,0.9231489638553553,0.16585137534801206,0.07636549249998442
10248,21,-6.332391613662924,8,-0.0006611556109247596,0.0054517834128852026,0.06408581137657166,1,forbidden_ground_contact,0.4706585908301325,0.021993794816361836,0.8800758420956123,0.08339322911153059,0.08207510791398494
10258,22,14.726462603214202,10,-0.0006056934725644258,0.04583771570529038,0.051384031772613525,1,forbidden_ground_contact,0.10409235438258417,0.36289904212165036,0.27211757535150716,0.20251366380178526,0.06820919936875078
10314,23,74.19767944792393,56,0.0053921057522463645,0.008543998549429874,0.052742790430784225,1,forbidden_ground_contact,0.6008619068302303,0.15327556357524383,0.6139044178855182,0.13579874233341416,0.12370526754420995
10325,24,-7.704220057156694,11,-0.001300726178294971,-0.017705823928413213,0.03861980512738228,1,forbidden_ground_contact,0.35051210350432555,0.05114252696769437,0.9239929982405471,0.31213334754014505,0.08008153873792762
10334,25,-12.032784547098101,9,-0.0007916343977076313,-0.03865352293370147,0.05272669345140457,1,forbidden_ground_contact,0.031091828950217584,0.0,1.0,0.4305852442570936,0.08355836169828595
10343,26,18.011553926790896,9,0.0009043197539194859,0.04731715577073857,0.06931948661804199,1,forbidden_ground_contact,0.12050543753176261,0.5837657112284491,0.3519407720067861,0.18794323696916335,0.0780453528478414
10352,27,6.065655256932815,9,0.0022107388763328638,0.02628750383226284,0.06180929020047188,1,forbidden_ground_contact,0.3887067395841434,0.3118286185574739,0.5938085318312174,0.15931692901763375,0.09213232924712672
10361,28,-5.250495082183783,9,0.001115555649492881,-0.0013463713129839914,0.0432865209877491,1,forbidden_ground_contact,0.3970231211156216,0.10071481882699501,0.8262725541580029,0.48231644022127107,0.09790531471928314
10371,29,-5.570368345967469,10,0.0007206977051310223,-0.004518908127067378,0.05407987907528877,1,forbidden_ground_contact,0.1051551042971519,0.04411931149722965,0.9146833540393754,0.3355631310434892,0.09823885705343183
10391,30,21.681031483344857,20,-0.0010870835658885279,0.0013338745032312176,0.03508903831243515,1,forbidden_ground_contact,0.3288395850206884,0.20782867232880342,0.6319016513721032,0.14299614723680804,0.12002451314382931
10402,31,-1.0077754341344658,11,0.0008539712502088656,0.011240609667425721,0.06699849665164948,1,forbidden_ground_contact,-0.06117997651304695,0.04980630321649053,0.7825772377662229,0.17891629612416557,0.1054704266808303
10410,32,-10.95153694027804,8,-0.00041830786587675336,-0.01370565498244893,0.03559150546789169,1,forbidden_ground_contact,-0.033995252071648656,0.011956740247439973,0.9747108598691692,0.3589887577235825,0.06892296837571714
10420,33,17.483138376834546,10,0.0011956208538511652,0.038220116109425335,0.05122893303632736,1,forbidden_ground_contact,0.03661242466476888,0.4519137541193783,0.3091889376104132,0.18349309140206654,0.12404559992692601
10428,34,-8.134885312884684,8,-0.00034539366090609915,-0.001985772050948589,0.060590267181396484,1,forbidden_ground_contact,-0.31540220903940436,0.005524265857798133,0.9307210092738836,0.3011654240650958,0.06358677902050505
10436,35,-8.360274824024533,8,0.0002638478332690754,-0.004104605285728978,0.06748205423355103,1,forbidden_ground_contact,-0.10285682649889044,0.009634854241775669,0.9065309459115277,0.1834147539753901,0.050583693778027905
10445,36,-12.261992889840887,9,-0.0013472990559471694,-0.030259001089988587,0.052480366080999374,1,forbidden_ground_contact,0.5052938128383438,0.0,1.0,0.29364788555681254,0.08606540645209436
10454,37,11.708289826247086,9,0.001789045808568587,0.033188855158522865,0.03792471066117287,1,forbidden_ground_contact,0.4850700455486306,0.3762548771283089,0.31512036170363544,0.2693276009743941,0.09249361334604983
10462,38,7.420515422801767,8,-0.0001234664782673736,0.04212039212002474,0.05368531122803688,1,forbidden_ground_contact,-0.05155532130071584,0.3684376895205317,0.40073138895101773,0.21841775677198524,0.061406273943775395
10473,39,17.788774826219438,11,0.003578160891158884,0.04932571901536833,0.06160972639918327,1,forbidden_ground_contact,0.4875301039295541,0.3651513641402504,0.3043131702710145,0.3112849564133698,0.11028453053965137
10482,40,15.990132218660712,9,0.0024387030935040573,0.0299194191789169,0.035833291709423065,1,forbidden_ground_contact,-0.2710732955267872,0.5182196531232911,0.3970575802311578,0.2869981398007062,0.17317525450997553
10491,41,6.726240148729498,9,0.00291052058325406,0.02747188177739541,0.06704729050397873,1,forbidden_ground_contact,-0.7032973438772119,0.3299043546078383,0.5848994955649793,0.3538231321045189,0.13522743390738
10500,42,15.44251757202086,9,0.0027339079420452372,0.04940758634954539,0.05299476161599159,1,forbidden_ground_contact,0.2093150448027764,0.45193029453642275,0.3517820352708791,0.1442216891990261,0.15573213115555176
10508,43,7.039189515337244,8,0.0008963900378155474,0.024474276963493084,0.04873621463775635,1,forbidden_ground_contact,-0.08843206573753913,0.3648907869584718,0.49782152602524116,0.32560924876937053,0.07827267482929318
10516,44,-10.419041836039698,8,0.0014709900510822495,-0.025386957624799658,0.06364480406045914,1,forbidden_ground_contact,0.498837002461089,0.0,1.0,0.3167883975224278,0.0968442338136584
10524,45,-11.975758303753945,8,0.0014659818394097074,-0.026963754927852357,0.04804861173033714,1,forbidden_ground_contact,0.29205488148506803,0.006932901386637625,0.980427870291052,0.4956122589806773,0.059915400658846936
10534,46,-5.359848203196789,10,0.0003619374487182398,0.0019199157248852318,0.0694679245352745,1,forbidden_ground_contact,0.02492880889115345,0.03724802144177667,0.8527226568135307,0.41200990855427755,0.08688352387499618
10543,47,7.624756767979722,9,0.003029276318835392,0.07959118935595971,0.030472364276647568,1,forbidden_ground_contact,0.05058782889924298,0.1734925106131692,0.27083297256652167,0.26815088213366794,0.09641269395874374
10552,48,-5.704333956482369,9,0.0009212075481013863,-0.0025853026117629704,0.04573000594973564,1,forbidden_ground_contact,0.1983271003935096,0.030771410948933948,0.931712648146639,0.3110489632264559,0.13150524223876492
10561,49,7.805775980928848,9,0.0037785751998286863,0.06848005258100777,0.06123675778508186,1,forbidden_ground_contact,-0.15979227893969086,0.21541395683798872,0.3530382679971834,0.3951355810559713,0.18088017791897915
10569,50,8.788868338615377,8,0.0029857931021373277,0.051325281376839144,0.05940321832895279,1,forbidden_ground_contact,0.0035381841070386707,0.33242140697696204,0.3002983856172481,0.4364498947075038,0.11234580017714027
10577,51,-8.419077317634812,8,0.003288746931047587,-0.0011510519863716043,0.033814139664173126,1,forbidden_ground_contact,0.08667503107609507,0.04774568841335189,0.906332171897358,0.9186422220782094,0.07630919411324542
10586,52,10.247073384906034,9,0.004873138690637227,0.05965604132852932,0.05566641688346863,1,forbidden_ground_contact,-0.09303756852623982,0.2772763668104474,0.3132923808033951,0.3477513058690293,0.08704503997629404
10599,53,9.802138634602812,13,0.008946451447984304,0.06850593755187345,0.04405398666858673,1,forbidden_ground_contact,-0.1503910536506941,0.026473170916724874,0.3529931926709574,0.13316550175090436,0.08644739170112022
10609,54,13.634216638426427,10,0.006635657063974495,0.05411742053530647,0.057678282260894775,1,forbidden_ground_contact,-0.0528552771123668,0.3405471475934821,0.3865051496851237,0.15561463423646088,0.07225321377115108
10619,55,-5.575368261507215,10,0.0028342007947315885,0.00225965512270353,0.061582326889038086,1,forbidden_ground_contact,0.0965050990577812,0.04675788188836363,0.8731015447136731,0.24668652345323688,0.08092257156592705
10627,56,3.257801043234693,8,0.0039875602102835825,0.0624218938540719,0.05023857578635216,1,forbidden_ground_contact,-0.08914236057838883,0.1856557514387227,0.40369464479356043,0.7404904311679655,0.10726448266715269
10635,57,2.969225813004499,8,0.0036433995895052,0.022704252187046088,0.049368541687726974,1,forbidden_ground_contact,-0.04535667551816684,0.2643268301147908,0.5777496091943477,0.39638359627278574,0.14739078929567132
10643,58,5.455468391061125,8,0.0025813431081746882,0.06475575911933688,0.04189318045973778,1,forbidden_ground_contact,-0.4803365788197331,0.19137523647615698,0.1825609191291864,0.5734500846800652,0.09256628538101483
10671,59,84.69795491779725,28,0.012778371610178495,0.06043608605484629,0.06017444282770157,1,forbidden_ground_contact,0.5998924287134475,0.4691361049691212,0.15218585448617464,0.25278890402002563,0.13585763314080906
10680,60,5.605045683090657,9,0.002918985003842666,0.031642028104332226,0.05817833170294762,1,forbidden_ground_contact,0.5908734179665432,0.21708053863452648,0.5377265817385777,0.20862644720669024,0.1214572053516597
10703,61,41.94496848316697,23,0.012087082887319071,0.0729406983498593,0.04131918027997017,1,forbidden_ground_contact,1.1214215787100972,0.15366729557281153,0.20597902000662177,0.2667846817130644,0.19210866814140506
10712,62,-2.5191946176399043,9,0.002616502565456806,0.022665138103588525,0.05819493904709816,1,forbidden_ground_contact,0.5538575753351773,0.01123966538298725,0.607544088670212,0.5064724856001384,0.14162187042271024
10719,63,-1.6526649395764537,7,0.0009266067907886987,0.043442285728931454,0.03361435607075691,1,forbidden_ground_contact,0.46320904245672956,0.0734815712320831,0.357680528648637,0.7738451852784313,0.08398093379140406
10747,64,52.80432823252957,28,0.010168390934630867,0.04073394480221122,0.04920123890042305,1,forbidden_ground_contact,1.921690178946554,0.14856053888144297,0.19839762871705527,0.3182918187506723,0.1465192968532791
10757,65,1.7659150536421375,10,0.0008140126926553154,0.01998890142892733,0.060592517256736755,1,forbidden_ground_contact,0.3769276674754937,0.11088611169379241,0.670109411022941,0.470635006958602,0.1180899616897932
10766,66,9.92196532625213,9,0.0020735984179250542,0.026400918718971683,0.053234852850437164,1,forbidden_ground_contact,0.342337797139833,0.37312345850248296,0.5150322865366592,0.22533287817260542,0.11502181102393615
10776,67,10.073203171490409,10,0.0040768308471371755,0.058132429459914425,0.03284675255417824,1,forbidden_ground_contact,-0.14206357120467292,0.16968882176583344,0.29912732712581364,0.4786724471738257,0.19305655776357428
10784,68,12.42863191820237,8,0.0018054269191187966,0.03418312970769402,0.03029392473399639,1,forbidden_ground_contact,0.2771374790579014,0.48654429729877363,0.2074415359103306,0.5734784350623737,0.10355758107494939
10792,69,6.132964109501675,8,0.0018335932320237983,0.09195903194064979,0.03937182575464249,1,forbidden_ground_contact,0.3506199284507633,0.21927129079420346,0.1445597218111595,0.6646364930567517,0.0819988119428373
10800,70,4.0748460991689885,8,0.0009681396315277691,0.045368011487396574,0.06676888465881348,1,forbidden_ground_contact,0.44252896522666296,0.21676029204282649,0.39564841908020126,0.44374919152028447,0.10364598956897181
10808,71,11.850962887123137,8,0.0018917819293016612,0.081408163986413,0.03941900655627251,1,forbidden_ground_contact,0.5587699420013957,0.3259644021507999,0.11257132939099714,0.2641148168280439,0.08280419834570932
10819,72,20.68878179354936,11,0.004158369804530993,0.07901040244174089,0.05615892633795738,1,forbidden_ground_contact,0.16098958827196644,0.3396658295043727,0.17514976064183965,0.3376264229389982,0.12327776842204505
10828,73,9.177297950079243,9,0.002475475089282707,0.050256731660275444,0.06912171095609665,1,forbidden_ground_contact,0.0026720621141163594,0.2580507372751014,0.38599680169702877,0.1534460926412312,0.11214501117730569
10837,74,1.2374895474995853,9,0.0005125607315838636,0.01831019876437675,0.052971892058849335,1,forbidden_ground_contact,-0.26936103733926614,0.17014678078416187,0.6575196616775544,0.251408152737954,0.09654584756589493
10845,75,-6.427408940973265,8,-3.797133073578363e-05,-0.002026853396058596,0.05172266811132431,1,forbidden_ground_contact,-0.4225497071208546,0.05817852148759447,0.9004483019117095,0.37445217887412796,0.12921288850800433
10853,76,4.206485477480115,8,0.0006461791450359342,0.04449741975409895,0.0686778873205185,1,forbidden_ground_contact,-0.28314928378154786,0.19003001856882826,0.36466520757999643,0.491992147814956,0.16651691025043802
10861,77,-9.697380928033127,8,0.0002342948618848093,-0.004805470664209453,0.056236617267131805,1,forbidden_ground_contact,-0.5330661624425596,0.024014571762863327,0.9361660880887323,0.5638266207324085,0.16311291064566738
10869,78,-4.855272859478732,8,0.001250569481548538,0.007722883214541989,0.03482309728860855,1,forbidden_ground_contact,-0.6318208714808065,0.06505813563160989,0.7168164075875274,0.5497460536547448,0.1612207006910621
10877,79,-4.829897160534184,8,-0.0014122664307563797,0.022329810113609194,0.06491222232580185,1,forbidden_ground_contact,-0.006584664017571845,0.0342864672423875,0.6559999076698901,0.7300653073300207,0.12028142780685305
10885,80,8.92109486106622,8,-0.0010590790102128534,0.036818904427118285,0.06582923233509064,1,forbidden_ground_contact,-0.07151932407108982,0.47180048743387726,0.45950891200027355,0.3291855718212659,0.08209518248756523
10896,81,24.727999824484503,11,0.0007949524613301712,0.048018120151902724,0.06447300314903259,1,forbidden_ground_contact,0.18533919701057905,0.5434420297110858,0.28319607475969377,0.21044053844774624,0.13912686309632533
10904,82,10.4662789718927,8,-0.0004880747219640091,0.03965947458727786,0.03502613306045532,1,forbidden_ground_contact,0.6320251790252971,0.44959615011594456,0.22806880838717747,0.6222528157063507,0.06845098887910966
10912,83,7.2409100316773305,8,0.0001486374762215719,0.03445100964378559,0.04769129306077957,1,forbidden_ground_contact,0.23469707446895618,0.29041051424203956,0.3160966429760531,0.17701649376548628,0.09061449552584691
10920,84,10.022110177818021,8,0.0007004765377109768,0.04372437952099357,0.0422852523624897,1,forbidden_ground_contact,0.8426973493840094,0.45165092147282176,0.36158858837044167,0.4275029155199343,0.10130630589348989
10927,85,12.301781682980913,7,0.0007462199339362378,0.0464251759919303,0.06012631952762604,1,forbidden_ground_contact,0.4552904419092178,0.5978444905734966,0.25867709617670387,0.38776972786652303,0.12828767162460958
10935,86,11.071380657047577,8,0.0005009546982822225,0.06983375272277882,0.05909234285354614,1,forbidden_ground_contact,0.4826955352243683,0.37450166704558474,0.19654852356118058,0.5728993893064407,0.10085244743434026
10942,87,-3.750540599954533,7,0.00017404569981756572,0.019534806720403804,0.04803798720240593,1,forbidden_ground_contact,0.06157213913771667,0.05415830602591487,0.6134608242421554,0.6893403301195216,0.12019431944575198
10953,88,16.788054171339738,11,0.000756708350447412,0.0516727876798839,0.06847263127565384,1,forbidden_ground_contact,0.3377174018078033,0.2710363018119194,0.24535120179443004,0.42623094473185186,0.20430098077844533
10960,89,-5.206047932570466,7,0.001238939186142251,0.0040809949750093034,0.06641649454832077,1,forbidden_ground_contact,0.019118838302067398,0.11291910392249184,0.8382630385572624,0.5860539231284773,0.12935624085585956
10967,90,-10.877519710199474,7,-0.0003693456810133245,-0.009068873354811153,0.04028568044304848,1,forbidden_ground_contact,-0.1583641661438404,0.004727888901050579,0.9862019944315856,0.912623456692274,0.09151183810471943
10975,91,5.4669978676023465,8,-0.0003519872537720263,0.05144159962968112,0.041948940604925156,1,forbidden_ground_contact,-0.11213157411464547,0.2121788557568785,0.31656536169026706,0.4887773573291457,0.13453580949220478
10983,92,-9.258777234104578,8,-0.0006327937057453937,-0.012909051453218781,0.03529805690050125,1,forbidden_ground_contact,-0.040519510656668076,0.010847819914322125,0.9754111969182763,0.4318897423377151,0.14194400178068262
10990,93,4.153219468561196,7,-0.0013601519597688369,0.03354860366885208,0.06283117830753326,1,forbidden_ground_contact,0.1779871269974555,0.33240891973041287,0.45110500737676035,0.5088287309437386,0.11544947152762454
10998,94,0.9686494774386922,8,-0.0013090157801331384,0.02912614600745605,0.06475206464529037,1,forbidden_ground_contact,-0.3537728672657705,0.16491115388879507,0.5501897143749899,0.5543962232303625,0.09037070499889463
11006,95,-11.07343297185803,8,0.0005410941022743932,-0.020983688269617287,0.051569223403930664,1,forbidden_ground_contact,-0.08872201925211362,0.0013906944904432913,0.9504495332228085,0.3933585198159516,0.07791192523369972
11016,96,11.271728056165225,10,0.0006081282487754292,0.057364538137694286,0.05114763602614403,1,forbidden_ground_contact,-0.31846749642608885,0.15024506527603373,0.21375216370876818,0.11285759462417182,0.09812435494524435
11024,97,15.504823865429302,8,0.001034779824167652,0.04581879079021981,0.035170044749975204,1,forbidden_ground_contact,-0.20913434936214273,0.49280324822206806,0.17166355206749706,0.12778647466099433,0.10560437764026881
11060,98,93.49278635288483,36,0.01932973473873568,0.061263162548584105,0.06923923641443253,1,forbidden_ground_contact,0.08267879018120236,0.38802590236232404,0.3583282259252544,0.3744331864186121,0.1462633026237748
11068,99,0.2581887630154789,8,0.0007751136060806252,0.0256697892656946,0.03902609646320343,1,forbidden_ground_contact,1.0440914198030393,0.16129033553983702,0.5431046957359529,0.6513114926695044,0.1322155081717088
11075,100,-9.97661630106975,7,-0.0002850982622877581,-0.006505640754014589,0.062179774045944214,1,forbidden_ground_contact,0.5178218663794597,0.001257983230157026,0.9934663419451571,0.40425616265401193,0.07420159419744395
11083,101,-8.074163670593986,8,-0.0002677406768033995,-0.004497127893319672,0.04888225346803665,1,forbidden_ground_contact,0.718702108948731,0.03561601325625686,0.9187108250075497,0.2848570128031393,0.0889326242673869
11091,102,6.325313055726424,8,0.0012511424890925282,0.07210674310928442,0.05677920579910278,1,forbidden_ground_contact,0.419047254574418,0.24725051572579562,0.3441329069398974,0.2432823732226543,0.12010183031247561
11111,103,33.05350932869557,20,0.008486784591907466,0.0978237093518444,0.06554014980792999,1,forbidden_ground_contact,-0.3806567218363633,0.1407358114732504,0.10574685160719939,0.5062504556075428,0.21436030844174686
11123,104,23.041468755005504,12,0.00025628637151831404,0.05734209191665753,0.058864861726760864,1,forbidden_ground_contact,-0.315320995394865,0.3898685089121255,0.20010564854591575,0.6659016776929495,0.16618963864790234
11131,105,-3.1137692150256804,8,-8.871391545429085e-05,0.019080295571067322,0.04026466980576515,1,forbidden_ground_contact,-0.3202945740058456,0.03964045156578562,0.5764422367496593,0.5703176737275336,0.10798707823390308
11139,106,10.488877203558754,8,0.00035045806953965165,0.046283841476476587,0.05732208862900734,1,forbidden_ground_contact,-0.512328700498531,0.4378741584570972,0.37694740864357335,0.2339648578599607,0.09653509245063523
11148,107,-0.11347366405978043,9,0.002034397058512674,0.012871809904284801,0.05387352034449577,1,forbidden_ground_contact,-0.09146583226740819,0.11756411118553922,0.7172634994046048,0.3661717812207435,0.11566847956186087
11180,108,73.8235171735181,32,0.01194353006354894,0.03789141164697818,0.0462900772690773,1,forbidden_ground_contact,-0.0016623682641437921,0.34380193626342165,0.3963120324796091,0.31487431372122704,0.1441696373537
11191,109,27.280151626998908,11,0.00488574910438091,0.04335288867190224,0.042990267276763916,1,forbidden_ground_contact,0.16381726577922923,0.5696038784467945,0.20628402836526769,0.4209406242674293,0.0847218433580971
11200,110,5.643500540766194,9,0.0014114638892519893,0.019102141816326537,0.04042069613933563,1,forbidden_ground_contact,-0.7339777210838814,0.25523333450064656,0.5429275036040572,0.47157808530595546,0.11074523216536086
11209,111,-1.3851712351927379,9,0.00213322144127307,0.022738765167274955,0.03231056034564972,1,forbidden_ground_contact,-0.6071858818570297,0.054485250810066034,0.4989966280107903,0.5077465090997634,0.08789159626711604
11218,112,-7.382951653617849,9,0.003572913181229012,-0.01246213191619578,0.04476570710539818,1,forbidden_ground_contact,0.0716727305094215,0.05321109512485993,0.8930636631554341,0.38692189392823445,0.14578917474238115
11227,113,11.706259850446502,9,0.003457812709369578,0.03264552097877151,0.06585520505905151,1,forbidden_ground_contact,-0.20874785176326277,0.38534793846309207,0.5042833368314372,0.2628286515750115,0.10361508947285442
11235,114,-7.390774694021758,8,0.0027612697600257283,-0.005005046063066112,0.0668933242559433,1,forbidden_ground_contact,-0.08845318071042467,0.0077626362644921815,0.9778456340703041,0.638628765755872,0.222028810126937
11245,115,-7.060067552469026,10,0.0038040943495279388,-0.010274238778994919,0.041595667600631714,1,forbidden_ground_contact,-0.17762088447493538,0.0,1.0,0.34543841292526273,0.15276667914868522
11253,116,-7.679005607233965,8,0.0006500421623107184,0.0028631258693177304,0.05125286057591438,1,forbidden_ground_contact,-0.374755607029573,0.07673519751315237,0.8591369054396072,1.1058026710356628,0.08455815676902338
11284,117,45.93249546289015,31,-0.0009286670949946551,0.0069658382615128455,0.06134122610092163,1,forbidden_ground_contact,0.3333433824776589,0.25123260141687914,0.6845994255896161,0.19721677309685254,0.11149267232805793
11308,118,20.32316876010618,24,-0.005331693467104524,0.0027098506458689115,0.06330029666423798,1,forbidden_ground_contact,-0.3015055860036799,0.1271576952623034,0.7951785795635565,0.2620409664391641,0.08978018315806884
11316,119,16.628142574098444,8,0.00011966630310691797,0.034113307313359514,0.03432512655854225,1,forbidden_ground_contact,-0.12283526367672984,0.5810853623828268,0.2294984011203548,0.15518288355448914,0.07693179350185539
11324,120,0.18417978495509146,8,-0.003292718867350399,0.01159044623724691,0.04196556285023689,1,forbidden_ground_contact,-0.5563559596407041,0.26503277027007865,0.5757834770586243,0.9426842957807824,0.11374784803065882
11338,121,-0.8844685497538265,14,-0.00294911547084647,0.0015141766715962726,0.06378223747015,1,forbidden_ground_contact,-0.3681292420304494,0.021747456036117562,0.9295987440293091,0.16739957766018465,0.09853914001773038
11360,122,-4.024346984922189,22,-0.009389150115211275,-0.022070564436754033,0.04806742072105408,1,forbidden_ground_contact,-1.289335280851369,0.0015736353305476202,0.996992740226397,0.4984479635628211,0.2067984722665057
11372,123,20.4190144083895,12,0.004108298487633969,0.0874170729864256,0.05331127718091011,1,forbidden_ground_contact,0.36781897095109517,0.22852097029035198,0.1412268647059449,0.2569436949896157,0.08261551592880784
11380,124,-3.8808116945142155,8,0.0009242922414368616,0.011910224674162565,0.06780317425727844,1,forbidden_ground_contact,0.28871992086722403,0.07993179403933096,0.801143908033322,0.24955023972370916,0.06814690933053297
11411,125,55.34714284255837,31,0.0042141720242191245,0.008730826896837109,0.03173327073454857,1,forbidden_ground_contact,-0.7409627717030378,0.29776766847250064,0.5645483668639293,0.23251059319117334,0.1501854462202188
11421,126,9.747073420618749,10,0.0024768408622472637,0.05410990611011986,0.05491436645388603,1,forbidden_ground_contact,0.10818620122917423,0.1332625694749478,0.2311956829812468,0.3433205054697911,0.08645198353107633
11429,127,7.863083752883391,8,0.0005367556502688954,0.028092679155122507,0.049165405333042145,1,forbidden_ground_contact,0.5571032507335817,0.3949993325719586,0.4609250804229608,0.3715064070429447,0.08280169946574323
11438,128,-2.7824312427116276,9,0.0014826792196800077,0.0071258816452203465,0.05585264787077904,1,forbidden_ground_contact,-0.09930468775534812,0.12086045156172918,0.7813915879127046,0.6357465119719481,0.09362688763250872
11446,129,14.914144782116704,8,0.001806139911743488,0.050364065244846476,0.03781500086188316,1,forbidden_ground_contact,0.5574077814593512,0.5263100630651133,0.135464012443333,0.8023724278312844,0.09128397886123721
11455,130,10.320665066851953,9,0.0020223142247746306,0.03395882784106137,0.0449557825922966,1,forbidden_ground_contact,-0.4283220964755824,0.2997978836020541,0.3637736724246974,0.41070538792711875,0.11191593737234763
11463,131,-10.029685615185866,8,0.0007580640805907202,-0.010251984168194193,0.03209209069609642,1,forbidden_ground_contact,-0.2010616505377641,0.03020929230536732,0.9324681639122379,0.552528769330483,0.06858005855727689
11473,132,13.538260770647241,10,0.003058972226565036,0.07074467599789953,0.031243644654750824,1,forbidden_ground_contact,0.25291533921106113,0.2551158931724523,0.18159476496280053,0.3918200165262472,0.09163459227599473
11482,133,20.721955019481307,9,0.0015013072728914051,0.04367225031626788,0.053057920187711716,1,forbidden_ground_contact,0.13458186292742405,0.6363344542729261,0.2248148381351588,0.6362069429077136,0.08043921136389331
11491,134,7.867839576301019,9,0.0015210635850652257,0.08660832272763677,0.06750129908323288,1,forbidden_ground_contact,0.21815072048439768,0.19441939191615737,0.23471533383280768,0.4549113308413456,0.07522451702367443
11500,135,7.652362064994305,9,0.00035350928160496716,0.030816149480574182,0.06110530346632004,1,forbidden_ground_contact,0.4157788053373069,0.28456495831722095,0.5027337380228688,0.1517461989353863,0.07519516527931985
11508,136,4.007614457386129,8,0.0013166530381152138,0.02552222995132493,0.046620097011327744,1,forbidden_ground_contact,0.47249137627982035,0.24470123225289278,0.4525487767294535,0.6472697900346797,0.09846462500127234
11516,137,-7.911687015297758,8,0.0013848692353973777,-0.0011157423944700114,0.06622340530157089,1,forbidden_ground_contact,0.26188680705800116,0.030922901874781618,0.9122140481262186,0.6117043610703172,0.05438037298556515
11524,138,-4.384379099662925,8,0.0009181935929992472,0.008468312226701703,0.050239644944667816,1,forbidden_ground_contact,-0.29277189470132664,0.10687480366010932,0.8201288048769955,0.23439492288045008,0.07538170642072606
11554,139,30.22955152509104,30,0.005422005350888324,0.00507939100412026,0.06316207349300385,1,forbidden_ground_contact,0.34569495363416414,0.11975962867048265,0.7325209279385556,0.22749876609569322,0.08873999845561217
11563,140,-4.440737241474019,9,0.0016241877866597018,0.006184982378941132,0.06453735381364822,1,forbidden_ground_contact,-0.156722992334033,0.06083581858319975,0.8271725286369096,0.1917026975775893,0.07788120348892237
11572,141,10.714626033998517,9,0.0036357661005782913,0.0761510777304427,0.04963138327002525,1,forbidden_ground_contact,0.2770589705499349,0.24925984742737706,0.22855128869506075,0.18912702382411364,0.07467372714575155
11580,142,-6.971115688903797,8,0.0021184946555909733,-0.009489924447036653,0.032758112996816635,1,forbidden_ground_contact,0.2777510258262268,0.08453370398086718,0.8519169706538225,0.2607820433407397,0.06388413276714373
11587,143,-9.285198272206356,7,0.0023079008152711946,-0.007634652926201256,0.058218128979206085,1,forbidden_ground_contact,0.4023655648380019,0.01268669474592771,0.9611689896630635,0.4348564159593731,0.07257529427377782
11594,144,-8.246715591051585,7,0.0015182238405663465,-0.0017046772671583529,0.057022418826818466,1,forbidden_ground_contact,0.08303826962393819,0.03886652462771526,0.903512843449832,0.48717938277137235,0.06516899312203725
11602,145,-9.799138729984133,8,0.00011705569037809011,-0.014028053097575639,0.05936752259731293,1,forbidden_ground_contact,-0.4732792983310013,0.005617761602809174,0.9827244918353385,0.3498779873811803,0.0816060990616128
11610,146,-0.6033703592420459,8,0.001461951469861268,0.008769559905819659,0.0494670532643795,1,forbidden_ground_contact,0.001982686802158754,0.16392309579024117,0.7837517925773662,0.3038911219629584,0.06582124303389593
11623,147,13.13222389523055,13,0.0034397201582580987,0.04160749018309959,0.06600044667720795,1,forbidden_ground_contact,-0.6188037774723296,0.12248978094160295,0.36958772246612853,0.23690965865367716,0.12150096535604887
11632,148,1.2628855784381798,9,0.003223141000307402,0.01500773082900176,0.05961443483829498,1,forbidden_ground_contact,0.19773648137346048,0.1808196585367398,0.7482534139660513,0.4371848296298041,0.13130777888565404
11640,149,-9.807084748019303,8,0.00035316837025691134,-0.014312937039484257,0.06711933761835098,1,forbidden_ground_contact,-0.1507402603836438,0.0014642417624180643,0.9937116836558649,0.17809501548616152,0.06926725431607943
11677,150,57.701532143262895,37,0.0017691417687040792,0.00632018130534538,0.05170755460858345,1,forbidden_ground_contact,0.28745848776134897,0.2522556616535643,0.6749738320809413,0.12897359346256504,0.09635744697220393
11686,151,7.8989514314683715,9,0.0019031901427499038,0.014917511117929364,0.03292972594499588,1,forbidden_ground_contact,-0.48813738889337477,0.30378618280838204,0.5622484135039305,0.09257080289912768,0.07838529454723427
11697,152,28.74410747765433,11,0.0057581279177798695,0.037720485579516044,0.046709030866622925,1,forbidden_ground_contact,0.3906430624746424,0.6137885672570979,0.27925506913386067,0.15201464266748238,0.13705049613356765
11705,153,-9.351772706733211,8,0.0024447566623941844,-0.009772040139474534,0.03097429871559143,1,forbidden_ground_contact,0.0976490129873349,0.017551804298330087,0.9513800490432285,0.4247309062525129,0.09373893793079596
11714,154,14.119136525520819,9,0.0035407397268431146,0.06801023846953852,0.03612636774778366,1,forbidden_ground_contact,-0.3781124245852384,0.31756805979869335,0.14609321389733265,0.16149496454878662,0.06746905551830909
11722,155,-1.2057201746965838,8,0.0020346305589643556,0.007036304157085707,0.03150758892297745,1,forbidden_ground_contact,0.32709923318305056,0.1319752519186504,0.7674724450853746,0.10848950009610536,0.09607364445297975
11731,156,8.875562082061007,9,0.0025121596594402705,0.060441765503962436,0.045434437692165375,1,forbidden_ground_contact,-0.29730821616881453,0.25257578733843655,0.293358131757089,0.3828033355567586,0.11231728811107411
11741,157,24.552926142975416,10,0.004264245431245137,0.05583338966499539,0.060950446873903275,1,forbidden_ground_contact,0.5127372870769438,0.5944568395432064,0.2144040472086146,0.2719652961098752,0.14145567333650608
11749,158,12.06286649425346,8,0.002420936095351122,0.026488372380272365,0.030177980661392212,1,forbidden_ground_contact,0.21769645139515784,0.3959222751477846,0.18790366933284064,0.4292153851191155,0.10159268374713992
11759,159,12.232735357155144,10,0.0016784665596588219,0.03634487645003735,0.036467600613832474,1,forbidden_ground_contact,0.22167886900153697,0.24291634271461948,0.27767297060426127,0.29835218596490176,0.153232721319991
1200,1,1415.977676608371,1200,-0.0016426127752369555,-0.0002646145466508607,0.034581203013658524,0,,-0.04056000822376749,0.045671850204759806,0.9429764124656828,0.0024212707172070924,0.03910798731801205
2400,2,1419.6650825215338,1200,-0.0009692457899185593,-0.00023672812623088424,0.03337777405977249,0,,-0.03531967432873544,0.046230569499314346,0.9424327118226129,0.002344032446913965,0.03910921460144158
3600,3,1284.7247349040674,1200,-0.0013468707026371473,-0.0002569387857326991,0.05646644905209541,0,,0.027792971505298376,0.01682671469090711,0.9655062877967225,0.0023560017162515745,0.03917022898162542
4800,4,1326.6031225549657,1200,-1.2099445734060237e-05,-0.00011386953584470135,0.04496736079454422,0,,0.044826918662377625,0.025866316761014745,0.9596770667176028,0.0024033945450626544,0.03927780137868563
6000,5,1329.3626615588564,1200,-0.0010372695936546987,-0.0002224829898404583,0.04667557403445244,0,,-0.0627760166437803,0.026225093774944086,0.9583326831262737,0.002061291691387376,0.039053264855290815
7200,6,1381.9642392056012,1200,-0.0002128896570796116,-0.00010670458992256688,0.03630446642637253,0,,0.019345939369692224,0.037802932082457316,0.9504506592897284,0.002156125879628619,0.03932468964599447
8400,7,1312.281710841286,1200,-0.0018966046765443237,-0.00033679930634452655,0.05018123984336853,0,,-0.026338200409469492,0.023081605313212773,0.9608433419006672,0.002383566760408709,0.03924104796728201
9600,8,1293.273897496992,1200,0.0015253063624727217,0.00021010579618845177,0.05946822836995125,0,,-0.13377229642643915,0.016819153519403676,0.9644174612859312,0.002182272230277084,0.03921087144237249
10054,9,520.6144248605907,454,0.007241400617328984,0.001833467482471964,0.05550354719161987,1,forbidden_ground_contact,-0.10090330282923891,0.041198345352267914,0.9300980287891957,0.013178411090486042,0.046722908514109346
10339,10,446.0137164580555,285,0.007795033511168146,0.0032937019918034857,0.06174728646874428,1,forbidden_ground_contact,-0.27696152025651105,0.1888409470932545,0.6892823161089142,0.12839486543020392,0.1332598121618995
10496,11,259.47497688234625,157,0.014032962188278411,0.011741699322531392,0.05163426697254181,1,forbidden_ground_contact,0.5859648340930959,0.1982407232557275,0.6703866548789675,0.11480737754070872,0.1275539618552231
10547,12,131.42944710677645,51,0.01381768686929133,0.03289163364017052,0.039699312299489975,1,forbidden_ground_contact,-0.6867939360580437,0.3886666647394247,0.36270146391951,0.16724145840926652,0.12681299202647606
10587,13,54.629858377499765,40,0.008632915377421828,0.02244373830080923,0.06589208543300629,1,forbidden_ground_contact,-0.563919159461565,0.1605848010961402,0.6277044085850922,0.2244786845868833,0.1185373730148076
10626,14,85.0145038751817,39,0.009245942203469904,0.0361219302234757,0.05434964597225189,1,forbidden_ground_contact,-0.09133336605894193,0.3385180882755348,0.40311005048284615,0.1720072314016811,0.1380767227918843
10670,15,75.93153056449395,44,0.010020360653527509,0.021923708174875094,0.06385914236307144,1,forbidden_ground_contact,0.08901138689210095,0.2732571240438377,0.6114948901844289,0.23961179002523736,0.1523899083404028
10702,16,90.58273495437528,32,0.017415538434589345,0.06896793461037995,0.0552913136780262,1,forbidden_ground_contact,0.7497570836494317,0.39581237047947104,0.13494878568935448,0.3354005126539397,0.13518838998029908
10819,17,184.80538957510095,117,0.01267145752210581,0.00957995098336891,0.05741710960865021,1,forbidden_ground_contact,1.4761312674134177,0.18737925624256374,0.5932864912163252,0.27316769630808,0.15976141348376874
10898,18,127.79815002653973,79,0.017907633153085023,0.02685601592865691,0.06997687369585037,1,forbidden_ground_contact,-0.0013034707601954694,0.1820532990438833,0.6119865265097042,0.23323445816872523,0.1564727496275678
10958,19,162.58961203485237,60,0.020650686495736134,0.04048112409448918,0.06902382522821426,1,forbidden_ground_contact,0.401527646536599,0.43917053390585664,0.4508672882800105,0.13786132645146978,0.12026022686765346
10994,20,54.50735454211606,36,0.008679244724754549,0.021002240079671622,0.06017085909843445,1,forbidden_ground_contact,0.4963697294482326,0.20637570994594123,0.6240634788143169,0.20781785054934362,0.09891486589493285
11045,21,74.51792423476287,51,0.014057698083325746,0.029923603628154875,0.06408581137657166,1,forbidden_ground_contact,-0.704517348158406,0.14952144084206417,0.5900600449827447,0.18590375319993074,0.12252685200495461
11071,22,63.555522867221164,26,0.013521607551837357,0.06837049006340554,0.051384031772613525,1,forbidden_ground_contact,0.8156120509508732,0.3456360596615441,0.2207276808805587,0.2544934856424465,0.12357722321339137
11094,23,44.180073956106575,23,0.008006767201485939,0.030221141653074636,0.052742790430784225,1,forbidden_ground_contact,1.136009134025216,0.31792162698725657,0.42405885209010585,0.1308875696803509,0.10214383769865613
11137,24,88.1722255667366,43,0.01780081418714536,0.04928486835667769,0.03861980512738228,1,forbidden_ground_contact,0.7342803226962108,0.1911865141098296,0.2947997540615102,0.1681504168403163,0.10516408329417555
11172,25,109.1966003853572,35,0.021791862055377843,0.06541353323804239,0.05272669345140457,1,forbidden_ground_contact,0.5117126336244243,0.4868702755526559,0.1854648201902039,0.2824084562376581,0.10784617632644604
11230,26,165.82692858447226,58,0.03322607053754534,0.06131602570669924,0.06931948661804199,1,forbidden_ground_contact,-0.15592840879508588,0.41066820830216744,0.29356069020483894,0.22124127620068174,0.13750894933508437
11270,27,121.79880055978778,40,0.018768505935748164,0.05419841349660466,0.06180929020047188,1,forbidden_ground_contact,-1.0639208651947847,0.4910182611770438,0.25977222651321746,0.30462546421234327,0.13025483057912882
11302,28,72.76260802279705,32,0.018281432335184655,0.06212072141261817,0.0432865209877491,1,forbidden_ground_contact,-0.24528288258151323,0.291514938917144,0.277406614380865,0.29994872428405284,0.10575685876306923
11350,29,68.8873569030205,48,0.01710935886183725,0.03908435991789907,0.05407987907528877,1,forbidden_ground_contact,-0.7791634864148486,0.13919109971966873,0.5837795414817902,0.2251848140891353,0.13841318010876322
11373,30,43.16388885279329,23,0.0268056969110575,0.12830841628524856,0.03508903831243515,1,forbidden_ground_contact,1.5842094124593997,0.12997527031928066,0.1273489924556828,0.3990182645432591,0.1772890119500694
11421,31,151.791932851267,48,0.024120238317353614,0.06501574514140168,0.06699849665164948,1,forbidden_ground_contact,0.04775738148448955,0.4822701073471242,0.24962707023034633,0.28063901588810264,0.13889982100302936
11483,32,88.62123988591465,62,0.018929083116271617,0.032151847201245844,0.03559150546789169,1,forbidden_ground_contact,-1.2677475343618887,0.1440060802940674,0.49379196416575705,0.6091501367296356,0.2285891908486281
11516,33,60.62420156307671,33,0.024870402015870926,0.09108093586422061,0.05122893303632736,1,forbidden_ground_contact,0.5454326175603771,0.13444670485304866,0.23470329000835585,0.43876024740075037,0.13628949741184987
11539,34,39.667220524856745,23,0.016486708111816257,0.07240183403133411,0.060590267181396484,1,forbidden_ground_contact,1.0096073033096649,0.2021302886359421,0.3489043360434921,0.3383788481243637,0.2045273192338418
11623,35,108.7728596439278,84,0.014111915006104545,0.022913147004934003,0.06748205423355103,1,forbidden_ground_contact,-1.3768994016815312,0.10483897826926715,0.6780050922265355,0.24858525574108348,0.1108381261579871
11646,36,51.441058242134005,23,0.014682246052236645,0.07738951689321927,0.052480366080999374,1,forbidden_ground_contact,-0.08269459258027008,0.2955516614890339,0.23677137655729066,0.34479992661863257,0.1983938081410483
11673,37,76.47905056959657,27,0.00780246002933781,0.048921411563110445,0.03792471066117287,1,forbidden_ground_contact,-0.5140309350835639,0.4046156018428792,0.13301774718950987,0.23363267633925772,0.24108427797299029
11700,38,54.95499004900338,27,0.019689202368871558,0.09948153017016924,0.05368531122803688,1,forbidden_ground_contact,-0.0715800533905938,0.21565267072475305,0.2523747571143681,0.45430969908529334,0.12533007315863104
11724,39,53.843788292550244,24,0.020432982699521093,0.10139755761886245,0.06160972639918327,1,forbidden_ground_contact,0.039147165000066854,0.26316576208383763,0.21986915694196343,0.26476027159740095,0.13090678730488628
11752,40,58.74609900735834,28,0.02175794380013119,0.09371819862978317,0.035833291709423065,1,forbidden_ground_contact,0.998599577287693,0.1809993722507012,0.19429370286436903,0.25718530270608975,0.12979363833146046
11782,41,46.10848581460129,30,0.023693488682938222,0.08780170472780903,0.06704729050397873,1,forbidden_ground_contact,-0.0323745767742751,0.12723951360156363,0.4026206826194299,0.3722784273006698,0.1466750404474257
11806,42,49.75600818833805,24,0.01993241203313284,0.10586987333970728,0.05299476161599159,1,forbidden_ground_contact,0.4898685252766662,0.19535579507753642,0.23597718584821983,0.19443785796251345,0.15089033919895162
11839,43,51.21375695571852,33,0.02301705322033657,0.07984425513507513,0.04873621463775635,1,forbidden_ground_contact,0.7784009036711157,0.07738648134166758,0.35733881098892994,0.25638576703088056,0.12243196050068443
11862,44,41.837805885637636,23,0.018674259826379196,0.09304014419724155,0.06364480406045914,1,forbidden_ground_contact,0.7856373866544589,0.1935942720958621,0.27685446757257265,0.3232904572373068,0.25749265400136756
11888,45,35.69231449782531,26,0.019191112392552778,0.08814495972572226,0.04804861173033714,1,forbidden_ground_contact,0.3905396926935081,0.0724225078560925,0.2861895860888902,0.4636568109004399,0.2390961627445813
11913,46,49.71742740869427,25,0.01932537633013875,0.0781786312466834,0.0694679245352745,1,forbidden_ground_contact,0.7055789660417584,0.26669054915478974,0.3266252126784551,0.5741200517470352,0.2165042494544463
11936,47,40.22691524216409,23,0.020408800158948207,0.12511595006913784,0.030472364276647568,1,forbidden_ground_contact,0.8314561989384341,0.08281971451862175,0.1272074816539755,0.3169926550556069,0.26696461849990216
11959,48,34.056785880220986,23,0.01554465520885462,0.08963556895368847,0.04573000594973564,1,forbidden_ground_contact,1.2031800034502207,0.07301781300073622,0.2119131105842199,0.6004824557421644,0.3990980525241768
11982,49,53.91348611772812,23,0.01594073013737691,0.08731375961104393,0.06123675778508186,1,forbidden_ground_contact,0.9772189513359726,0.2964288490571333,0.13839828214763195,0.6280510290934316,0.4094741786173102
12010,50,69.51315191038455,28,0.015405693460784069,0.0627711437943972,0.05940321832895279,1,forbidden_ground_contact,2.1639684390960396,0.30279350167142777,0.10393009231875518,0.4485548032314924,0.2428099812004687
12036,51,38.22683825257117,26,0.019304271947111873,0.08069912730574028,0.033814139664173126,1,forbidden_ground_contact,2.3698924012742344,0.08540303043318179,0.24639599900250575,0.3883381620441528,0.1449512808271731
12060,52,74.982565890201,24,0.01380469945048178,0.08232205975830059,0.05566641688346863,1,forbidden_ground_contact,1.125145739527661,0.5200573420306791,0.09866238748163943,0.41298588130093433,0.1265686952487385
12085,53,51.08145211074335,25,0.020234178232858432,0.0911944954442995,0.04405398666858673,1,forbidden_ground_contact,1.2384440855222065,0.19350384508627108,0.19908469074144594,0.38232285312521413,0.12696466520784047
12108,54,25.185829921956742,23,0.031221820930633883,0.12249027790050962,0.057678282260894775,1,forbidden_ground_contact,2.4372034772501916,0.030650643941222543,0.21940666292950992,0.34419801690240115,0.1786011938245154
12134,55,41.185465702903706,26,0.025997150213158748,0.09675900670583941,0.061582326889038086,1,forbidden_ground_contact,1.5970475748366904,0.11765029093691627,0.2591534025057831,0.5917833865864107,0.16152442905841813
12171,56,98.50792263948736,37,0.03241075101722117,0.09560892825733976,0.05023857578635216,1,forbidden_ground_contact,1.0024751656306843,0.28905240973692414,0.059150444106178875,0.43864941552962544,0.16708838767223302
12194,57,39.74588559421512,23,0.014423436312763216,0.07890033199145031,0.049368541687726974,1,forbidden_ground_contact,1.9779947213585274,0.19837188480776363,0.2952496137198085,0.42087932292465935,0.24871097311826357
12221,58,60.18182734400419,27,0.022407564570003285,0.09795613256640996,0.04189318045973778,1,forbidden_ground_contact,-0.7134451538852252,0.1888306536489092,0.08836854902075864,0.4837345643724724,0.2130949360553374
12247,59,45.31511860914269,26,0.030945857637996725,0.1479534674119037,0.06017444282770157,1,forbidden_ground_contact,3.117950620883148,0.09702961338952683,0.12292521587134018,0.6550383720315993,0.30238693402310984
12275,60,49.90028696035859,28,0.03334444573924635,0.13370161118338778,0.05817833170294762,1,forbidden_ground_contact,0.8919221263438071,0.08589335400752426,0.19745454620553407,0.5502961814365673,0.2669953618121926
12298,61,42.85789267808522,23,0.024246254884324386,0.1264611314006834,0.04131918027997017,1,forbidden_ground_contact,0.812756059512896,0.13246594211429247,0.1143666263254446,0.6678797158377882,0.20657925098703475
12327,62,41.66751567750465,29,0.027819049807951895,0.11277741244302573,0.05819493904709816,1,forbidden_ground_contact,1.5970907999295576,0.0434235919502989,0.22828378706479127,0.6821809781854286,0.2609916315615721
12357,63,56.502800981014005,30,0.027377821254312262,0.09818799306276232,0.03361435607075691,1,forbidden_ground_contact,0.8968851982744744,0.0969597368595752,0.10431484207480228,0.6839577725436468,0.25710015454465857
12385,64,45.777057941417,28,0.034244538810097466,0.1422977814855411,0.04920123890042305,1,forbidden_ground_contact,0.27949589120116286,0.05473369694701319,0.11040349263653447,1.095909876969817,0.36137943241450016
12409,65,36.611013440959965,24,0.03161224538079503,0.1528631778979248,0.060592517256736755,1,forbidden_ground_contact,0.19102330854798888,0.08228105153762513,0.16845230962979818,0.895324205260614,0.3322194277189831
12435,66,36.1091545846499,26,0.03359786183471006,0.1436547588000181,0.053234852850437164,1,forbidden_ground_contact,-1.1297487135164157,0.07398293109504753,0.27608427165419225,0.9645670558602593,0.2527079126384758
12466,67,46.02799798614683,31,0.03586458567769233,0.13832337172683914,0.03284675255417824,1,forbidden_ground_contact,-1.2244123256992097,0.03319402300402461,0.2001094826233593,0.7566055611119459,0.2901980584243265
12498,68,50.35992750466539,32,0.0231070872659717,0.07951771339362672,0.03029392473399639,1,forbidden_ground_contact,-0.4293852345955952,0.10876660584463835,0.28024788751295626,0.7103183023012826,0.26692525673470235
12527,69,50.11587135043549,29,0.0244536044959233,0.09690199064962021,0.03937182575464249,1,forbidden_ground_contact,1.122949193940518,0.09182449151410198,0.17384590221207238,0.683567238383763,0.26737251206171014
12556,70,66.05966878220384,29,0.020409676423172755,0.0734825313249803,0.06676888465881348,1,forbidden_ground_contact,0.26318845458325285,0.31912111279422767,0.3068854853569412,0.4507871473819077,0.23017407441722001
12583,71,60.22437911591957,27,0.011813853202461082,0.05353359115416039,0.03941900655627251,1,forbidden_ground_contact,0.5220511701955827,0.30430710446107717,0.2882775606209092,0.4048043303661315,0.2012079221612328
12611,72,73.40201096510165,28,0.01836308935405701,0.06990831270529312,0.05615892633795738,1,forbidden_ground_contact,-0.1300660396027641,0.3550035042336649,0.2132881327874062,0.2582271102642337,0.20936137166928703
12654,73,86.50153810375275,43,0.026185458244955613,0.05871567832654181,0.06912171095609665,1,forbidden_ground_contact,0.11187205943389888,0.2281367065533446,0.35586691980761803,0.5233171112294362,0.20906743540255812
12688,74,67.48695164614571,34,0.02349435717917393,0.07156950403414375,0.052971892058849335,1,forbidden_ground_contact,-0.22798208234094683,0.23739533733065218,0.34635533252253986,0.535135184655106,0.26415828543446407
12738,75,72.44493058366638,50,0.016580487690857428,0.030882891457267,0.05172266811132431,1,forbidden_ground_contact,0.8005839847639865,0.13444002453260823,0.502894732279795,0.4213420070841524,0.22530414054218284
12780,76,74.81187395530237,42,0.0194647902822609,0.042610528401818636,0.0686778873205185,1,forbidden_ground_contact,0.041882140725737496,0.26770781471575383,0.47792170778770443,0.5894064805153904,0.2803550116466167
12814,77,46.57195982771854,34,0.019774587012741134,0.054042483490035285,0.056236617267131805,1,forbidden_ground_contact,0.37754467267132114,0.1006617328471996,0.37923243525843536,0.6402660339544353,0.29139040510705616
12853,78,102.94317829726859,39,0.022030417025429985,0.05200145269112456,0.03482309728860855,1,forbidden_ground_contact,1.3880242480209781,0.4074042904021362,0.2602727488454072,0.5635561261828361,0.24991539822858252
12885,79,63.652082042097874,32,0.01816437957709913,0.057840485934179335,0.06491222232580185,1,forbidden_ground_contact,0.7498287852721303,0.2026037606651453,0.24376963246068775,0.5642725429619819,0.2981768162265697
12913,80,85.84854475105217,28,0.018852947145986863,0.08124842198595583,0.06582923233509064,1,forbidden_ground_contact,0.40306282714345604,0.49537098151233544,0.15389889049485936,0.4150539152788603,0.2246200591021911
13006,81,127.32443893716899,93,0.018402227128382964,0.02214523327042726,0.06447300314903259,1,forbidden_ground_contact,1.4502593649651565,0.1308062519127081,0.6734538540353322,0.4547464054466015,0.24858250034658014
13040,82,89.68057058126404,34,0.019959850130303214,0.07739623797989548,0.03502613306045532,1,forbidden_ground_contact,1.0342478954958816,0.30171170207724374,0.10891723186738439,0.3484888218433947,0.23078052531310164
13097,83,165.52602193475357,57,0.0216559365056568,0.04349192630912801,0.04769129306077957,1,forbidden_ground_contact,0.6696070431962211,0.41614545228756294,0.260130742865565,0.3290297041237854,0.2091275764719741
13131,84,70.40482010560268,34,0.03196539584175086,0.10080623792238308,0.0422852523624897,1,forbidden_ground_contact,0.3801131001634308,0.17637207671146174,0.1451034502570345,0.7124842586717102,0.28415610594163904
13192,85,111.24609727002743,61,0.012036998111578882,0.025857259482919046,0.06012631952762604,1,forbidden_ground_contact,-0.26214331878514796,0.19252615884673951,0.46238849914448843,0.3307084082400894,0.20963736568105426
13260,86,93.76216009297333,68,0.006011541424942725,0.014212512075180811,0.05909234285354614,1,forbidden_ground_contact,-0.6685751464038687,0.11303946122599204,0.5755480403392322,0.36536467212359014,0.1998235653840204
13335,87,160.92391561531653,75,0.021993305802351277,0.03362350760342671,0.04803798720240593,1,forbidden_ground_contact,1.1255552695652602,0.29062078460433116,0.41800638636454357,0.387365868974126,0.2469746564087483
13374,88,84.28884437185059,39,0.018555285536569467,0.05322998203433181,0.06847263127565384,1,forbidden_ground_contact,-0.7910850837058807,0.23226387660505812,0.29177366660280096,0.41018011577442604,0.24551906864871617
13416,89,83.09911811485941,42,0.007987241870247186,0.02876792954261065,0.06641649454832077,1,forbidden_ground_contact,1.1656049645298765,0.31024457150481166,0.5900212009760376,0.2834200130465942,0.14189191318163819
13481,90,129.03327753181503,65,0.003425566059531172,0.01002064971073268,0.04028568044304848,1,forbidden_ground_contact,-0.4860857179359576,0.2849473019883716,0.48663408663136115,0.43522613684784495,0.19149136672018402
13612,91,227.57923300352763,131,0.014835543426940802,0.016442274000800994,0.041948940604925156,1,forbidden_ground_contact,1.725296029111179,0.17384666109475327,0.58519110646098,0.26295831923127627,0.15134711800222866
13646,92,63.75562691150236,34,0.026100293446046682,0.07439320924266225,0.03529805690050125,1,forbidden_ground_contact,-0.46784590048902197,0.13056396175220666,0.23985812896560943,0.3299165682375107,0.17500191034674636
13704,93,123.08491110023108,58,0.02043092177079759,0.03872976780469101,0.06283117830753326,1,forbidden_ground_contact,0.6489431686414352,0.2797355897968798,0.4244750554542297,0.42767614785711033,0.2587088355290149
13735,94,15.690589402542862,31,0.0026297115414266707,-0.006345683025769751,0.06475206464529037,1,forbidden_ground_contact,0.3408491079409295,0.0912662708024718,0.7474474730285093,0.6920543035714343,0.1780193160361115
13788,95,86.41735019975356,53,0.020498805912180475,0.041237312229471655,0.051569223403930664,1,forbidden_ground_contact,0.5897588994755998,0.13831104419499546,0.4606593981255397,0.32065302635579584,0.1751104617571213
13869,96,139.71316875116617,81,-0.0026827150810058544,0.00017961683892501185,0.05114763602614403,1,forbidden_ground_contact,-0.10956782390641709,0.22125703985496728,0.5514118428699684,0.3956235606321632,0.195866593804286
13980,97,211.50366009438866,111,0.009935426376333082,0.009318223893215589,0.035170044749975204,1,forbidden_ground_contact,-0.4527151727717901,0.25585093229375816,0.5850729500686772,0.2222793078355369,0.15832641579279477
14005,98,62.71542588851474,25,0.015190726680646943,0.06389249107485705,0.06923923641443253,1,forbidden_ground_contact,0.5790952185122825,0.36760587596019534,0.29267777423736846,0.46040608702457037,0.2891881779873569
14067,99,130.39666569695208,62,0.01328250141399181,0.02767997114973609,0.03902609646320343,1,forbidden_ground_contact,0.24548375306683665,0.25964991669583126,0.4613393129792146,0.404625863678235,0.2332400565998135
14091,100,39.1102607658009,24,0.017214597179431527,0.08970369555518332,0.062179774045944214,1,forbidden_ground_contact,0.7368067388296176,0.14170672777759655,0.3021547296369727,0.727256642984535,0.2708794801263606
14125,101,92.42383851213826,34,0.01904412867863587,0.0633886359210704,0.04888225346803665,1,forbidden_ground_contact,0.9461793758443756,0.3606564881562461,0.16728041870167626,0.40124832121408616,0.2188472776407566
14155,102,63.73175860100364,30,0.02709372289422085,0.12111970675985005,0.05677920579910278,1,forbidden_ground_contact,0.43007994165698327,0.13363676888756462,0.08391150060964422,0.6461270715984511,0.27543192371820047
14178,103,53.27833942625121,23,0.02179703284162667,0.127047425752359,0.06554014980792999,1,forbidden_ground_contact,-0.012914772703656045,0.22416549549216774,0.09821724506250117,0.4821532535250842,0.24010293902195468
14201,104,51.30444406163862,23,0.016453929307705454,0.09822777785866797,0.058864861726760864,1,forbidden_ground_contact,0.43604201999636,0.2178210383627447,0.1656506249856554,0.3127127880621019,0.17093046679481083
14230,105,50.42407397915447,29,0.02465718790654451,0.10683945134455392,0.04026466980576515,1,forbidden_ground_contact,0.24912668885183728,0.09606061956015095,0.22921681594451607,0.4679836276653038,0.17176817787583631
14253,106,48.49168833537695,23,0.01756288685775351,0.10785813333754617,0.05732208862900734,1,forbidden_ground_contact,0.9891452577803874,0.21008650352762756,0.13930755385519958,0.6807129064390001,0.22692882256441818
14279,107,67.84819111882513,26,0.017650418321170154,0.07746433581646267,0.05387352034449577,1,forbidden_ground_contact,0.6779726066308378,0.34381276396720695,0.1001280228376288,0.7442982123679646,0.2091599527522622
14328,108,80.58195461607858,49,0.01661530949894013,0.030906559467438754,0.0462900772690773,1,forbidden_ground_contact,0.7455788143103034,0.09614234175519046,0.36491145695480015,0.3490258873421009,0.16334278818804004
14358,109,75.44460902367564,30,0.02281047482971958,0.07864462665356887,0.042990267276763916,1,forbidden_ground_contact,0.035777737803692984,0.3011159882508044,0.04422453601858024,0.7655471758239912,0.20911075225223189
14381,110,45.07151006466296,23,0.023691348729927227,0.12103575172728558,0.04042069613933563,1,forbidden_ground_contact,0.589830319543386,0.15263799856561536,0.15860660015144679,0.3178933560533781,0.17036805981707204
14406,111,41.762958085604154,25,0.020543672878366802,0.11098554035686496,0.03231056034564972,1,forbidden_ground_contact,0.511805690517918,0.06231718990267044,0.1646730294108522,0.46290167557969164,0.17181926170967643
14429,112,40.40132208927634,23,0.013177594358395163,0.06382864805458618,0.04476570710539818,1,forbidden_ground_contact,-0.06303019429361517,0.13990513096477136,0.2408190512205324,0.3694922039267246,0.12386793844609235
14452,113,50.88554069996926,23,0.01441027018110003,0.08898973109735386,0.06585520505905151,1,forbidden_ground_contact,-0.4235491487757308,0.2735123878597403,0.22119710686150157,0.4901036358083874,0.17368612466277408
14493,114,81.37429421954178,41,0.016726155525039574,0.035319756259067116,0.0668933242559433,1,forbidden_ground_contact,1.3266793672320767,0.2548144386524808,0.49086320499587005,0.39775118410334476,0.15928099113446736
14519,115,74.66043222240073,26,0.007735422997945485,0.03739412442341466,0.041595667600631714,1,forbidden_ground_contact,-0.5441382424235499,0.5159549164649927,0.30533654232629526,0.31853129306492445,0.16179305696630014
14555,116,77.30495412250076,36,0.017952187695874307,0.06159911804198396,0.05125286057591438,1,forbidden_ground_contact,0.8784641946809164,0.21411537941800593,0.2646615595481707,0.34501483721871445,0.16827524232166144
14589,117,57.16227018402225,34,0.004407426130395907,0.01043780921013811,0.06134122610092163,1,forbidden_ground_contact,1.2341988877464192,0.2849129029600611,0.527084761468766,0.6681011468230452,0.20247830810038114
14628,118,119.92863283524252,39,0.01883030421835494,0.05726719456387764,0.06330029666423798,1,forbidden_ground_contact,1.438579271885688,0.5211978060823248,0.2588692044643767,0.6742086765485681,0.2693481778659822
14659,119,72.76696799429897,31,0.015123445829454492,0.05705030091265354,0.03432512655854225,1,forbidden_ground_contact,-1.127875844629463,0.2849374471633079,0.2288545909241956,0.49342566186082404,0.13705419873879482
14697,120,63.73840663077673,38,0.0055665136199698085,0.031582639007167346,0.04196556285023689,1,forbidden_ground_contact,2.041917385970181,0.19564661984487997,0.4523388757553593,0.3284476353636009,0.19871235092267234
14732,121,117.08286540299339,35,0.017994185194175817,0.061027847814509595,0.06378223747015,1,forbidden_ground_contact,0.6335368571058356,0.5979177831125415,0.2148923567844705,0.754300176842585,0.2726216142198483
14785,122,113.34070972345906,53,0.019544850379511217,0.04075562183320213,0.04806742072105408,1,forbidden_ground_contact,0.4763653261742654,0.2680314311952885,0.4371342025600199,0.2682370667217411,0.15689888749911116
14818,123,48.004510860438785,33,0.010580507249106984,0.03836506902850258,0.05331127718091011,1,forbidden_ground_contact,0.6935516757782195,0.1597220429221996,0.4397149831952512,0.5427853053760141,0.149253905325791
14846,124,-0.7101869725195531,28,0.004317479995664729,-0.011289319638435663,0.06780317425727844,1,forbidden_ground_contact,-0.22152891065685937,0.006009969897084355,0.8798944104528478,0.6107369437604933,0.21805458544479533
14884,125,33.45213735786351,38,0.004628340308399182,-0.0011807795129805552,0.03173327073454857,1,forbidden_ground_contact,0.4756563517208705,0.1005870142446842,0.6431105369345852,0.6159031183348889,0.2011428049542573
14907,126,59.53425756965701,23,0.014120637687939096,0.062005194945066844,0.05491436645388603,1,forbidden_ground_contact,-0.09481762510195083,0.39646726203363303,0.2238548169016152,0.5259471389454451,0.16925206458285502
14944,127,63.92347043890694,37,0.020423272327120268,0.0564911645618612,0.049165405333042145,1,forbidden_ground_contact,1.0823538086475806,0.1629363684361174,0.37910757923426636,0.49224640660577185,0.20086495461959042
14985,128,112.67039107008382,41,0.02165543918490319,0.058044950113014575,0.05585264787077904,1,forbidden_ground_contact,-0.2035510918928359,0.43139490411392634,0.28793084985057615,0.5482498285220349,0.26451699004081314
15020,129,32.62417424381128,35,0.009819034813342844,0.023209346738829465,0.03781500086188316,1,forbidden_ground_contact,1.0839426264973393,0.0721448767238167,0.5396877522704905,0.6550973153706092,0.23631760636676638
15056,130,82.27155813336871,36,0.020103921333250965,0.05820607615928005,0.0449557825922966,1,forbidden_ground_contact,-0.4549169837107794,0.2820475868338046,0.3126149365306891,0.47441829278485337,0.2474577657778714
15099,131,72.68658188831326,43,0.017127881506410782,0.033610321941305636,0.03209209069609642,1,forbidden_ground_contact,-0.5955628770245157,0.16706651898501163,0.38587960539070465,0.3702788184494357,0.22436003111852076
15128,132,29.33050948520344,29,0.0027572132910919176,-0.0024804163447592034,0.031243644654750824,1,forbidden_ground_contact,0.7547103673776184,0.157761411072203,0.6107262109246062,0.6796210468399655,0.25033142505035905
15156,133,48.04897062891578,28,0.019792277955859007,0.06362643265952687,0.053057920187711716,1,forbidden_ground_contact,-1.7422351916908871,0.21715721812384858,0.30819778158049577,1.1110031561550469,0.2619351959999768
15184,134,45.76986273052371,28,0.02540788204934578,0.10406635177848368,0.06750129908323288,1,forbidden_ground_contact,-1.2845060968843418,0.07475527983542544,0.13775348695889433,0.7572739576329519,0.19806799282665866
15257,135,133.41683990070257,73,0.01594552476171086,0.029209682046613464,0.06110530346632004,1,forbidden_ground_contact,1.2275542870463103,0.17620960574436573,0.5157688968907688,0.2740280187343198,0.15150921154145083
15304,136,49.85328014992747,47,0.008364708772980532,0.004024546767190531,0.046620097011327744,1,forbidden_ground_contact,0.9359751955888012,0.11535468024998796,0.7368119727921033,0.3300672976048181,0.16121560922635772
15350,137,28.615338051298117,46,0.003201782061819344,-0.008406966857580122,0.06622340530157089,1,forbidden_ground_contact,0.694417947210193,0.04485616142183523,0.7690529648460899,0.41986412470940143,0.23960332230750728
15381,138,11.370786462009827,31,-0.0021030871902745062,-0.008921244768129648,0.050239644944667816,1,forbidden_ground_contact,0.9247903645075928,0.00030688735093436186,0.7196521971717094,0.45317263961510296,0.16498789779341888
15415,139,16.450423544080305,34,0.001993727050404631,0.0028993104648779625,0.06316207349300385,1,forbidden_ground_contact,0.7212881883744995,0.005379973242945197,0.7983006442837993,0.5956071641319899,0.2808600429040742
15443,140,0.7898080850823384,28,-0.0038585082900379794,-0.025316323704496598,0.06453735381364822,1,forbidden_ground_contact,1.3981368371830312,0.007314387664505879,0.9567269360368761,0.43162051007218133,0.21863723850732458
15490,141,9.116144258044237,47,-0.0076005677643275465,-0.023714188840892114,0.04963138327002525,1,forbidden_ground_contact,0.2886370273984712,0.010873254560454938,0.9828556311523571,0.4011802106919223,0.15212582461581634
15518,142,7.3864044375112385,28,-0.003344040693683118,-0.03496240052460856,0.032758112996816635,1,forbidden_ground_contact,1.1909319433225136,0.09005812059100636,0.8999719014466746,0.6851897974495785,0.29665971034923855
15559,143,54.56620893978483,41,0.014017817604069258,0.02629991090262348,0.058218128979206085,1,forbidden_ground_contact,-0.33460285833563885,0.11049339562406675,0.5844021720604473,0.3091648862225219,0.14843819479490566
15588,144,62.174531704215134,29,0.01682423395265047,0.04638666431631132,0.057022418826818466,1,forbidden_ground_contact,0.2658374519723266,0.29095194550419357,0.29874692937491315,0.5564574577704666,0.17644225922554876
1200,1,1415.977676608371,1200,-0.0016426127752369555,-0.0002646145466508607,0.034581203013658524,0,,-0.04056000822376749,0.045671850204759806,0.9429764124656828,0.0024212707172070924,0.03910798731801205
2400,2,1419.6650825215338,1200,-0.0009692457899185593,-0.00023672812623088424,0.03337777405977249,0,,-0.03531967432873544,0.046230569499314346,0.9424327118226129,0.002344032446913965,0.03910921460144158
3600,3,1284.7247349040674,1200,-0.0013468707026371473,-0.0002569387857326991,0.05646644905209541,0,,0.027792971505298376,0.01682671469090711,0.9655062877967225,0.0023560017162515745,0.03917022898162542
4800,4,1326.6031225549657,1200,-1.2099445734060237e-05,-0.00011386953584470135,0.04496736079454422,0,,0.044826918662377625,0.025866316761014745,0.9596770667176028,0.0024033945450626544,0.03927780137868563
6000,5,1329.3626615588564,1200,-0.0010372695936546987,-0.0002224829898404583,0.04667557403445244,0,,-0.0627760166437803,0.026225093774944086,0.9583326831262737,0.002061291691387376,0.039053264855290815
7200,6,1381.9642392056012,1200,-0.0002128896570796116,-0.00010670458992256688,0.03630446642637253,0,,0.019345939369692224,0.037802932082457316,0.9504506592897284,0.002156125879628619,0.03932468964599447
8400,7,1312.281710841286,1200,-0.0018966046765443237,-0.00033679930634452655,0.05018123984336853,0,,-0.026338200409469492,0.023081605313212773,0.9608433419006672,0.002383566760408709,0.03924104796728201
9600,8,1293.273897496992,1200,0.0015253063624727217,0.00021010579618845177,0.05946822836995125,0,,-0.13377229642643915,0.016819153519403676,0.9644174612859312,0.002182272230277084,0.03921087144237249
10054,9,520.6144248605907,454,0.007241400617328984,0.001833467482471964,0.05550354719161987,1,forbidden_ground_contact,-0.10090330282923891,0.041198345352267914,0.9300980287891957,0.013178411090486042,0.046722908514109346
10339,10,446.0137164580555,285,0.007795033511168146,0.0032937019918034857,0.06174728646874428,1,forbidden_ground_contact,-0.27696152025651105,0.1888409470932545,0.6892823161089142,0.12839486543020392,0.1332598121618995
10496,11,259.47497688234625,157,0.014032962188278411,0.011741699322531392,0.05163426697254181,1,forbidden_ground_contact,0.5859648340930959,0.1982407232557275,0.6703866548789675,0.11480737754070872,0.1275539618552231
10547,12,131.42944710677645,51,0.01381768686929133,0.03289163364017052,0.039699312299489975,1,forbidden_ground_contact,-0.6867939360580437,0.3886666647394247,0.36270146391951,0.16724145840926652,0.12681299202647606
10587,13,54.629858377499765,40,0.008632915377421828,0.02244373830080923,0.06589208543300629,1,forbidden_ground_contact,-0.563919159461565,0.1605848010961402,0.6277044085850922,0.2244786845868833,0.1185373730148076
10626,14,85.0145038751817,39,0.009245942203469904,0.0361219302234757,0.05434964597225189,1,forbidden_ground_contact,-0.09133336605894193,0.3385180882755348,0.40311005048284615,0.1720072314016811,0.1380767227918843
10670,15,75.93153056449395,44,0.010020360653527509,0.021923708174875094,0.06385914236307144,1,forbidden_ground_contact,0.08901138689210095,0.2732571240438377,0.6114948901844289,0.23961179002523736,0.1523899083404028
10702,16,90.58273495437528,32,0.017415538434589345,0.06896793461037995,0.0552913136780262,1,forbidden_ground_contact,0.7497570836494317,0.39581237047947104,0.13494878568935448,0.3354005126539397,0.13518838998029908
10819,17,184.80538957510095,117,0.01267145752210581,0.00957995098336891,0.05741710960865021,1,forbidden_ground_contact,1.4761312674134177,0.18737925624256374,0.5932864912163252,0.27316769630808,0.15976141348376874
10898,18,127.79815002653973,79,0.017907633153085023,0.02685601592865691,0.06997687369585037,1,forbidden_ground_contact,-0.0013034707601954694,0.1820532990438833,0.6119865265097042,0.23323445816872523,0.1564727496275678
10958,19,162.58961203485237,60,0.020650686495736134,0.04048112409448918,0.06902382522821426,1,forbidden_ground_contact,0.401527646536599,0.43917053390585664,0.4508672882800105,0.13786132645146978,0.12026022686765346
10994,20,54.50735454211606,36,0.008679244724754549,0.021002240079671622,0.06017085909843445,1,forbidden_ground_contact,0.4963697294482326,0.20637570994594123,0.6240634788143169,0.20781785054934362,0.09891486589493285
11045,21,74.51792423476287,51,0.014057698083325746,0.029923603628154875,0.06408581137657166,1,forbidden_ground_contact,-0.704517348158406,0.14952144084206417,0.5900600449827447,0.18590375319993074,0.12252685200495461
11071,22,63.555522867221164,26,0.013521607551837357,0.06837049006340554,0.051384031772613525,1,forbidden_ground_contact,0.8156120509508732,0.3456360596615441,0.2207276808805587,0.2544934856424465,0.12357722321339137
11094,23,44.180073956106575,23,0.008006767201485939,0.030221141653074636,0.052742790430784225,1,forbidden_ground_contact,1.136009134025216,0.31792162698725657,0.42405885209010585,0.1308875696803509,0.10214383769865613
11137,24,88.1722255667366,43,0.01780081418714536,0.04928486835667769,0.03861980512738228,1,forbidden_ground_contact,0.7342803226962108,0.1911865141098296,0.2947997540615102,0.1681504168403163,0.10516408329417555
11172,25,109.1966003853572,35,0.021791862055377843,0.06541353323804239,0.05272669345140457,1,forbidden_ground_contact,0.5117126336244243,0.4868702755526559,0.1854648201902039,0.2824084562376581,0.10784617632644604
11230,26,165.82692858447226,58,0.03322607053754534,0.06131602570669924,0.06931948661804199,1,forbidden_ground_contact,-0.15592840879508588,0.41066820830216744,0.29356069020483894,0.22124127620068174,0.13750894933508437
11270,27,121.79880055978778,40,0.018768505935748164,0.05419841349660466,0.06180929020047188,1,forbidden_ground_contact,-1.0639208651947847,0.4910182611770438,0.25977222651321746,0.30462546421234327,0.13025483057912882
11302,28,72.76260802279705,32,0.018281432335184655,0.06212072141261817,0.0432865209877491,1,forbidden_ground_contact,-0.24528288258151323,0.291514938917144,0.277406614380865,0.29994872428405284,0.10575685876306923
11350,29,68.8873569030205,48,0.01710935886183725,0.03908435991789907,0.05407987907528877,1,forbidden_ground_contact,-0.7791634864148486,0.13919109971966873,0.5837795414817902,0.2251848140891353,0.13841318010876322
11373,30,43.16388885279329,23,0.0268056969110575,0.12830841628524856,0.03508903831243515,1,forbidden_ground_contact,1.5842094124593997,0.12997527031928066,0.1273489924556828,0.3990182645432591,0.1772890119500694
11421,31,151.791932851267,48,0.024120238317353614,0.06501574514140168,0.06699849665164948,1,forbidden_ground_contact,0.04775738148448955,0.4822701073471242,0.24962707023034633,0.28063901588810264,0.13889982100302936
11483,32,88.62123988591465,62,0.018929083116271617,0.032151847201245844,0.03559150546789169,1,forbidden_ground_contact,-1.2677475343618887,0.1440060802940674,0.49379196416575705,0.6091501367296356,0.2285891908486281
11516,33,60.62420156307671,33,0.024870402015870926,0.09108093586422061,0.05122893303632736,1,forbidden_ground_contact,0.5454326175603771,0.13444670485304866,0.23470329000835585,0.43876024740075037,0.13628949741184987
11539,34,39.667220524856745,23,0.016486708111816257,0.07240183403133411,0.060590267181396484,1,forbidden_ground_contact,1.0096073033096649,0.2021302886359421,0.3489043360434921,0.3383788481243637,0.2045273192338418
11623,35,108.7728596439278,84,0.014111915006104545,0.022913147004934003,0.06748205423355103,1,forbidden_ground_contact,-1.3768994016815312,0.10483897826926715,0.6780050922265355,0.24858525574108348,0.1108381261579871
11646,36,51.441058242134005,23,0.014682246052236645,0.07738951689321927,0.052480366080999374,1,forbidden_ground_contact,-0.08269459258027008,0.2955516614890339,0.23677137655729066,0.34479992661863257,0.1983938081410483
11673,37,76.47905056959657,27,0.00780246002933781,0.048921411563110445,0.03792471066117287,1,forbidden_ground_contact,-0.5140309350835639,0.4046156018428792,0.13301774718950987,0.23363267633925772,0.24108427797299029
11700,38,54.95499004900338,27,0.019689202368871558,0.09948153017016924,0.05368531122803688,1,forbidden_ground_contact,-0.0715800533905938,0.21565267072475305,0.2523747571143681,0.45430969908529334,0.12533007315863104
11724,39,53.843788292550244,24,0.020432982699521093,0.10139755761886245,0.06160972639918327,1,forbidden_ground_contact,0.039147165000066854,0.26316576208383763,0.21986915694196343,0.26476027159740095,0.13090678730488628
11752,40,58.74609900735834,28,0.02175794380013119,0.09371819862978317,0.035833291709423065,1,forbidden_ground_contact,0.998599577287693,0.1809993722507012,0.19429370286436903,0.25718530270608975,0.12979363833146046
11782,41,46.10848581460129,30,0.023693488682938222,0.08780170472780903,0.06704729050397873,1,forbidden_ground_contact,-0.0323745767742751,0.12723951360156363,0.4026206826194299,0.3722784273006698,0.1466750404474257
11806,42,49.75600818833805,24,0.01993241203313284,0.10586987333970728,0.05299476161599159,1,forbidden_ground_contact,0.4898685252766662,0.19535579507753642,0.23597718584821983,0.19443785796251345,0.15089033919895162
11839,43,51.21375695571852,33,0.02301705322033657,0.07984425513507513,0.04873621463775635,1,forbidden_ground_contact,0.7784009036711157,0.07738648134166758,0.35733881098892994,0.25638576703088056,0.12243196050068443
11862,44,41.837805885637636,23,0.018674259826379196,0.09304014419724155,0.06364480406045914,1,forbidden_ground_contact,0.7856373866544589,0.1935942720958621,0.27685446757257265,0.3232904572373068,0.25749265400136756
11888,45,35.69231449782531,26,0.019191112392552778,0.08814495972572226,0.04804861173033714,1,forbidden_ground_contact,0.3905396926935081,0.0724225078560925,0.2861895860888902,0.4636568109004399,0.2390961627445813
11913,46,49.71742740869427,25,0.01932537633013875,0.0781786312466834,0.0694679245352745,1,forbidden_ground_contact,0.7055789660417584,0.26669054915478974,0.3266252126784551,0.5741200517470352,0.2165042494544463
11936,47,40.22691524216409,23,0.020408800158948207,0.12511595006913784,0.030472364276647568,1,forbidden_ground_contact,0.8314561989384341,0.08281971451862175,0.1272074816539755,0.3169926550556069,0.26696461849990216
1,1,-9.883778951943995,1,-4.506587490408606e-05,-0.003918333668275449,0.034581203013658524,1,base_too_high,-0.006694527400842664,0.0,1.0,0.0,0.0020185218237514877
2,2,-9.02455605524772,1,4.746129764881001e-05,0.008427097936981237,0.03337777405977249,1,base_too_high,0.004252664780115882,0.12732792050945343,0.7475236596532457,0.0,0.001094020399954177
3,3,-9.81397455287388,1,4.603690187488643e-06,6.34696095482795e-05,0.05646644905209541,1,base_too_high,0.006572380668033572,0.00027318147521287003,0.9988759766382295,0.0,0.0016214662800429415
4,4,-9.491280569395794,1,3.537460262646168e-05,0.005274468056628193,0.04496736079454422,1,base_too_high,-0.00048003860009175836,0.04479508610039163,0.8827045249494401,0.0,0.0012099187624218196
5,5,-9.835589230524905,1,-7.0730968760449785e-06,-0.001486206111162733,0.04667557403445244,1,base_too_high,-0.0026134936507002018,0.0,1.0,0.0,0.001894536597040342
6,6,-9.90650296232192,1,-5.467405086683781e-05,-0.00549040810305234,0.03630446642637253,1,base_too_high,-0.0023161716264493352,0.0,1.0,0.0,0.0014965416975516507
7,7,-9.890939415611745,1,-4.3868872818780624e-05,-0.006316232251761294,0.05018123984336853,1,base_too_high,-0.004369816671863494,0.0,1.0,0.0,0.0020281132493099366
8,8,-9.720815582931635,1,4.099937186193171e-05,0.0024653441693667424,0.05946822836995125,1,base_too_high,-0.0013599588171179864,0.009971785698225825,0.9585435068207142,0.0,0.001440719383862942
9,9,-9.848173794032414,1,-9.507222251908706e-06,-0.0028832801182992855,0.05550354719161987,1,base_too_high,0.002927654739542988,0.0,1.0,0.0,0.001731339195894258
10,10,-9.57357898744754,1,2.7226364309143694e-05,0.0062159492731833806,0.06174728646874428,1,base_too_high,-0.003376291706229607,0.025430974684128874,0.8993324294297156,0.0,0.0015526030598813623
11,11,-9.687347052279314,1,6.403990655541887e-06,0.0026584878998158713,0.05163426697254181,1,base_too_high,-0.0003799375144678054,0.0158663910798491,0.9485131070382132,0.0,0.0016552652627120404
12,12,-9.7742639790838,1,3.079755559667376e-05,0.0005767584477067986,0.039699312299489975,1,base_too_high,-0.005659104296530159,0.00569393882542263,0.98547182840623,0.0,0.001728610918414373
13,13,-9.872436822362737,1,-4.381428005256283e-05,-0.0052560108905582315,0.06589208543300629,1,base_too_high,-0.006875285469384159,0.0,1.0,0.0,0.0007310335386162488
14,14,-9.835864552813073,1,-7.73886928838282e-06,-0.0017636695180515533,0.05434964597225189,1,base_too_high,-0.0028617550087746348,0.0,1.0,0.0,0.0020095557311025636
15,15,-9.91795978066751,1,-8.032362650539358e-05,-0.010417725868397731,0.06385914236307144,1,base_too_high,-0.004786889570496141,0.0,1.0,0.0,0.0007926281746233572
16,16,-9.519517879600537,1,8.153818045566059e-05,0.006547698746509804,0.0552913136780262,1,base_too_high,-0.007579980662721502,0.036706345286794874,0.8815781639475774,0.0,0.002082800681043527
17,17,-9.60560418974375,1,-2.4951870118974897e-06,0.0049215842347292305,0.05741710960865021,1,base_too_high,0.0015690747302827398,0.023820412464349825,0.9142836632672808,0.0,0.0013210762454457703
18,18,-9.828046725715355,1,-3.1801520572596034e-06,-0.0010722929312251043,0.06997687369585037,1,base_too_high,0.009934525624464403,0.0,1.0,0.0,0.0008381216044998465
19,19,-9.754426613598262,1,1.8684404602754064e-05,0.002121249297088001,0.06902382522821426,1,base_too_high,0.009192510251741757,0.0051234992346507946,0.9692678684282716,0.0,0.001879300965490546
20,20,-9.47296159492726,1,7.646552153832028e-05,0.008523744263349276,0.06017085909843445,1,base_too_high,0.008224639243489776,0.039856429340071116,0.8583409946491409,0.0,0.0019693244455408487
21,21,-9.85896549312894,1,-1.667099740092648e-05,-0.00434656541779708,0.06408581137657166,1,base_too_high,-0.00015389343753011923,0.0,1.0,0.0,0.000714371280060226
22,22,-9.665832399604911,1,5.107394517160768e-05,0.0030618886336724214,0.051384031772613525,1,base_too_high,-0.009414290146823759,0.018500209578389527,0.9404116681661716,0.0,0.0017103762936057135
23,23,-9.702205830779597,1,2.3296370758180547e-05,0.002584829058053491,0.052742790430784225,1,base_too_high,-0.0012150648130585255,0.01390568974740067,0.950991801396063,0.0,0.0014231189863395306
24,24,-9.786233129607831,1,-1.6369642928494333e-05,0.00039302386036237265,0.03861980512738228,1,base_too_high,-0.0011239807897593028,0.004068864420877981,0.9898232563960789,0.0,0.0016469728654648433
25,25,-9.871149432060621,1,-3.93708884389226e-05,-0.004350291884888101,0.05272669345140457,1,base_too_high,-0.0015475027835700013,0.0,1.0,0.0,0.0012253302458292504
26,26,-9.83371035944472,1,-1.2293089333125843e-05,-0.001810656508846376,0.06931948661804199,1,base_too_high,0.004519575929071979,0.0,1.0,0.0,0.0020616384432846817
27,27,-9.613592009798007,1,3.0155960717841508e-05,0.005330181444682342,0.06180929020047188,1,base_too_high,-0.005023435083126838,0.02087442849822172,0.913764073085505,0.0,0.001671327920714584
28,28,-9.676191200779162,1,-3.960619922291085e-06,0.002326592719192299,0.0432865209877491,1,base_too_high,0.011991172493486895,0.019885202015942727,0.9462513360595302,0.0,0.0018000746665856927
29,29,-9.74451269721049,1,2.6716355700985184e-06,0.0015794760099052641,0.05407987907528877,1,base_too_high,-0.002670633014396891,0.008116468621798698,0.9707936472397058,0.0,0.0016893653620570158
30,30,-9.895740190118728,1,-1.6131063559871083e-05,-0.0045337070711088156,0.03508903831243515,1,base_too_high,0.000284494556753188,0.0,1.0,0.0,0.0019873095379823323
31,31,-9.855527296968086,1,-4.349842095835323e-05,-0.0042408217429988435,0.06699849665164948,1,base_too_high,-0.012872981333182919,0.0,1.0,0.0,0.001865683331722729
32,32,-9.94363215525973,1,-5.1478994238974974e-05,-0.007277621965589709,0.03559150546789169,1,base_too_high,-0.004631229682869484,0.0,1.0,0.0,0.0013285610904127606
33,33,-9.691577332910581,1,-4.224052599923384e-06,0.0025695331291280574,0.05122893303632736,1,base_too_high,0.0005855601897394738,0.015168570576305308,0.949842148825901,0.0,0.0022158863550242307
34,34,-9.939251131725515,1,-9.828249434326919e-05,-0.01221602397682455,0.060590267181396484,1,base_too_high,0.0020306692156877126,0.0,1.0,0.0,0.0015007327745027907
35,35,-9.880309880975894,1,-5.716545338066164e-05,-0.0069419638680446386,0.06748205423355103,1,base_too_high,-0.008527024370913098,0.0,1.0,0.0,0.002001481600510888
36,36,-9.91490500142126,1,-7.296745550606217e-05,-0.008562941135045323,0.052480366080999374,1,base_too_high,-0.005476672702116338,0.0,1.0,0.0,0.0010978408815466184
37,37,-9.930517804760967,1,-5.943373551128533e-05,-0.00685956506202398,0.03792471066117287,1,base_too_high,-0.006859340945335682,0.0,1.0,0.0,0.001933480216954956
38,38,-9.874207339270459,1,-3.8865004111925266e-05,-0.005315005883699256,0.05368531122803688,1,base_too_high,-0.006237938443261497,0.0,1.0,0.0,0.0023772126191749514
39,39,-9.834650034600667,1,-1.966803652215347e-05,-0.0018766638629200984,0.06160972639918327,1,base_too_high,0.00154874906788001,0.0,1.0,0.0,0.0013373997520671618
40,40,-9.793418241319145,1,1.3000156500335375e-06,0.0003479106435551162,0.035833291709423065,1,base_too_high,0.006446081410156806,0.004075615057893576,0.9902908545698396,0.0,0.0020352118964276243
41,41,-9.844351933838615,1,-5.1333768663839364e-05,-0.0031624582145927393,0.06704729050397873,1,base_too_high,-0.0035097260471067333,0.0,1.0,0.0,0.0011068457201366781
42,42,-9.858896062428096,1,-4.7553152520755605e-05,-0.0038333015651209512,0.05299476161599159,1,base_too_high,0.007234037318666762,0.0,1.0,0.0,0.0013137937289840608
43,43,-9.64270479302772,1,4.6129984943443786e-06,0.0032632970054327975,0.04873621463775635,1,base_too_high,0.005042451950828438,0.02240956668737571,0.933041637440032,0.0,0.0015481168922737145
44,44,-9.898186951424949,1,-6.209221710672965e-05,-0.00804194048768345,0.06364480406045914,1,base_too_high,0.005568345892441372,0.0,1.0,0.0,0.0025985798517309715
45,45,-9.850678509631823,1,-3.885457272793321e-05,-0.0025417731635538933,0.04804861173033714,1,base_too_high,-0.003342551263949227,0.0,1.0,0.0,0.0016491741627228877
46,46,-9.51511344843965,1,6.196752975089673e-05,0.009355329995275,0.0694679245352745,1,base_too_high,-0.0012505593882667166,0.029013573843346546,0.8653287890334815,0.0,0.0014846220572225666
47,47,-10.01112638230562,1,-5.061592446391872e-05,-0.009910576990230222,0.030472364276647568,1,base_too_high,-0.007363295912756677,0.0,1.0,0.0,0.0028128987833505948
48,48,-9.422571711304508,1,4.557894656599859e-05,0.0063873871766648,0.04573000594973564,1,base_too_high,-0.0037090096466571958,0.05450587719628457,0.8603239355835873,0.0,0.0009604676064890299
49,49,-9.858494016483654,1,-4.509356564260499e-08,-0.004029332419665341,0.06123675778508186,1,base_too_high,0.00353540155478216,0.0,1.0,0.0,0.002180943383812137
50,50,-9.5181836028135,1,4.66058698022514e-05,0.007154590053125433,0.05940321832895279,1,base_too_high,0.0011901475217320561,0.033414940614412504,0.8795588804503871,0.0,0.0018306930630385423
51,51,-9.330006082418352,1,7.086772992434427e-05,0.005390788979058707,0.033814139664173126,1,base_too_high,-0.008943849718775418,0.07642638609701974,0.8405758869629704,0.0,0.0019470365956303901
52,52,-9.851367140630927,1,-6.143971806219042e-05,-0.0033806408359976655,0.05566641688346863,1,base_too_high,-0.0007639824011363001,0.0,1.0,0.0,0.002045541028747338
53,53,-9.973689517287982,1,-7.510645053090189e-05,-0.011340735891370007,0.04405398666858673,1,base_too_high,-0.001845988164688206,0.0,1.0,0.0,0.0009716443292125236
54,54,-9.47493245444978,1,8.248631093586532e-05,0.007839522110056094,0.057678282260894775,1,base_too_high,-0.00812464589733638,0.04028289367115946,0.8640819113397237,0.0,0.0011612251398913438
55,55,-9.843724998053112,1,-3.363486399382221e-05,-0.0029661172572890667,0.061582326889038086,1,base_too_high,-0.0007454623202320101,0.0,1.0,0.0,0.0020848940900107396
56,56,-9.773494630901851,1,4.069730916136562e-05,0.0008816092688843087,0.05023857578635216,1,base_too_high,0.0034286287408710897,0.005316740971477067,0.9824515476745855,0.0,0.0010140854672986642
57,57,-9.787474373810522,1,-9.500356020941075e-06,0.0005706292079850799,0.049368541687726974,1,base_too_high,-0.0052990320093936946,0.0035011272195204853,0.9884414406141482,0.0,0.0010182688059149994
58,58,-9.399309286154294,1,6.972281313261542e-05,0.006137933600880163,0.04189318045973778,1,base_too_high,0.004439853355131303,0.06049557003262089,0.8534860937297821,0.0,0.0024661949180195416
59,59,-9.823917279133518,1,-1.4880077169129732e-05,-0.0006239650863939358,0.06017444282770157,1,base_too_high,0.011628777714827539,0.0,1.0,0.0,0.0015257519905627532
60,60,-9.834703544967155,1,-2.2783132441844765e-05,-0.00160664960796012,0.05817833170294762,1,base_too_high,0.003921074099400509,0.0,1.0,0.0,0.001583027410169667
61,61,-9.872966269822241,1,1.2823872429931845e-06,-0.0037000496747708355,0.04131918027997017,1,base_too_high,-0.0024087588608138707,0.0,1.0,0.0,0.0018012174071242513
62,62,-9.885331920638516,1,-2.3791751224540947e-05,-0.006325701501420747,0.05819493904709816,1,base_too_high,-0.0002785296569572134,0.0,1.0,0.0,0.001828098287400617
63,63,-9.834647417550533,1,2.0068673447367203e-05,-0.0008443006916922888,0.03361435607075691,1,base_too_high,-0.001656839618430862,0.0,1.0,0.0,0.0009957812966095328
64,64,-9.500104340102595,1,6.11024066690851e-05,0.0057630051922106665,0.04920123890042305,1,base_too_high,-0.00153445937538464,0.04143557443313826,0.8828687001608296,0.0,0.0021082148140898547
65,65,-9.820830315660434,1,1.3161909320169416e-05,-0.00026238063197323535,0.060592517256736755,1,base_too_high,-0.008162412285439945,0.0,1.0,0.0,0.0016447565614791967
66,66,-9.766386504445727,1,8.897485547620739e-06,0.0011269210561551902,0.053234852850437164,1,base_too_high,0.0007632060825029358,0.0059718176161326336,0.978831142140839,0.0,0.0007507929474343783
67,67,-9.905659741751816,1,-2.7890113877202897e-05,-0.004614090306503809,0.03284675255417824,1,base_too_high,0.006888318260416814,0.0,1.0,0.0,0.0017351501493043438
68,68,-9.93746860316916,1,-4.648440820413442e-05,-0.005887211735494492,0.03029392473399639,1,base_too_high,0.006296924604352719,0.0,1.0,0.0,0.0013460915324740382
69,69,-9.602579663010326,1,4.5398316475551536e-05,0.002971779988560788,0.03937182575464249,1,base_too_high,0.001566252399592161,0.03037498272968169,0.924520134345073,0.0,0.002106554013326756
70,70,-9.693724181580201,1,3.105215849725335e-05,0.0038520909867252157,0.06676888465881348,1,base_too_high,0.004397293883806824,0.011478474609596195,0.9423070934032495,0.0,0.0014513730294004937
71,71,-8.9020138739305,1,8.829949489721907e-05,0.011731597061776839,0.03941900655627251,1,base_too_high,0.006067638649522651,0.14429555380119533,0.7023872996974103,0.0,0.0016029782539823307
72,72,-9.76258238600135,1,-9.933016092585395e-07,0.001387771821764083,0.05615892633795738,1,base_too_high,-0.006866734877361344,0.006326180084065428,0.9752884906486768,0.0,0.0015719575140869264
73,73,-9.658165305715695,1,6.324325954651929e-05,0.0050622910519020434,0.06912171095609665,1,base_too_high,-0.007923578154697037,0.013797106305519304,0.9267626469309184,0.0,0.0018575157461456133
74,74,-9.846759007777974,1,-4.319130220623878e-05,-0.0022205928244565173,0.052971892058849335,1,base_too_high,-0.009292279233071072,0.0,1.0,0.0,0.0016899775336962116
75,75,-9.92431462194952,1,-4.9262051969081975e-05,-0.00931649653007597,0.05172266811132431,1,base_too_high,-0.0009186735705209407,0.0,1.0,0.0,0.0024961613300152562
76,76,-9.675858826036341,1,2.083791009563841e-05,0.004505637640664683,0.0686778873205185,1,base_too_high,-0.002404340225297481,0.01233192808082045,0.934394636572112,0.0,0.0010881449478216492
77,77,-9.734297080586018,1,2.8123185956978973e-05,0.001984099252989053,0.056236617267131805,1,base_too_high,-0.009877221778547753,0.009329728096502487,0.9647187311994668,0.0,0.0018001181545477518
78,78,-9.638058138527697,1,1.1827507637470705e-07,0.0021093993280410436,0.03482309728860855,1,base_too_high,-0.007186146989034025,0.02654106767912575,0.9394252817538173,0.0,0.0008277187926955516
79,79,-9.566635323095065,1,7.735673454036154e-05,0.006935324799569981,0.06491222232580185,1,base_too_high,-0.003958168979665844,0.0251722585298544,0.8931584120396373,0.0,0.0008244421939517853
80,80,-9.93056533177934,1,-8.477638042647846e-05,-0.011593238099883683,0.06582923233509064,1,base_too_high,-0.01146425456246158,0.0,1.0,0.0,0.0016765388427863056
81,81,-9.890863792356745,1,-6.817912143044498e-05,-0.007886169560918248,0.06447300314903259,1,base_too_high,0.0027877356238600044,0.0,1.0,0.0,0.001946832562701417
82,82,-9.822971037919558,1,-1.1855224369416859e-05,-0.00023926122248718357,0.03502613306045532,1,base_too_high,0.009462234563792605,0.0,1.0,0.0,0.000814764221275791
83,83,-9.852434466300943,1,1.0267279129256216e-05,-0.0027374952472515625,0.04769129306077957,1,base_too_high,-0.0015256235330570228,0.0,1.0,0.0,0.0018637522910381389
84,84,-9.853355519459878,1,-1.2951517283689387e-05,-0.0022390252412167436,0.0422852523624897,1,base_too_high,-0.0005831422481223693,0.0,1.0,0.0,0.0013153354999948354
85,85,-9.492441918564214,1,7.918930355500212e-05,0.007886546447468789,0.06012631952762604,1,base_too_high,0.008270658640106274,0.03680132825518131,0.8688337096354329,0.0,0.0017588835650531424
86,86,-9.674390847432544,1,3.76621344080511e-05,0.003594668854939821,0.05909234285354614,1,base_too_high,0.0008560289797008302,0.015399020886734437,0.9391686179655255,0.0,0.0011727151726486733
87,87,-9.933857023303514,1,-6.378701998363773e-05,-0.008994211487343516,0.04803798720240593,1,base_too_high,0.0007631590018651801,0.0,1.0,0.0,0.0008002509283536009
88,88,-9.798538222998177,1,6.027539388434527e-06,0.0007567779944527276,0.06847263127565384,1,base_too_high,-0.011402393118971853,0.001827076629126886,0.9889477299432695,0.0,0.0017718407283379637
89,89,-9.83947869601114,1,-8.441804350359578e-06,-0.002320710204685222,0.06641649454832077,1,base_too_high,0.007993450301537896,0.0,1.0,0.0,0.0008972746826233421
90,90,-9.964265625466133,1,-6.876701487709619e-05,-0.009790027406896993,0.04028568044304848,1,base_too_high,0.004056180219993636,0.0,1.0,0.0,0.001496592053802559
91,91,-9.585905872742659,1,4.6149115990653193e-05,0.003441171775323472,0.041948940604925156,1,base_too_high,0.007440471674940166,0.03212226750088752,0.9179676126887835,0.0,0.0007414525514816177
92,92,-9.540090900462243,1,-4.693704161487844e-06,0.003292698094996227,0.03529805690050125,1,base_too_high,0.00418355934453488,0.041425262307543786,0.9067172962182174,0.0,0.002025286078519991
93,93,-9.850328097279412,1,-1.5356070651161872e-05,-0.0035343768241703254,0.06283117830753326,1,base_too_high,-0.008595019226571162,0.0,1.0,0.0,0.0008338096459824451
94,94,-9.669842088855852,1,2.5344399782949485e-05,0.00425890837063458,0.06475206464529037,1,base_too_high,0.0011364381831236593,0.014267442031230523,0.9342274535685057,0.0,0.0014616177815669049
95,95,-9.835275127820086,1,-2.7553400842591912e-05,-0.0014697576172314813,0.051569223403930664,1,base_too_high,0.0013242358170774465,0.0,1.0,0.0,0.0007599435456286284
96,96,-9.551486069617958,1,2.3618851155347907e-05,0.005244363332783022,0.05114763602614403,1,base_too_high,0.012003341401559757,0.03392267066619357,0.8974661613802655,0.0,0.0013031111580876613
97,97,-9.381583851784738,1,1.1052330492949226e-05,0.005121115355081384,0.035170044749975204,1,base_too_high,0.005544146749928504,0.06588599175107984,0.854389848944888,0.0,0.0012286441908009576
98,98,-9.57114002517867,1,7.574916431677341e-05,0.0075252764622741625,0.06923923641443253,1,base_too_high,-0.0008706209742076449,0.02263596398425608,0.8913148567387171,0.0,0.0014414391069688885
99,99,-9.878107967991472,1,-3.2112364786808745e-05,-0.0038830910091473877,0.03902609646320343,1,base_too_high,0.006026342478316699,0.0,1.0,0.0,0.001143998796040556
100,100,-9.853500857141826,1,-2.1292913605167205e-05,-0.003919701715173635,0.062179774045944214,1,base_too_high,0.0020588897271912677,0.0,1.0,0.0,0.001626943900144933
101,101,-9.841025754411586,1,-3.781258813565451e-05,-0.001958169386699899,0.04888225346803665,1,base_too_high,0.00014401224009440167,0.0,1.0,0.0,0.001365989727884045
102,102,-9.849448247445928,1,-1.635167980921143e-05,-0.0032715612104096204,0.05677920579910278,1,base_too_high,-0.0031727007073637536,0.0,1.0,0.0,0.0010352753130448476
103,103,-9.625823877965098,1,4.3721022193160514e-05,0.005516139737364882,0.06554014980792999,1,base_too_high,0.009919253257096059,0.01856158314720285,0.9158357177876358,0.0,0.000860339420652439
104,104,-9.845266062808054,1,1.4103789574364729e-05,-0.0024338780497624116,0.058864861726760864,1,base_too_high,-0.0002424528835856837,0.0,1.0,0.0,0.0012605340187513353
105,105,-9.967340493620043,1,-6.703678036267366e-05,-0.009861615620662385,0.04026466980576515,1,base_too_high,0.007075877267257099,0.0,1.0,0.0,0.0019658412850227154
106,106,-9.597908607261164,1,4.4516419058145523e-05,0.0051670903341712185,0.05732208862900734,1,base_too_high,-0.0055386176164584295,0.02503010662419809,0.9098586521702511,0.0,0.0021647287914786876
107,107,-9.278385680004337,1,5.983297478179389e-05,0.010723243109031388,0.05387352034449577,1,base_too_high,-0.008078754223043003,0.07115937684426953,0.800955222397874,0.0,0.0015318616215502607
108,108,-9.828928979648426,1,-5.643312431276461e-06,-0.001056971181065722,0.0462900772690773,1,base_too_high,-0.004485058656742535,0.0,1.0,0.0,0.0015121055537068015
109,109,-9.314168899254902,1,5.161242225266009e-05,0.007514195552089926,0.042990267276763916,1,base_too_high,-0.004809658226002355,0.07388398527507536,0.825211698021352,0.0,0.0011845702889370726
110,110,-9.40999490563053,1,6.531375609823349e-05,0.005666915230509675,0.04042069613933563,1,base_too_high,-0.008703541491531776,0.060141006985679944,0.8598016421738435,0.0,0.0018408701487985742
111,111,-9.996275727669198,1,-4.683051364013582e-05,-0.009646673818767689,0.03231056034564972,1,base_too_high,-0.009024845319841511,0.0,1.0,0.0,0.0011001020122664608
112,112,-9.340919992481625,1,2.3759855730708987e-05,0.007484902597667688,0.04476570710539818,1,base_too_high,-0.0032430439005335493,0.06806094740681576,0.8327982946939978,0.0,0.002779963625994056
113,113,-9.721382143097099,1,2.5428683442205628e-05,0.0028774123220534553,0.06585520505905151,1,base_too_high,0.005054393844463662,0.008478976623940504,0.9563069850906658,0.0,0.0018958806931384906
114,114,-9.885088163746046,1,-4.2971405484617894e-05,-0.00716799832740775,0.0668933242559433,1,base_too_high,0.010928737254589968,0.0,1.0,0.0,0.0011199531357139283
115,115,-9.631097773337265,1,4.72544820763709e-06,0.0027494952973266436,0.041595667600631714,1,base_too_high,-0.00016200310062541883,0.025805419708174186,0.933899477905274,0.0,0.00124257887810897
116,116,-9.896039677900845,1,-6.000434625623424e-05,-0.0065865216220671605,0.05125286057591438,1,base_too_high,0.004739289362194059,0.0,1.0,0.0,0.001775968302780117
117,117,-9.911114538949803,1,-5.866477526193052e-05,-0.009409508695629818,0.06134122610092163,1,base_too_high,-0.009278371128958648,0.0,1.0,0.0,0.0020796152057712494
118,118,-9.600598507129751,1,3.825509825983571e-05,0.005824994107256476,0.06330029666423798,1,base_too_high,0.003068949281333501,0.021455416194383507,0.9079784078252968,0.0,0.0014313063225473344
119,119,-9.393587240271478,1,2.6884413079409832e-05,0.004979424113789452,0.03432512655854225,1,base_too_high,0.004460128579255468,0.06480455755331217,0.8549335540969698,0.0,0.002016583633349248
120,120,-9.94493093857493,1,-6.600014677462099e-05,-0.008691380665381332,0.04196556285023689,1,base_too_high,0.010094790253175097,0.0,1.0,0.0,0.0010736388105431873
121,121,-9.792469983661197,1,-1.1251023580267468e-05,0.0006679138037611839,0.06378223747015,1,base_too_high,0.006090068512795836,0.002071185195232967,0.9895282165032565,0.0,0.0009280662703847493
122,122,-9.886447134775887,1,-6.67575527062677e-05,-0.005729363296939407,0.04806742072105408,1,base_too_high,0.0022832209396169392,0.0,1.0,0.0,0.0020963104179571347
123,123,-9.754396340247643,1,-8.168151249860324e-07,0.0013508534207300326,0.05331127718091011,1,base_too_high,0.0006954001379257322,0.0071804506567141905,0.9746610188341939,0.0,0.0010001461494299733
124,124,-9.715001258382228,1,5.295020597746504e-06,0.003246062101340375,0.06780317425727844,1,base_too_high,-0.0040811597316335055,0.00900312357315268,0.9521252200729652,0.0,0.0017822359278744238
125,125,-9.010891788633625,1,6.435321050591398e-05,0.008135832035988774,0.03173327073454857,1,base_too_high,-0.006782157771361699,0.1307357658724668,0.7436182277937191,0.0,0.0015819499607402862
126,126,-9.852174345358353,1,-3.903151698159845e-06,-0.0029873266143432328,0.05491436645388603,1,base_too_high,-0.004735816778001797,0.0,1.0,0.0,0.0014481056320699488
127,127,-9.861175385888735,1,-1.7228188302662957e-05,-0.003687284787962452,0.049165405333042145,1,base_too_high,-0.00489967286258386,0.0,1.0,0.0,0.0014824210592746206
128,128,-9.620904940589755,1,1.6697776858411387e-05,0.0044955713529705645,0.05585264787077904,1,base_too_high,0.009573200346030403,0.022568212617081706,0.9195101498348652,0.0,0.0013652267143096604
129,129,-9.46355891450805,1,3.63171381038339e-05,0.004516951729434674,0.03781500086188316,1,base_too_high,-0.0017915217055782448,0.05258990802559522,0.8805513224300772,0.0,0.0025570308266728197
130,130,-9.855801673716352,1,-4.753840678646668e-06,-0.002770887828504002,0.0449557825922966,1,base_too_high,0.006844821211109379,0.0,1.0,0.0,0.0016619031848351443
131,131,-9.855205596335205,1,2.993917695103397e-06,-0.0018258829473949798,0.03209209069609642,1,base_too_high,-0.0038638435498753805,0.0,1.0,0.0,0.00123424285914716
132,132,-9.38566857104456,1,1.5733838637986746e-05,0.004358759621721997,0.031243644654750824,1,base_too_high,-0.0031096471190286213,0.06843299293963963,0.8604913159749661,0.0,0.0021114364093153836
133,133,-9.551220877336146,1,5.487291842901395e-05,0.005455311223226183,0.053057920187711716,1,base_too_high,0.004197387961113669,0.03277995494584469,0.8971819637459892,0.0,0.0012540176626181904
134,134,-9.648123063468107,1,5.9600514815151885e-05,0.005044611710690005,0.06750129908323288,1,base_too_high,0.004676613730636034,0.015172082579058024,0.9252664485622617,0.0,0.0011544471274037428
135,135,-9.792224296757961,1,3.805777534705905e-05,0.0006115140323460921,0.06110530346632004,1,base_too_high,-0.005286628269474175,0.0021475266682601498,0.9899924558048617,0.0,0.001500916173735684
136,136,-9.822658481375466,1,-2.3747006711382648e-05,-0.00030345480814510193,0.046620097011327744,1,base_too_high,-0.004118646902454695,0.0,1.0,0.0,0.0011538526796280968
137,137,-9.769596532325291,1,3.9537681841774886e-05,0.001408399912555532,0.06622340530157089,1,base_too_high,-0.004216677663411401,0.0039542504811753325,0.9787325956410129,0.0,0.0016819940546462038
138,138,-9.95568769852502,1,-7.02290152329383e-05,-0.011754166014438462,0.050239644944667816,1,base_too_high,0.004633522953364293,0.0,1.0,0.0,0.0018212768717495362
139,139,-9.51132442668915,1,7.105876688683042e-05,0.008043498934520192,0.06316207349300385,1,base_too_high,0.0025833245513825686,0.03283088406929129,0.8726530303216673,0.0,0.0018703522955273882
140,140,-9.418661070330351,1,6.038212823687011e-05,0.010743689523526695,0.06453735381364822,1,base_too_high,-0.007554823219898921,0.04303312317884119,0.833527569954433,0.0,0.0015287409267334367
141,141,-9.693947904022787,1,1.765123577439945e-05,0.002523256988030561,0.04963138327002525,1,base_too_high,-0.008851653130216037,0.015480694339463984,0.9491600495830541,0.0,0.0007976268246121165
142,142,-9.525699874804294,1,3.077551110782744e-05,0.0032035471498801887,0.032758112996816635,1,base_too_high,-0.00947912875414629,0.04529201048733412,0.902205987588458,0.0,0.0013436753621208978
143,143,-9.672865698372272,1,4.4750477396877065e-05,0.003621500404569794,0.058218128979206085,1,base_too_high,-0.012396434777252796,0.016162377950469962,0.9377942837243476,0.0,0.0011423227193941344
144,144,-9.571654780126476,1,3.8659052027565657e-05,0.005692911426212472,0.057022418826818466,1,base_too_high,-0.0017653775166319558,0.028556473512004674,0.9001636304171916,0.0,0.0011163641600295388
145,145,-9.882071351546484,1,-6.834814801185865e-05,-0.00635943423021448,0.05936752259731293,1,base_too_high,-0.0095729294729714,0.0,1.0,0.0,0.0011361500890612077
146,146,-9.870177282888177,1,-3.366863297167724e-05,-0.004294755161333786,0.0494670532643795,1,base_too_high,-0.0029425679665899237,0.0,1.0,0.0,0.0022306313989823127
147,147,-9.84391834258243,1,-7.703803188972529e-07,-0.0031061400161331984,0.06600044667720795,1,base_too_high,0.0006875769901245248,0.0,1.0,0.0,0.0015888335372911196
148,148,-9.830502981342807,1,-1.901235300058122e-05,-0.0013244639594223904,0.05961443483829498,1,base_too_high,-0.0060713148347091815,0.0,1.0,0.0,0.0019072188821993227
149,149,-9.873075193710038,1,-5.596202999939485e-05,-0.005887374520092467,0.06711933761835098,1,base_too_high,-0.003295840089266096,0.0,1.0,0.0,0.0016645074991694267
150,150,-9.237301214235236,1,7.426771490547257e-05,0.010813813440416962,0.05170755460858345,1,base_too_high,-0.00037816495133244783,0.0788256076262067,0.7908658849993397,0.0,0.000938399741446348
151,151,-9.839518747885295,1,1.3804701257713799e-06,-0.0012176471249372672,0.03292972594499588,1,base_too_high,0.005195585967132793,0.0,1.0,0.0,0.0014067668334701818
152,152,-9.836122449932633,1,1.0867735797526389e-05,-0.0011867217836387539,0.046709030866622925,1,base_too_high,0.0024736250671611084,0.0,1.0,0.0,0.0019155296838171954
153,153,-9.939510221693322,1,-5.3619388408449795e-05,-0.006445648993151201,0.03097429871559143,1,base_too_high,0.0045132392170315686,0.0,1.0,0.0,0.0013103899515692348
154,154,-9.67838132507184,1,3.3370153974204786e-05,0.0017415513541455963,0.03612636774778366,1,base_too_high,-0.002139766682384913,0.02040264225656413,0.9517927905782331,0.0,0.0016242630665681784
155,155,-9.941680770440797,1,-3.5237747329914635e-05,-0.006451636905026339,0.03150758892297745,1,base_too_high,0.008018275272541613,0.0,1.0,0.0,0.0014112252380278055
156,156,-9.893734068998047,1,-5.283039964937857e-05,-0.005938543524649713,0.045434437692165375,1,base_too_high,-0.0005123611413626445,0.0,1.0,0.0,0.0017045417960273475
157,157,-9.729712761482098,1,9.561519802345175e-06,0.0023550650522576305,0.060950446873903275,1,base_too_high,0.0054811582349040796,0.008843085876740701,0.9613609873458102,0.0,0.0007568642228300046
158,158,-8.617565454012768,1,7.919551892153118e-05,0.011101728942244354,0.030177980661392212,1,base_too_high,0.005166201402411259,0.19937702538368662,0.6321248680807421,0.0,0.0007971637265123293
159,159,-9.124394663364688,1,6.495122288724407e-05,0.008304231110138612,0.036467600613832474,1,base_too_high,-0.006424230050086857,0.10814248808191984,0.7722846870999416,0.0,0.0015013567342278577
160,160,-9.815714402258903,1,1.2580284675115247e-05,8.749984322685357e-05,0.052281077951192856,1,base_too_high,0.0027271233087505704,0.00045628469275602247,0.9983263573141429,0.0,0.0017814434054132702
161,161,-9.871438507095247,1,-2.9892804177624253e-05,-0.0027064577670192548,0.03185180574655533,1,base_too_high,-0.004630399883061254,0.0,1.0,0.0,0.0010693163578679539
162,162,-9.908973136260936,1,-6.835226493185544e-05,-0.00715173773292003,0.046849943697452545,1,base_too_high,0.005055923088663244,0.0,1.0,0.0,0.0019832719376574777
163,163,-9.859676284431227,1,-1.7998369148391697e-05,-0.0035685138230506603,0.04697408154606819,1,base_too_high,-0.005160527759968511,0.0,1.0,0.0,0.0010082565776295153
164,164,-9.911179015698394,1,-4.4095620303730334e-05,-0.006729887558080483,0.04483684524893761,1,base_too_high,-0.009969603696043754,0.0,1.0,0.0,0.0011867119506326295
165,165,-9.680973560730717,1,2.7397967856106277e-05,0.0041290919843323635,0.06734206527471542,1,base_too_high,0.00377061012116981,0.012077049130235374,0.9386848037379701,0.0,0.0019848738952557613
166,166,-9.083673768942585,1,7.95434742534694e-05,0.011190881508975762,0.044883180409669876,1,base_too_high,-0.0029647199882342438,0.10914098844854501,0.7506664807292878,0.0,0.0011696476224875385
167,167,-9.89975637793054,1,-4.275890668623889e-05,-0.007384547074822485,0.056138694286346436,1,base_too_high,-0.01221071597210474,0.0,1.0,0.0,0.0016736880894067368
168,168,-9.64350001851681,1,4.939003491035306e-05,0.004451584975191159,0.061066240072250366,1,base_too_high,-0.007642082238773498,0.01791399361988876,0.9271023563200101,0.0,0.0010896146651231254
169,169,-9.501439228469964,1,4.249074215026966e-05,0.00955516802904821,0.06908189505338669,1,base_too_high,0.002235728214998847,0.030760321539936627,0.8616834693752785,0.0,0.0011930497371302746
170,170,-9.753047614100838,1,2.6447445300781305e-05,0.002223794570134202,0.06922712922096252,1,base_too_high,-0.0007953483632610005,0.005450617492260229,0.9678768330145443,0.0,0.0021733739670888146
171,171,-9.882989311033555,1,-4.1679335203483086e-05,-0.006503786611867438,0.06184646487236023,1,base_too_high,0.004498799431502632,0.0,1.0,0.0,0.0021243719310346074
172,172,-9.39715094214571,1,2.084091354020029e-05,0.0062054951728288755,0.04251565411686897,1,base_too_high,-0.0063580143995323945,0.06055232113393004,0.8540421076261451,0.0,0.0012073360948488634
173,173,-9.907345649947684,1,-7.669139395208217e-05,-0.009900349794450362,0.06848476827144623,1,base_too_high,0.0031390764073408574,0.0,1.0,0.0,0.0016347327748506898
174,174,-9.823242848531667,1,-4.402113960259937e-05,-0.0006957237198100777,0.04967520385980606,1,base_too_high,-0.0021466643774794847,0.0,1.0,0.0,0.0018427310447965532
175,175,-9.683379812648068,1,1.0566656333270203e-05,0.004078853515118153,0.0673845037817955,1,base_too_high,0.0011240703299178615,0.01192230009298936,0.9394689655626347,0.0,0.000868811590733616
176,176,-9.921466812039627,1,-5.444694255373435e-05,-0.007348204113517791,0.04245324060320854,1,base_too_high,0.008156740922106349,0.0,1.0,0.0,0.0018122865291289095
177,177,-9.912713447514262,1,-3.994883730007244e-05,-0.004836226386106097,0.03193167224526405,1,base_too_high,-0.0038883227485005745,0.0,1.0,0.0,0.001130966003215789
178,178,-9.346786664019154,1,6.887636191383332e-05,0.009695936204899511,0.05464747175574303,1,base_too_high,-0.007759191397351742,0.06065254702800187,0.8225730079827578,0.0,0.0014455448596963725
179,179,-9.826179034301965,1,-1.3616319604364682e-06,-0.0002944258639134219,0.03815082460641861,1,base_too_high,0.006337572967098062,0.0,1.0,0.0,0.0008400620753001358
180,180,-9.907229947721543,1,-3.6940562385094e-05,-0.005732389249699498,0.03978017345070839,1,base_too_high,-0.009573934878951425,0.0,1.0,0.0,0.0017885608599777642
181,181,-9.859311625820123,1,-5.52359048540252e-05,-0.004953678830007472,0.06911709159612656,1,base_too_high,-0.005762352267470996,0.0,1.0,0.0,0.001390560230347464
182,182,-9.515035812489145,1,6.326571972737679e-05,0.006643558813487266,0.05610978603363037,1,base_too_high,-0.0025384861136722235,0.03553404905125084,0.8815971469827809,0.0,0.0014938160220159722
183,183,-9.883129856233499,1,-1.1118840417316579e-05,-0.006294938542063177,0.06167434900999069,1,base_too_high,0.00937184186222039,0.0,1.0,0.0,0.002383933489896055
184,184,-9.833690748926331,1,-2.7764398197457304e-05,-0.0010263996190138609,0.03450606390833855,1,base_too_high,-0.006225425684191149,0.0,1.0,0.0,0.0016037647126404188
185,185,-9.860497121601844,1,-3.529426301420801e-05,-0.003547101502151248,0.05109583958983421,1,base_too_high,-0.00010024155493595985,0.0,1.0,0.0,0.0016692680762778515
186,186,-9.862657436694832,1,-1.5258122712248175e-05,-0.004903756887405359,0.06370742619037628,1,base_too_high,-0.0014558562538390632,0.0,1.0,0.0,0.000854165585481833
187,187,-9.873731518633297,1,-4.031454827983996e-06,-0.00418236171526697,0.04382048174738884,1,base_too_high,-0.006221084943499516,0.0,1.0,0.0,0.0016659903229388044
188,188,-9.865617471079538,1,-5.1457167323600774e-05,-0.004870037409446108,0.06653902679681778,1,base_too_high,-0.013933390984598584,0.0,1.0,0.0,0.0011616509008538392
189,189,-9.533297872777677,1,3.688746598210681e-05,0.004050836980018947,0.041213683784008026,1,base_too_high,-0.0023415813242734515,0.03998666282392569,0.9017113546703371,0.0,0.0018260931957282019
190,190,-9.680254915198681,1,4.1803843234881523e-05,0.00334774336546117,0.05882425978779793,1,base_too_high,-0.0019448626803976108,0.014390899898838419,0.9430890679554623,0.0,0.0013462904567299989
191,191,-9.883975337761509,1,-3.721777721621875e-05,-0.005564582791872322,0.05046068876981735,1,base_too_high,-0.0033216941758696396,0.0,1.0,0.0,0.0007637651854536726
192,192,-9.875737559033595,1,-4.969359185525112e-05,-0.0037850050444540703,0.04171079024672508,1,base_too_high,-0.004561031952902378,0.0,1.0,0.0,0.0014204839809061295
193,193,-9.429429063633359,1,4.794599184342089e-05,0.004385188913590235,0.03415664657950401,1,base_too_high,-0.0008435891763305284,0.05893476194713333,0.8716153559915424,0.0,0.001331424275573717
194,194,-9.88780359205324,1,-6.154540791285015e-05,-0.008164674892926103,0.06942157447338104,1,base_too_high,-0.0009130083829975911,0.0,1.0,0.0,0.0023718802366053315
195,195,-9.89159162731439,1,-8.132937467145602e-05,-0.008511410907714224,0.06802640855312347,1,base_too_high,-0.007799784706729514,0.0,1.0,0.0,0.0009446226482449027
196,196,-9.774140655603293,1,3.861556846383183e-05,0.0011870019892189457,0.06200515478849411,1,base_too_high,0.0045296394112129814,0.004110064809888054,0.9808563982942196,0.0,0.001021563614545153
197,197,-9.89894487675283,1,-4.8404483420444625e-05,-0.005162845165886138,0.03827401623129845,1,base_too_high,0.004030892844578708,0.0,1.0,0.0,0.0017364967363186652
198,198,-9.8562208139668,1,-5.49495006554998e-06,-0.0034562719119179816,0.05932222679257393,1,base_too_high,-0.004059240183721714,0.0,1.0,0.0,0.0024161405543037637
199,199,-9.831640298653111,1,-7.465559466701252e-06,-0.0006986581341883171,0.04885220527648926,1,base_too_high,-0.003626659805686279,0.0,1.0,0.0,0.0009911773939850128
200,200,-9.704445669254218,1,1.2550939928301134e-05,0.0035255439135153978,0.06827521324157715,1,base_too_high,0.007952573685514554,0.009522538943806015,0.9483627561546085,0.0,0.0013268986310033147
201,201,-9.774167563663054,1,1.2739644798428167e-05,0.0006279608547833724,0.038869813084602356,1,base_too_high,0.008494091611398026,0.006400569391113773,0.9838445099006328,0.0,0.0018711687836771424
202,202,-9.800715425784919,1,1.495558636818128e-05,0.00019528503474021473,0.0310059804469347,1,base_too_high,-0.006641066282093907,0.002854031292083852,0.9937016977220023,0.0,0.0007264948334589104
203,203,-9.09344044361978,1,8.307546265149041e-05,0.010598867581373432,0.04343588650226593,1,base_too_high,0.00468352131922761,0.10835198440605312,0.7559882222799579,0.0,0.0015814658190955538
204,204,-10.03454665921137,1,-6.97148138004525e-05,-0.011334064228632501,0.0316804014146328,1,base_too_high,0.0031151884202338304,0.0,1.0,0.0,0.001492918312196756
205,205,-9.799014448636882,1,2.493772573506942e-05,0.00028005733357581574,0.041430775076150894,1,base_too_high,-0.0036181861870051967,0.002469861405728198,0.9932403549493317,0.0,0.0025000525348528816
206,206,-9.850209786013185,1,-2.2597478403634233e-05,-0.0014740905813553015,0.03136295825242996,1,base_too_high,0.003397027481478034,0.0,1.0,0.0,0.0009027831436390117
207,207,-9.527054909624855,1,6.334080042953502e-05,0.006302099754987016,0.05486182123422623,1,base_too_high,0.010061434747473815,0.03575702425626653,0.8851277723674114,0.0,0.0013341226588998293
208,208,-9.576159168964214,1,-3.0001382983659116e-06,0.002526280557408256,0.03140421584248543,1,base_too_high,-0.0034951998149412205,0.03801494459121437,0.9195560086759288,0.0,0.0010227034803547426
209,209,-9.524722661143247,1,3.7993644544500224e-05,0.0036124790866855555,0.03612852841615677,1,base_too_high,0.006326915047949333,0.04455791006075484,0.9000103426242102,0.0,0.00205399114623507
210,210,-9.659948069968905,1,1.5366083618507363e-05,0.003526864518337511,0.055481214076280594,1,base_too_high,-0.007256357649151799,0.017985297448538103,0.9364313724151831,0.0,0.001542584407686147
211,211,-9.879623206291184,1,-9.474793462706389e-05,-0.007424055286101054,0.06998765468597412,1,base_too_high,0.0038870253845038503,0.0,1.0,0.0,0.0012793935370098808
212,212,-9.870314126175185,1,-7.667877804469082e-05,-0.005242379741746881,0.0592937208712101,1,base_too_high,0.005856961948585839,0.0,1.0,0.0,0.0017667850239870115
213,213,-9.901296371495926,1,-2.535182428165292e-05,-0.005442454477079655,0.04196619242429733,1,base_too_high,-0.01048377668191238,0.0,1.0,0.0,0.0010630067838771865
214,214,-9.511219836893263,1,7.007790006151206e-05,0.007560001666073473,0.06023971736431122,1,base_too_high,0.001903016494171382,0.03412776946742557,0.8745013732579086,0.0,0.0025327891027729123
215,215,-9.829776570060595,1,-3.9226337590529425e-05,-0.001564031991057677,0.06910732388496399,1,base_too_high,-0.010492359439724352,0.0,1.0,0.0,0.0006271141857166504
216,216,-9.852498286568204,1,-2.7131768219300302e-05,-0.002262999607692255,0.03798282518982887,1,base_too_high,-0.00030265292704872505,0.0,1.0,0.0,0.0028560075602297496
217,217,-9.62270175456624,1,4.3916202914868635e-05,0.005808394117024084,0.06707881391048431,1,base_too_high,-0.0025186623928021143,0.018178666706556868,0.9134094118988453,0.0,0.0014619199031844373
218,218,-9.957811577647082,1,-8.118529424782661e-05,-0.012598968617136585,0.054629724472761154,1,base_too_high,0.010246050075561357,0.0,1.0,0.0,0.0013174004875802722
219,219,-9.8303125081352,1,-2.0323096800123698e-05,-0.0012609171831408094,0.05550079792737961,1,base_too_high,-0.0031088733998053484,0.0,1.0,0.0,0.0012834629393054828
220,220,-9.84935972817753,1,-1.5165661279227175e-06,-0.0033498614630674876,0.06652112305164337,1,base_too_high,0.004046387244446534,0.0,1.0,0.0,0.0015159170287381962
221,221,-9.61903953618418,1,3.550823235429254e-05,0.006188480708057112,0.06812173128128052,1,base_too_high,-0.004201197277398278,0.017625658484164114,0.9091555542451666,0.0,0.0015919578554969814
222,222,-9.885835767033221,1,-6.908229915042383e-05,-0.007471769113567882,0.062290336936712265,1,base_too_high,-0.002973680990719186,0.0,1.0,0.0,0.001174165805274181
223,223,-9.38962219120434,1,3.711095295849645e-05,0.00601280590487561,0.0410538911819458,1,base_too_high,0.005556027132583991,0.0624340733701214,0.8535387064427342,0.0,0.0015666557435773814
224,224,-9.125680378335177,1,7.891740312551759e-05,0.01087391424419942,0.04538089036941528,1,base_too_high,-0.0057204745849019365,0.09983821242228103,0.760385618588022,0.0,0.0015868818839740867
225,225,-9.629053133616761,1,1.782436761211719e-05,0.0026877301371397277,0.04060513153672218,1,base_too_high,0.010088975578907441,0.026611129493744584,0.9338081152946764,0.0,0.000877865725923006
226,226,-9.880971986275858,1,-5.665267109522354e-05,-0.004215050420717875,0.037884198129177094,1,base_too_high,-0.004188401168547676,0.0,1.0,0.0,0.00177835127896636
227,227,-9.811783926917219,1,-2.1958762211836296e-05,3.96871420135866e-05,0.044593725353479385,1,base_too_high,-0.0021187888536305078,0.00030764837048813084,0.9991100285775918,0.0,0.0026058607604010644
228,228,-9.703032872661499,1,4.543789444680426e-05,0.0015081208904049203,0.0363590307533741,1,base_too_high,3.673037135845408e-05,0.017007093800582955,0.9585214204235967,0.0,0.0014397159554536407
229,229,-9.830186090626594,1,-1.5310029137304698e-05,-0.001202261297712606,0.06768231093883514,1,base_too_high,-0.0019550296872414756,0.0,1.0,0.0,0.0016170240519086017
230,230,-9.768576255655434,1,1.1720495228475757e-06,0.0005913392826058834,0.03673959895968437,1,base_too_high,0.003061760042564219,0.00668685290809626,0.9839045795046328,0.0,0.0015560549733835151
231,231,-10.087371342515986,1,-9.081031799830486e-05,-0.013869687917214416,0.030873557552695274,1,base_too_high,-0.004674515809402649,0.0,1.0,0.0,0.0018074856752523165
232,232,-9.623090966878323,1,4.4544398926774765e-05,0.0030485064057029134,0.043694011867046356,1,base_too_high,0.0001263430484088156,0.026365441596014748,0.9302305648191506,0.0,0.0010071912590576295
233,233,-9.538099052498419,1,4.1082961419310704e-05,0.003146936670950489,0.0335349440574646,1,base_too_high,0.0107876462392288,0.04350862822633224,0.9061594732761149,0.0,0.0016549353981230453
234,234,-9.89866141401368,1,-5.5994745974932263e-05,-0.006049986153338589,0.04394388943910599,1,base_too_high,0.002512634525875441,0.0,1.0,0.0,0.001812359893902772
235,235,-9.84171227100756,1,-2.199751684270814e-05,-0.0019391826260085018,0.05707472935318947,1,base_too_high,-0.007282358702692481,0.0,1.0,0.0,0.0015057335694230345
236,236,-9.95718515557206,1,-3.983355746752144e-05,-0.00828483089288025,0.03606455400586128,1,base_too_high,-0.005707870097559547,0.0,1.0,0.0,0.0019177057631928115
237,237,-9.840230626156966,1,-3.9223037647309986e-05,-0.0021579277596637616,0.06237627565860748,1,base_too_high,0.0034122801863901726,0.0,1.0,0.0,0.0019849464802717412
238,238,-9.540457819574371,1,5.478572690097028e-05,0.007869054455479106,0.0664159432053566,1,base_too_high,0.0025746478381373995,0.027103263757281806,0.8815185917663781,0.0,0.0012402014158427728
239,239,-9.786711681829576,1,-8.32368414422192e-06,0.0005741444502641018,0.052571963518857956,1,base_too_high,0.000826817338117856,0.0030919175401620223,0.9890788854565956,0.0,0.0010400207410231563
240,240,-9.74364665376752,1,3.285956707147766e-05,0.0007864067013209104,0.032616522163152695,1,base_too_high,0.0038266938310078397,0.010741665388173659,0.9758893138989667,0.0,0.001541864331091152
241,241,-9.281847555183008,1,8.869411547049905e-05,0.006955992825654829,0.03897416964173317,1,base_too_high,-0.0015950098074339696,0.08046686252000629,0.8215229993168359,0.0,0.001662228191028161
242,242,-9.474573951120627,1,2.53230327864687e-05,0.003808377866157662,0.03361177816987038,1,base_too_high,0.00864084969047545,0.05282460736203845,0.8866951373366838,0.0,0.0010788823386987704
243,243,-9.877219860773517,1,-1.8530052181844634e-05,-0.0052089549813528185,0.05689239129424095,1,base_too_high,-0.0054696473768393135,0.0,1.0,0.0,0.0017555516604149065
244,244,-9.884758335659376,1,-5.422498224443974e-05,-0.004782187170422754,0.04188932478427887,1,base_too_high,-0.0032506585567987495,0.0,1.0,0.0,0.00042218149280013885
245,245,-9.71355258086079,1,6.694622318803469e-06,0.002474668580317535,0.05653638020157814,1,base_too_high,0.0063276808943853605,0.011135689319720728,0.9562287416404537,0.0,0.001391756089488772
246,246,-8.988583537300425,1,6.020451914628158e-05,0.011469779409037657,0.04192909970879555,1,base_too_high,-0.001821587493333118,0.1267723443611627,0.7264482193212521,0.0,0.0015467996073506443
247,247,-9.48874369046885,1,2.0221024144104323e-05,0.004517983200933059,0.03995194286108017,1,base_too_high,0.005631105506302448,0.04784905532030114,0.8869145567809292,0.0,0.002020868539576263
248,248,-9.83512994054216,1,-3.2149279360278352e-06,-0.002211878635631971,0.06563056260347366,1,base_too_high,-0.005483708200639231,0.0,1.0,0.0,0.0013752405637578223
249,249,-9.787963868758274,1,3.1935740896054182e-06,0.0008759280695510819,0.0620710663497448,1,base_too_high,-0.011585712963525868,0.002920515942349235,0.9858883032679789,0.0,0.0015105011304061217
250,250,-9.849635238356866,1,-1.4889733686492024e-05,-0.0028679835180261785,0.05128956213593483,1,base_too_high,-0.003934393789368942,0.0,1.0,0.0,0.0022511490571325565
251,251,-9.53482497027959,1,5.2339240385168654e-05,0.0036987818420689024,0.037934597581624985,1,base_too_high,-0.00946274967911354,0.04127802102001541,0.9024958244514815,0.0,0.0017515844856527177
252,252,-9.870722506502208,1,-8.83548880495018e-06,-0.002914188542732633,0.03399692103266716,1,base_too_high,0.007581579154404476,0.0,1.0,0.0,0.0018680322471769984
253,253,-9.054657346229833,1,4.11046566672392e-05,0.007244995573645715,0.03008563071489334,1,base_too_high,-0.002003385469137824,0.12347333002195517,0.7591875114720104,0.0,0.0010286828468482347
254,254,-9.86109116338527,1,-6.198441131217606e-05,-0.004438470327865454,0.059950653463602066,1,base_too_high,-0.003983241141439264,0.0,1.0,0.0,0.0013471890538425807
255,255,-9.951971371792226,1,-6.796408651457675e-05,-0.00846176866716451,0.03766189515590668,1,base_too_high,0.003120700471110099,0.0,1.0,0.0,0.0020998634262006433
256,256,-9.704093353136864,1,2.9213066472835926e-05,0.0025821850589328506,0.05467494949698448,1,base_too_high,-0.00474839151606096,0.013088989263467628,0.9527720637889905,0.0,0.0013296056930388969
257,257,-9.805192281279814,1,1.2626504836932905e-05,0.00046599117560393484,0.06192397698760033,1,base_too_high,0.0023728597800754996,0.0015547077026960624,0.9924747858266805,0.0,0.0011693545981047075
258,258,-9.841876869349901,1,1.023725018474079e-05,-0.0014130693160675856,0.03692764416337013,1,base_too_high,0.00714913596972881,0.0,1.0,0.0,0.001847964686187139
259,259,-9.542133920879053,1,5.4795590733152444e-05,0.008265863022886727,0.06857234984636307,1,base_too_high,0.010592660093717295,0.025962287431362134,0.8794577844483986,0.0,0.0025842800334297295
260,260,-9.847121043432935,1,-1.7911004878238972e-05,-0.0019595874472180808,0.03660571202635765,1,base_too_high,0.007273739534062758,0.0,1.0,0.0,0.0013815370176035382
261,261,-9.853991128125175,1,-6.443984137264775e-05,-0.00281591570215778,0.04515495523810387,1,base_too_high,0.0018096762413716135,0.0,1.0,0.0,0.001828773354436403
262,262,-8.94354413633129,1,5.917955782709665e-05,0.009790915087172346,0.03523513674736023,1,base_too_high,-0.005382151017592338,0.1390314939385185,0.7221263701574422,0.0,0.000980653485263851
263,263,-9.852673561718793,1,-3.3362940655676984e-05,-0.0032169501296234566,0.05714154615998268,1,base_too_high,0.00408855770934142,0.0,1.0,0.0,0.001411274724775687
264,264,-9.84156296312421,1,1.5120141213527997e-05,-0.0011079943773493815,0.034453295171260834,1,base_too_high,-0.0034600042117713093,0.0,1.0,0.0,0.001933497277266787
265,265,-9.847366337356394,1,-2.9488404871038015e-05,-0.0027768894744737297,0.06183624640107155,1,base_too_high,-0.00236066294389548,0.0,1.0,0.0,0.0016711029474494204
266,266,-9.606653639360822,1,3.356788664404663e-05,0.004547646713549798,0.054176390171051025,1,base_too_high,0.0029712737638826103,0.02538939155682349,0.9160585163722159,0.0,0.0007965632135632797
267,267,-8.739401151836107,1,7.407891313395074e-05,0.012457478042191683,0.036402128636837006,1,base_too_high,0.007029851654914392,0.17345876714499409,0.6577815985876204,0.0,0.0023081787789321043
268,268,-9.904759021539203,1,-4.9271679159104264e-05,-0.0056843053438690285,0.03862464055418968,1,base_too_high,0.004226709195635441,0.0,1.0,0.0,0.0012521053556477809
269,269,-9.586718254272927,1,3.851218089834829e-05,0.0072215006498057436,0.0691097304224968,1,base_too_high,-0.007227824257298787,0.021621799261714515,0.8955067411487191,0.0,0.0013605164437559699
270,270,-9.886513705282198,1,-6.1369718810169e-05,-0.006718086011810998,0.06190298870205879,1,base_too_high,-0.008286651641206294,0.0,1.0,0.0,0.0006672989010390389
271,271,-9.828535957128564,1,-8.634381689428445e-06,-0.0005693183530061285,0.0367957167327404,1,base_too_high,-0.00730299684244374,0.0,1.0,0.0,0.0015941154325081809
272,272,-9.574659107730225,1,2.873211988751068e-05,0.007286021973711546,0.06778766214847565,1,base_too_high,-0.007847744442521929,0.023329071564501275,0.8925169844880303,0.0,0.0012469739634895936
273,273,-9.894981604915134,1,-4.533207000318541e-05,-0.00838783635906222,0.06471056491136551,1,base_too_high,-0.003702205932487963,0.0,1.0,0.0,0.001462643853653751
274,274,-9.942012837548342,1,-7.761830237502023e-05,-0.009094714019141423,0.04370049014687538,1,base_too_high,-0.0014260488122168848,0.0,1.0,0.0,0.0015479538048956548
275,275,-9.885427942705897,1,-6.493966352659305e-05,-0.005967547713535196,0.05858335271477699,1,base_too_high,-0.013456659583964926,0.0,1.0,0.0,0.0019080805749820274
276,276,-9.577921767891882,1,2.6716943121396256e-07,0.0028986226777352265,0.03601041063666344,1,base_too_high,0.005598576322294741,0.03520748852564582,0.9195059782971877,0.0,0.0006755220905372974
277,277,-9.836516683281902,1,8.84623059991955e-06,-0.0013708358579264286,0.041542064398527145,1,base_too_high,-0.003973164773199865,0.0,1.0,0.0,0.0015282265627248066
278,278,-9.581069147037311,1,3.3302313861233783e-05,0.00626867979698408,0.06272555142641068,1,base_too_high,-0.010916449105499266,0.024735383012547497,0.9000617880124763,0.0,0.0010811742656793805
279,279,-9.883323578854005,1,-4.187845864840721e-05,-0.006901235676924183,0.0618131123483181,1,base_too_high,0.001695511862456949,0.0,1.0,0.0,0.0015599350371283056
280,280,-9.241578753658795,1,2.7333252746461388e-05,0.0073115950003770835,0.037835560739040375,1,base_too_high,0.004638243346013018,0.08804235529503573,0.8067533639140284,0.0,0.001470985407231103
281,281,-9.734501390404823,1,-7.980298338816848e-06,0.0015189185798570289,0.049083858728408813,1,base_too_high,-0.0004964672026456767,0.00990004136788237,0.9690546219930681,0.0,0.0013479681560834547
282,282,-9.871897004352308,1,-7.048725756280586e-05,-0.005763146610893354,0.06732232123613358,1,base_too_high,-0.0038760688268934173,0.0,1.0,0.0,0.001761500710119443
283,283,-9.710823543441343,1,9.70310660209507e-06,0.00323189145220273,0.06584175676107407,1,base_too_high,-0.0021303808466274195,0.009819693931379358,0.9509142602396433,0.0,0.0007805198212838768
284,284,-9.724888418997972,1,1.0073455126184973e-05,0.0027040169195508435,0.06399047374725342,1,base_too_high,0.0032433663759334572,0.008676169266164623,0.9577434447934774,0.0,0.0016032210562174538
285,285,-9.848720073044676,1,-4.369863778385936e-05,-0.0028023238575300676,0.06011760234832764,1,base_too_high,0.012900746028403076,0.0,1.0,0.0,0.0017280412158387915
286,286,-9.969887983317788,1,-5.84149176706773e-05,-0.008284371541779864,0.03266824036836624,1,base_too_high,-0.007700837205057084,0.0,1.0,0.0,0.0015615196010052446
287,287,-9.898801059241014,1,-7.946137115501947e-05,-0.006672301616957816,0.04944983869791031,1,base_too_high,-0.0021301115134530497,0.0,1.0,0.0,0.0013927229780551183
288,288,-9.924860672187306,1,-7.898416901023914e-05,-0.009725953713648662,0.05537435784935951,1,base_too_high,-0.00457820812474579,0.0,1.0,0.0,0.001393985771612778
289,289,-10.011071897592236,1,-7.454581651466138e-05,-0.010745349086207301,0.03402988240122795,1,base_too_high,-0.002522651090506953,0.0,1.0,0.0,0.001367537537936555
290,290,-9.37181201098166,1,3.600866186072817e-05,0.007107258325835829,0.04508141055703163,1,base_too_high,0.005794503747404616,0.06273689084037037,0.8423461381921922,0.0,0.0018888096703438217
291,291,-9.835007296816611,1,-1.1031511547568417e-05,-0.0013351378268754797,0.04330581799149513,1,base_too_high,-0.005139642049861067,0.0,1.0,0.0,0.0015954326139557616
292,292,-9.620133251947887,1,4.3054182734117874e-05,0.0026712979117152723,0.03860766068100929,1,base_too_high,-0.002233029668754833,0.027994664231807725,0.9308091220832369,0.0,0.001032083305480385
293,293,-9.821346074533498,1,-1.8663768254487767e-05,-0.0005883865480947666,0.06720741093158722,1,base_too_high,0.007952592584259151,0.0,1.0,0.0,0.0012752037700958728
294,294,-9.909157995321968,1,-8.864034101107114e-05,-0.00858387114544248,0.05617201328277588,1,base_too_high,0.004574769761299067,0.0,1.0,0.0,0.000981598135466145
295,295,-9.839971759912778,1,-1.3179424107720258e-05,-0.001988799344170065,0.060871854424476624,1,base_too_high,-0.0027760436125579694,0.0,1.0,0.0,0.0007162161178326086
296,296,-9.252901614554826,1,7.389818212436491e-05,0.011407712620536437,0.05432932823896408,1,base_too_high,-0.008611760261474328,0.07539882618953599,0.7900266239341396,0.0,0.0011837010263478305
297,297,-9.882293374312422,1,-2.847830005581989e-05,-0.0040043538271376695,0.0391201451420784,1,base_too_high,0.000931953623609072,0.0,1.0,0.0,0.0010749041660066464
298,298,-9.654827652471926,1,1.1600335343393898e-05,0.0030758761088950327,0.049018025398254395,1,base_too_high,0.003634106335172073,0.020844613359675666,0.9372501001737275,0.0,0.0013851912890757467
299,299,-9.840835598628164,1,-2.6863520922367562e-05,-0.002008721517274298,0.0510430671274662,1,base_too_high,0.0024221363166875244,0.0,1.0,0.0,0.0010366291391699172
300,300,-9.569183463366269,1,1.6410062880257496e-05,0.006002487114303062,0.05951359122991562,1,base_too_high,-0.000580418185821173,0.027117445136317826,0.8991409050022866,0.0,0.001572869369403923
301,301,-9.359632864453172,1,7.025555523917442e-05,0.006954070059989439,0.04370256885886192,1,base_too_high,0.004452896645966919,0.06548435130620298,0.8408773189429264,0.0,0.0018282189836866629
302,302,-9.8268381993367,1,-8.23781811648654e-06,-0.0005650869709125527,0.05644293501973152,1,base_too_high,-0.0055891470482325465,0.0,1.0,0.0,0.0017418924984432585
303,303,-9.878703894180845,1,-2.7896219752714532e-05,-0.0041929148763004105,0.04393093287944794,1,base_too_high,0.009962028005685858,0.0,1.0,0.0,0.0016802994070604714
304,304,-9.381867262345917,1,3.682649743691793e-05,0.006788679393476731,0.04438301548361778,1,base_too_high,0.004899823692896242,0.06179386187357703,0.8470432987808085,0.0,0.0010163199774800538
305,305,-8.711911887074583,1,8.691264532559388e-05,0.01400526814955475,0.0396416112780571,1,base_too_high,0.007966609093622873,0.1762405547074965,0.6467028544438889,0.0,0.0013755670261493117
306,306,-9.885727641583172,1,-3.801759069889842e-05,-0.003998426605929725,0.037377890199422836,1,base_too_high,-0.004338477279941526,0.0,1.0,0.0,0.0011325257780132486
307,307,-9.868130289223512,1,-2.8680214664162754e-05,-0.005705282127065679,0.06758106499910355,1,base_too_high,0.002209732519827693,0.0,1.0,0.0,0.0011540528403534286
308,308,-9.748403817805315,1,-1.3488418807951222e-05,0.0016058176426498399,0.056211426854133606,1,base_too_high,0.0006416808205687445,0.007480948652697931,0.9714325404633515,0.0,0.0021904056649931125
309,309,-8.768403636467916,1,7.257519912480527e-05,0.010802042864442711,0.03290773928165436,1,base_too_high,0.002520618737155756,0.17179051147778726,0.6717476490362617,0.0,0.0011262634615250085
310,310,-9.859906958409024,1,-3.254686751323731e-05,-0.002109590175887364,0.03756869211792946,1,base_too_high,0.011937642196074795,0.0,1.0,0.0,0.0014676371741841198
311,311,-9.71592913873128,1,3.474313271695739e-05,0.0018371048057744099,0.04796271771192551,1,base_too_high,-0.002310774963724216,0.0127112903595714,0.9616972327603126,0.0,0.0015167487435768536
312,312,-9.820118161891386,1,-1.4660979258138183e-05,-2.6872643265290748e-05,0.05296800285577774,1,base_too_high,-0.005681768151048482,0.0,1.0,0.0,0.0012013903972089295
313,313,-9.883387809897036,1,-1.130837417609367e-05,-0.004083838932594229,0.0403343141078949,1,base_too_high,-0.004722821075999324,0.0,1.0,0.0,0.002039449819504058
314,314,-9.88216644255989,1,1.2423157237708876e-06,-0.0034410842644016617,0.03388530761003494,1,base_too_high,-0.004427652982327145,0.0,1.0,0.0,0.0010843287291301916
315,315,-9.523243751542928,1,7.567133849332999e-05,0.00905226467281669,0.06986111402511597,1,base_too_high,-0.004141831571243636,0.02779955052195793,0.8704248427421651,0.0,0.0013189438336951703
316,316,-9.663033630156587,1,6.951404406992616e-06,0.0031846629883289083,0.05166219547390938,1,base_too_high,-0.004170633261159497,0.018808996703986582,0.9383560280482932,0.0,0.0007035066380816075
317,317,-9.13023824892825,1,3.3378007598212686e-05,0.006637743463516678,0.03016067110002041,1,base_too_high,-2.017892663546235e-05,0.1088601649659625,0.7799205581536495,0.0,0.0018726172978074415
318,318,-9.942761140738085,1,-5.065959582697761e-05,-0.007647138307508403,0.03706972301006317,1,base_too_high,-0.0063964480608423415,0.0,1.0,0.0,0.0013262092085469337
319,319,-8.846761095318175,1,4.787831043020394e-05,0.009277480399196682,0.03064591996371746,1,base_too_high,0.004914558378959078,0.15973150189773744,0.6972686625779911,0.0,0.001980183610255334
320,320,-9.344123946419945,1,3.5331744232171174e-06,0.0054061784602186394,0.0349731408059597,1,base_too_high,0.0017806436104675124,0.07265138570453086,0.8454191251398763,0.0,0.0014369129532164388
321,321,-9.860047120670886,1,-3.503647782215663e-05,-0.004550198923566882,0.06772666424512863,1,base_too_high,0.005257380622421931,0.0,1.0,0.0,0.0012979173521028898
322,322,-9.685522450112405,1,6.827281186701037e-05,0.0032743464994980775,0.05770682170987129,1,base_too_high,0.005888664802019864,0.014846574827927658,0.9432589341619884,0.0,0.0018021928891327628
323,323,-9.908924510641764,1,-7.194672467214776e-05,-0.010166982263253122,0.06567031145095825,1,base_too_high,0.0071730370658088195,0.0,1.0,0.0,0.0014542450521791823
324,324,-9.926196578732926,1,-8.388789301477418e-05,-0.010193291665733743,0.05704060569405556,1,base_too_high,0.004635632837253829,0.0,1.0,0.0,0.0018538982298656435
325,325,-9.802844189156158,1,4.4632342147247114e-05,0.0006160277600555867,0.0687391385436058,1,base_too_high,0.007118169279097415,0.0014610755959808999,0.991038179994983,0.0,0.0023241517580053503
326,326,-9.336739524220839,1,8.573648857641467e-05,0.008250576357538056,0.047903936356306076,1,base_too_high,0.0013780808664841163,0.06673233694779024,0.8277683038268432,0.0,0.0023269437059940646
327,327,-9.570733150424374,1,2.6302651795485996e-05,0.004507239062178807,0.04932716488838196,1,base_too_high,0.006714836383094328,0.031375119955296224,0.9086256195240472,0.0,0.0018250673049763529
328,328,-9.841119999923563,1,3.40157672154121e-06,-0.0017033468407974108,0.04316063970327377,1,base_too_high,0.00923075781294189,0.0,1.0,0.0,0.0013031449341203703
329,329,-9.000294359917365,1,7.231796485806572e-05,0.008037364197339072,0.031076887622475624,1,base_too_high,-0.0018829863127529853,0.133088515358129,0.7413716517477444,0.0,0.0011565732868351584
330,330,-9.681077035264178,1,1.4869787414578845e-05,0.001911917035371373,0.04042045399546623,1,base_too_high,-0.0029618948281222206,0.01870010523342251,0.9526992681701704,0.0,0.0019726753099686837
331,331,-9.654089327147586,1,1.920599300429682e-05,0.002388837201048999,0.041436612606048584,1,base_too_high,-0.005745283483176125,0.022624161068646367,0.9423496011174529,0.0,0.0016970901516779398
332,332,-9.71714411584696,1,6.431276551187248e-05,0.0019304733978284833,0.04859281703829765,1,base_too_high,0.0028720834045963682,0.012875616884569382,0.9602724540846351,0.0,0.00182602901549649
333,333,-9.841821759290381,1,-1.3178092818283416e-05,-0.002100827959886411,0.06184688210487366,1,base_too_high,0.010601275191650994,0.0,1.0,0.0,0.0017847456434021292
334,334,-9.341446042409565,1,4.714746302616926e-05,0.006080532745285642,0.037887781858444214,1,base_too_high,0.005590946353465304,0.07142786125899314,0.8395120363277278,0.0,0.0014476050227280473
335,335,-9.876658196263854,1,-4.6545155543448803e-05,-0.004517557186645837,0.046682119369506836,1,base_too_high,-0.005447471232564262,0.0,1.0,0.0,0.0010202455398728174
336,336,-9.8346642416688,1,2.1628512059661292e-07,-0.0005814916640226912,0.03590834513306618,1,base_too_high,-0.011844499765252326,0.0,1.0,0.0,0.0012751615523590055
337,337,-9.98310392209668,1,-5.206002636478362e-05,-0.011469055822101578,0.04067545384168625,1,base_too_high,-0.002265223958604605,0.0,1.0,0.0,0.0014871185016384141
338,338,-9.654384535063407,1,5.4899880343402056e-05,0.0046297995779197975,0.06517664343118668,1,base_too_high,0.0009427741909029547,0.015225693768913287,0.9289653573647128,0.0,0.001328292827356419
339,339,-9.880154718040634,1,-5.131252817531253e-05,-0.005477018806648951,0.054828204214572906,1,base_too_high,0.004977915790885399,0.0,1.0,0.0,0.0012813359813964491
340,340,-9.862317261994733,1,-6.680582534653501e-05,-0.004329873197538865,0.05626789480447769,1,base_too_high,0.004083321475899962,0.0,1.0,0.0,0.0013649379127196307
341,341,-9.932579904525412,1,-3.361034576177393e-05,-0.0061977906424768425,0.0336906760931015,1,base_too_high,0.009751526976456171,0.0,1.0,0.0,0.000846964505612096
342,342,-9.628590737226915,1,4.3235927729801755e-06,0.0019411527355915233,0.030848585069179535,1,base_too_high,-0.0028919321851013408,0.029919117396749167,0.9370748197600006,0.0,0.00116404967672812
343,343,-9.759657916818412,1,1.6193739378096694e-05,0.0016414835605554335,0.062032487243413925,1,base_too_high,-0.0014977958496866764,0.005563478044057215,0.97353832500012,0.0,0.001028444024231985
344,344,-9.581617931912911,1,5.851394724006353e-06,0.0031304122950308417,0.03818826749920845,1,base_too_high,-0.0001650816077824274,0.03494306888877977,0.9180268574753692,0.0,0.0013638412873404155
345,345,-9.905822027401936,1,-7.932521021132096e-05,-0.009564399142171866,0.06328006088733673,1,base_too_high,0.0019464175669812354,0.0,1.0,0.0,0.0020764652186879024
346,346,-9.440552130242134,1,3.3065531139469384e-05,0.0065420329373171385,0.047037288546562195,1,base_too_high,0.014850682187165152,0.05163627814440563,0.8609181518609412,0.0,0.0017939112890220058
347,347,-9.09150973877071,1,5.451665480088898e-05,0.00871451346764874,0.03657160699367523,1,base_too_high,0.008541445592829303,0.11323676963633497,0.7617136749932614,0.0,0.0007471103412956364
348,348,-9.992657882540286,1,-9.120807709311852e-05,-0.011725425755769292,0.04014908894896507,1,base_too_high,0.004648444488980584,0.0,1.0,0.0,0.0011776833106320998
349,349,-9.883304100832651,1,-3.948060901601531e-05,-0.00639744752881067,0.0616898275911808,1,base_too_high,0.006439450335948628,0.0,1.0,0.0,0.000988337154734289
350,350,-9.643163935116927,1,-3.1275957442729802e-06,0.0028069212507889924,0.04337325319647789,1,base_too_high,-0.010641896720818233,0.024265628182021617,0.9352845132603715,0.0,0.001244052264499987
351,351,-9.886586324956907,1,-5.3999552425980166e-05,-0.007192595291062372,0.06153352931141853,1,base_too_high,0.009032940250804719,0.0,1.0,0.0,0.0018700158863076636
352,352,-9.357532750316182,1,7.760750036308483e-05,0.012438901713752339,0.0662587434053421,1,base_too_high,0.005624106888950944,0.05037842267962679,0.8122677681078027,0.0,0.0019655747359602236
353,353,-9.916470390010636,1,-5.515813828826332e-05,-0.006961770246030657,0.042520713061094284,1,base_too_high,0.0018312410986279673,0.0,1.0,0.0,0.0015290727480600018
354,354,-9.464946161203317,1,1.2179558354967496e-05,0.004743230286824042,0.038881782442331314,1,base_too_high,0.007057042799697425,0.05237571544494763,0.8780089243885731,0.0,0.0019527947087364273
355,355,-9.842137412713539,1,-4.23450843390904e-05,-0.002435045563484141,0.06513623893260956,1,base_too_high,-0.003681945841506584,0.0,1.0,0.0,0.0021234550607651392
356,356,-9.9236254052808,1,-6.0977335215698985e-05,-0.01089514341632868,0.061420898884534836,1,base_too_high,-0.0008306318357105136,0.0,1.0,0.0,0.0006536420120292662
357,357,-9.854652584771639,1,-2.008700076699626e-05,-0.003479659523695597,0.05363508686423302,1,base_too_high,-0.007763262221208594,0.0,1.0,0.0,0.0016191006746733134
358,358,-9.594909624421021,1,3.7389784630362335e-05,0.005633749644729367,0.06033894419670105,1,base_too_high,0.00392014414420525,0.02422163323000631,0.9066316188457906,0.0,0.0008997029306986066
359,359,-9.858447928864472,1,4.2948215519057356e-07,-0.004126684940718954,0.06463858485221863,1,base_too_high,-0.003463784396197869,0.0,1.0,0.0,0.0013919865910930055
360,360,-9.857751427815344,1,-9.684996234334906e-06,-0.0026362340297128913,0.04416755959391594,1,base_too_high,-0.008671443115462227,0.0,1.0,0.0,0.0007689361836824104
361,361,-9.946640427505015,1,-3.680209858445311e-05,-0.008709912732218408,0.04098350554704666,1,base_too_high,-0.01011366391057539,0.0,1.0,0.0,0.001017392498652993
362,362,-9.483321264100468,1,7.049669602213791e-05,0.0053259660332473585,0.04401788115501404,1,base_too_high,0.007082318002196095,0.047038439613391464,0.8790044934582147,0.0,0.0014126028211677365
363,363,-9.877870012722548,1,-1.9634057729171445e-05,-0.004929847024516374,0.04829346388578415,1,base_too_high,0.002723547277767905,0.0,1.0,0.0,0.001582880530257068
364,364,-9.93423395652129,1,-3.855297364436745e-05,-0.008912200470327782,0.04579125717282295,1,base_too_high,0.005314078251461185,0.0,1.0,0.0,0.0007269247109940746
365,365,-9.99760698408552,1,-8.528048413325455e-05,-0.012036839198538735,0.040661271661520004,1,base_too_high,0.0025424281529515796,0.0,1.0,0.0,0.001422279241781849
366,366,-9.857795264196065,1,-5.059917586607894e-05,-0.003033374198607533,0.04627891257405281,1,base_too_high,0.005104176915940729,0.0,1.0,0.0,0.0020164265810632344
367,367,-9.503121613297067,1,7.753642268991157e-06,0.003684308957815202,0.0349690318107605,1,base_too_high,0.007623444907962883,0.04811096134348521,0.8946408025889852,0.0,0.0018320725118217845
368,368,-9.407539222114664,1,4.9813609697958365e-05,0.008647546557683117,0.05467312037944794,1,base_too_high,0.00482234589754644,0.05217018472227881,0.8418318421252236,0.0,0.0010879319541158483
369,369,-9.543525472970709,1,5.660841100849277e-05,0.006590168996317357,0.05902256816625595,1,base_too_high,0.006210575334709697,0.030798792095078378,0.8883449300334471,0.0,0.0018853107686311829
370,370,-9.921864723981248,1,-6.454487818567672e-05,-0.008686298265193971,0.051504526287317276,1,base_too_high,0.009090539154425559,0.0,1.0,0.0,0.001866900509953226
371,371,-9.84522019985721,1,-1.5728919179744636e-05,-0.0015644760699649327,0.03172296658158302,1,base_too_high,0.003976716396580461,0.0,1.0,0.0,0.0009020450290204383
372,372,-9.876308597622723,1,-6.210112044283348e-05,-0.006335913320535994,0.06683019548654556,1,base_too_high,-0.00977067188574398,0.0,1.0,0.0,0.000810832662605139
373,373,-9.86263189199173,1,-4.467994520169081e-05,-0.0022972099891586566,0.0323878675699234,1,base_too_high,-0.00828657695454343,0.0,1.0,0.0,0.0010460083836667505
374,374,-9.82271912552057,1,-1.4185082988620252e-05,-0.00029961104383521516,0.03242647647857666,1,base_too_high,-0.002684506547430448,0.0,1.0,0.0,0.0009320733937052983
375,375,-9.862053228582047,1,-5.599083391722341e-05,-0.00285122094600592,0.03629641979932785,1,base_too_high,-0.0068233931389059055,0.0,1.0,0.0,0.001318965042735138
376,376,-9.91229113652074,1,-7.793698255400348e-05,-0.009251708114550486,0.05637401342391968,1,base_too_high,-0.0004472831760033386,0.0,1.0,0.0,0.0018012549815425312
377,377,-9.911275057994215,1,-4.379995853808773e-05,-0.005069185728269067,0.033300720155239105,1,base_too_high,-0.0008348192781542604,0.0,1.0,0.0,0.0014728710203588441
378,378,-9.690699952930284,1,3.8103974462933804e-05,0.0015021682457008105,0.03521477058529854,1,base_too_high,0.006341416696946158,0.018593175710252704,0.9573426654587114,0.0,0.0017857727162660202
379,379,-8.9830802193416,1,6.127993687293749e-05,0.01039983072495805,0.03827217221260071,1,base_too_high,0.008977890355851963,0.1304231338444415,0.7282665036448661,0.0,0.0009285863714839071
380,380,-9.875888319049425,1,-4.214900844023937e-05,-0.005691081094596597,0.05770355835556984,1,base_too_high,0.0007512893042895052,0.0,1.0,0.0,0.0018637100871195782
381,381,-9.151578714974002,1,6.989446993462014e-05,0.0111179348356857,0.04771796613931656,1,base_too_high,-0.007340471006666449,0.09630613592285898,0.7670073524547762,0.0,0.0017158455958247755
382,382,-9.010311482474478,1,0.00010214589312482506,0.010742806429180855,0.04041687399148941,1,base_too_high,0.001459650146335439,0.12457249293057741,0.734199962540188,0.0,0.001205419312485182
383,383,-9.749100028215407,1,-1.1482747260872171e-05,0.0011121462622751194,0.0414314940571785,1,base_too_high,0.00529540103509224,0.009987709116325691,0.973156982753758,0.0,0.0011133002985691666
384,384,-9.641974932497833,1,1.8256065660562337e-05,0.005404702816990708,0.06715848296880722,1,base_too_high,0.0012697687455675843,0.016338480599753496,0.9195231526971452,0.0,0.0015297475599176352
385,385,-9.822189718468016,1,8.041228822759004e-06,-0.0007159042571459678,0.059419579803943634,1,base_too_high,-0.0003079223367924549,0.0,1.0,0.0,0.0010116304376879515
386,386,-9.790845066364744,1,-4.50064258136678e-06,0.000570142478986466,0.05604599788784981,1,base_too_high,0.001374881609861237,0.00257562592825865,0.9898272400565674,0.0,0.0010606455862742419
387,387,-9.746337728124201,1,3.121868896599539e-05,0.0018680361535755915,0.05902738869190216,1,base_too_high,-0.00648272653263741,0.007660288792848359,0.9683530602976014,0.0,0.0013316210027979653
388,388,-9.848639367169222,1,-1.3049071081018672e-05,-0.002083702428687977,0.045846614986658096,1,base_too_high,-0.012543884538824763,0.0,1.0,0.0,0.0017290799239429544
389,389,-9.868323333322662,1,-3.031278105542302e-05,-0.005511677905521034,0.06925088167190552,1,base_too_high,0.007896150307951289,0.0,1.0,0.0,0.0015675882741039485
390,390,-9.731003206698716,1,2.107933536257741e-05,0.00188106373679843,0.0538075752556324,1,base_too_high,-0.008315355434240643,0.009916266249601537,0.9650409114207461,0.0,0.0010535850253807705
391,391,-9.275467029299607,1,4.3083290648990865e-05,0.00542111954203983,0.031078381463885307,1,base_too_high,0.0027622194068042177,0.08683991738113545,0.8255662154295441,0.0,0.0017745193888834652
392,392,-9.88607806164983,1,-3.703320240156016e-05,-0.003973027273701793,0.033605094999074936,1,base_too_high,0.0020493297838757338,0.0,1.0,0.0,0.0020856883837684155
393,393,-8.756413883985992,1,8.79678935355752e-05,0.011486170605841318,0.03436828777194023,1,base_too_high,-0.005856291323949476,0.17329009929611042,0.6657915922105404,0.0,0.001073717612463586
394,394,-9.849607456106208,1,-1.7945955225289206e-05,-0.0023647612475666017,0.04338343068957329,1,base_too_high,-0.0011593096304359308,0.0,1.0,0.0,0.001642678769984029
395,395,-9.886553094155133,1,-6.35044240591776e-05,-0.00755363759888697,0.06787789613008499,1,base_too_high,-0.006138438636233076,0.0,1.0,0.0,0.0018800503305659503
396,396,-9.605018477767297,1,3.13714065488356e-05,0.003383207377135484,0.04434359818696976,1,base_too_high,-0.008075964665707043,0.028713282614431172,0.923704714826685,0.0,0.0014536486097933266
397,397,-9.908881999475089,1,-8.75237937330971e-05,-0.00975632445978657,0.06417656689882278,1,base_too_high,-0.0027509721592435614,0.0,1.0,0.0,0.0013471537751145045
398,398,-9.85413033658942,1,-3.9627746870811316e-05,-0.002362732635391497,0.04060998186469078,1,base_too_high,-0.007454868398710272,0.0,1.0,0.0,0.0009325484682360362
399,399,-9.696343239945724,1,1.309794060430826e-06,0.0025164745396099595,0.05311235785484314,1,base_too_high,-0.002499178332997158,0.013934950364212292,0.9526197925936798,0.0,0.002038802187757599
400,400,-9.97598979122832,1,-9.09985342411052e-05,-0.011260647240526458,0.043342579156160355,1,base_too_high,-0.0029832571555951227,0.0,1.0,0.0,0.001624358888597914
401,401,-9.83483865341068,1,8.156800282512938e-06,-0.0009779119752628105,0.04346298798918724,1,base_too_high,0.004630597089817502,0.0,1.0,0.0,0.0018286260355722926
402,402,-9.325454344984145,1,6.244504615103203e-05,0.010844983445498587,0.05753390118479729,1,base_too_high,0.01016601701227229,0.0611413629019355,0.8115027269240045,0.0,0.0013037481131936853
403,403,-9.971139255673585,1,-8.352062325618425e-05,-0.012766892657067397,0.049791835248470306,1,base_too_high,0.0028906335438876824,0.0,1.0,0.0,0.0014120349495663977
404,404,-9.798895058820579,1,-7.045738654466351e-06,0.0002740215589045879,0.041155874729156494,1,base_too_high,0.0017648387953168709,0.0025019995078092317,0.9933418607100977,0.0,0.001076453927380648
405,405,-9.894278159565884,1,-5.4278483355746064e-05,-0.006471397372582727,0.04856729879975319,1,base_too_high,0.004348446354818148,0.0,1.0,0.0,0.001753503973898318
406,406,-9.931471049751998,1,-3.580846870799948e-05,-0.008765483852401286,0.04531766101717949,1,base_too_high,0.005322881569274422,0.0,1.0,0.0,0.0017408448252007578
407,407,-9.880569719509312,1,-4.6181999703194694e-05,-0.005399366174433552,0.049444518983364105,1,base_too_high,0.0015254176523492983,0.0,1.0,0.0,0.001564768812504711
408,408,-9.639361546566153,1,1.6937605084803372e-05,0.004123694654895848,0.05731629580259323,1,base_too_high,0.0042047520260873215,0.019317303556492953,0.9280537116054124,0.0,0.0014266592370341866
409,409,-9.954026151168332,1,-4.445656400203344e-05,-0.009171802718664244,0.040328338742256165,1,base_too_high,-0.005560532734131079,0.0,1.0,0.0,0.0025522989571127004
410,410,-9.899843516698107,1,-1.5625408362461183e-05,-0.0044804047367002124,0.03243393078446388,1,base_too_high,-0.00565264136237066,0.0,1.0,0.0,0.0016059253690395355
411,411,-9.689633667979532,1,3.6776844494683616e-05,0.0035787613832747845,0.06282258033752441,1,base_too_high,-0.005345915518227547,0.012672932184743293,0.9430338371724842,0.0,0.0008965345350209887
412,412,-9.82713920965299,1,7.828777723460889e-06,-0.0004137197220939582,0.06089024618268013,1,base_too_high,0.011164977496405533,0.0,1.0,0.0,0.001654866375204214
413,413,-9.825257142068242,1,-2.6002348440366203e-05,-0.00047316026670282414,0.05609261244535446,1,base_too_high,0.00030286074435166745,0.0,1.0,0.0,0.0016403964013575086
414,414,-9.55177808315205,1,4.445415404792011e-05,0.004596897230775474,0.04692305624485016,1,base_too_high,-0.004516700947377426,0.034960097849737866,0.9020332937874279,0.0,0.0017477767291274558
415,415,-9.801852331376857,1,-2.3120481557318932e-05,0.00019057930992655078,0.030181897804141045,1,base_too_high,-0.00819182848343673,0.0029366428563853963,0.993685641968447,0.0,0.001192149150406675
416,416,-9.643778970671228,1,3.1095018704372225e-05,0.0045709405804311,0.062220633029937744,1,base_too_high,-0.0034247605707629883,0.01725763687644376,0.9265365796252341,0.0,0.0013586509660183147
417,417,-9.824442095866655,1,-1.749278040161171e-05,-0.00048092480423271317,0.05009642243385315,1,base_too_high,0.006219970400780377,0.0,1.0,0.0,0.0017519625108061861
418,418,-9.684289849099363,1,2.0411152193177584e-05,0.004307976083546922,0.06874530762434006,1,base_too_high,-0.0018835892886069955,0.011806696189479415,0.9373342551072109,0.0,0.0018991806338729007
419,419,-9.29543123143637,1,5.1357095361430405e-05,0.009747290274152175,0.051021505147218704,1,base_too_high,0.0030832487369223368,0.06956001971674974,0.8089572201764438,0.0,0.0014844550176724733
420,420,-9.500947909618164,1,6.985400575145126e-05,0.008423158419937486,0.06342924386262894,1,base_too_high,2.004780045727672e-05,0.03413660394991419,0.8672038629608707,0.0,0.0011162063617556508
421,421,-9.460110299990781,1,6.69375733670833e-05,0.006298310278879279,0.04793371632695198,1,base_too_high,0.006533842191712668,0.0486746495420033,0.868603759155441,0.0,0.0009911458684972619
422,422,-9.825796299424725,1,-3.939798059167182e-05,-0.0005887393533840976,0.0341581329703331,1,base_too_high,-0.00011878768978170776,0.0,1.0,0.0,0.001117951578599814
423,423,-9.670997668851896,1,2.5629636106899008e-05,0.0035112811140205723,0.05821698531508446,1,base_too_high,0.00911085702173484,0.015747733823104532,0.9396863132722285,0.0,0.0025628526932456766
424,424,-9.862627738306658,1,-3.45737781269651e-05,-0.005328460515296696,0.06901312619447708,1,base_too_high,-0.000962117352531501,0.0,1.0,0.0,0.001264081447035018
425,425,-9.782904760776658,1,-1.6264014360891578e-06,0.0005114091959607073,0.04188460856676102,1,base_too_high,0.002482692661674257,0.004544325296250095,0.9877900448791728,0.0,0.0014638836755195002
426,426,-9.905831041676384,1,-3.0162895758077352e-05,-0.0061308253266103485,0.04179245978593826,1,base_too_high,-0.006063780469562249,0.0,1.0,0.0,0.0014234825525838554
427,427,-9.940314580490185,1,-5.9645736694054666e-05,-0.006261593895690254,0.030564935877919197,1,base_too_high,0.004950735933801876,0.0,1.0,0.0,0.0016560118044353033
428,428,-9.82595425198488,1,-2.3206163726840534e-05,-0.0009247527731292835,0.05470019951462746,1,base_too_high,0.0052023934917083126,0.0,1.0,0.0,0.0017435460159694674
429,429,-9.376320970181276,1,5.2191077237305014e-05,0.011250796885811402,0.06313901394605637,1,base_too_high,0.00916613314260848,0.05035098487098956,0.8218091182180671,0.0,0.0017634532245680717
430,430,-9.875242329701237,1,-3.370692939998636e-05,-0.006264206826752359,0.06607891619205475,1,base_too_high,-0.0007022033897536342,0.0,1.0,0.0,0.002438954118824136
431,431,-9.40948401076932,1,7.021107743777782e-05,0.008764584791820126,0.055275436490774155,1,base_too_high,0.016237793257644274,0.05197003473796484,0.841437985888898,0.0,0.0013563868241375655
432,432,-9.860586743481276,1,-4.157848211731576e-06,-0.0034744520334275128,0.047818418592214584,1,base_too_high,-0.006983778699582697,0.0,1.0,0.0,0.001823816725052177
433,433,-9.549022162848429,1,3.481565098443225e-05,0.0036623167685654375,0.03899277746677399,1,base_too_high,0.001671973444310449,0.039478326382828846,0.9060770514347104,0.0,0.001608374124793887
434,434,-9.531888783307519,1,3.169236694071019e-05,0.00542524581569913,0.05042872577905655,1,base_too_high,0.0014374098310809952,0.03599031121795149,0.892417554385407,0.0,0.0014330037604562145
435,435,-9.151604855503201,1,5.702602010921768e-05,0.0070827793469286065,0.03268393874168396,1,base_too_high,0.003641377610051866,0.10490386035476472,0.7832948159000961,0.0,0.001905675234375385
436,436,-9.835688796787846,1,-7.628659753570149e-06,-0.0021470821192126613,0.06879788637161255,1,base_too_high,0.004385188001401975,0.0,1.0,0.0,0.0020638815437525318
437,437,-9.835436201424569,1,-3.0049676248234727e-05,-0.001850474436813363,0.06449197977781296,1,base_too_high,0.0006468563133671738,0.0,1.0,0.0,0.001520522306983781
438,438,-9.470504027972783,1,7.674192619024807e-05,0.008344044674609046,0.05929925665259361,1,base_too_high,-0.009955659740402497,0.04081015179190813,0.8592892212858844,0.0,0.0007614098573287872
439,439,-9.22498625357538,1,7.293930581248487e-05,0.0112450763082864,0.05232692137360573,1,base_too_high,0.0027589590860631757,0.0804358214317021,0.7850995957220769,0.0,0.0012222035161094558
440,440,-9.538922629131264,1,7.005545103929312e-05,0.008134235232898796,0.06753668934106827,1,base_too_high,0.0062354403299653945,0.026927305080139238,0.8795582746868738,0.0,0.0014491179068110626
441,441,-9.895353680716461,1,-5.091405073350692e-05,-0.008561158902178359,0.06387509405612946,1,base_too_high,-0.0021676526780726193,0.0,1.0,0.0,0.0012554479735812196
442,442,-9.551347458394938,1,3.939445611240043e-05,0.0053151878306986105,0.05172036588191986,1,base_too_high,0.007024570310985248,0.03350484569690857,0.8972322102588521,0.0,0.0007580272024815094
443,443,-9.86494722894879,1,-3.461512000072516e-05,-0.0026439903496663676,0.03399049863219261,1,base_too_high,-0.004319636546622338,0.0,1.0,0.0,0.0010526739061547418
444,444,-9.618797001498908,1,2.610410407952519e-05,0.0032124031611569003,0.04378439858555794,1,base_too_high,-0.00885676599709765,0.027866493652463496,0.9266313292019481,0.0,0.0015234331532632168
445,445,-9.817024956556056,1,-2.3910863014842633e-05,4.054697652268609e-05,0.03599049523472786,1,base_too_high,-0.001966307633185139,0.0004719118712123067,0.9988733976726321,0.0,0.0025033978203537316
446,446,-9.799109121247449,1,-4.015952520276093e-07,0.0002990548311403696,0.044868044555187225,1,base_too_high,-0.007608587011439439,0.0022946610986488134,0.993334792437474,0.0,0.0009386565156358209
447,447,-9.87780177910822,1,-6.431001837596535e-05,-0.006343501323486704,0.06739989668130875,1,base_too_high,-0.006412568527874609,0.0,1.0,0.0,0.0009210129160536313
448,448,-9.875890844094569,1,-1.9723262293688624e-05,-0.00550425511428001,0.05360107496380806,1,base_too_high,0.001167977947064449,0.0,1.0,0.0,0.0012045934507683316
449,449,-9.036386986553874,1,9.048340471359804e-05,0.009591343249211593,0.03787395730614662,1,base_too_high,-0.006712623008832838,0.12149495989432296,0.7467562444374757,0.0,0.0015161812931145098
450,450,-9.481169321470283,1,4.469175322372101e-05,0.004043162288893679,0.035784509032964706,1,base_too_high,-0.007676733274231306,0.051166941459147235,0.8870136149025515,0.0,0.001292216403855401
451,451,-9.555441023496808,1,3.5054769393173596e-05,0.006678723506654749,0.061068400740623474,1,base_too_high,0.0077258274112739014,0.02877758213513436,0.8906353603037602,0.0,0.0016365748888382491
452,452,-9.80237833675754,1,1.779880489648791e-05,0.0005751044824409921,0.06973947584629059,1,base_too_high,-0.0014981642005509447,0.0012762296111109273,0.9917535302267836,0.0,0.001040595399865105
453,453,-9.71915755443169,1,5.961540969523727e-06,0.00181205889547419,0.04768351465463638,1,base_too_high,0.005104192953137099,0.0124080494730533,0.9619982094521241,0.0,0.0007426116499888045
454,454,-9.677187853176882,1,1.4115037947465131e-05,0.00266660179881297,0.04900806397199631,1,base_too_high,-0.0033453910837721104,0.01773632431025494,0.9455885084222265,0.0,0.0019138355080669692
455,455,-9.761769161032175,1,-1.6607997604993953e-05,0.0015514330758329908,0.05975271016359329,1,base_too_high,0.009407179701513156,0.005766971785409963,0.9740357698130424,0.0,0.0011331314442551673
456,456,-9.51308172580493,1,2.581562680390082e-05,0.003532540651188651,0.03454791381955147,1,base_too_high,0.005525866312094347,0.046252162836961055,0.8977495214865041,0.0,0.0007820017121181315
457,457,-9.663495868232944,1,4.099090090204352e-05,0.002982145910214615,0.05012088268995285,1,base_too_high,-0.005473799738172035,0.019236822947133327,0.9405009315343786,0.0,0.001581518832415424
458,458,-9.90790688456523,1,-4.303050134910196e-05,-0.00461424405914949,0.03099440224468708,1,base_too_high,0.000283056315418253,0.0,1.0,0.0,0.0012759838900964723
459,459,-9.938933996462017,1,-2.5542320641279994e-05,-0.006833595855615379,0.03508693352341652,1,base_too_high,-0.005031825922363614,0.0,1.0,0.0,0.0015841202043990886
460,460,-9.506046838328524,1,8.318529329367057e-05,0.008435698902306457,0.06464701890945435,1,base_too_high,9.27551479227358e-05,0.03254197566668661,0.8695113967243473,0.0,0.001281737147044884
461,461,-9.860722970954356,1,-1.4330222955930102e-05,-0.003171968914812047,0.04630904272198677,1,base_too_high,-0.009530911430771763,0.0,1.0,0.0,0.0020423669034274642
462,462,-9.395464988800997,1,6.068910404314007e-05,0.008819575617755999,0.05484583601355553,1,base_too_high,-0.00908495026863802,0.05277362846534541,0.8391933381752145,0.0,0.0018073161866851042
463,463,-9.93352749132781,1,-6.779900245474121e-05,-0.007281054732725841,0.03671408072113991,1,base_too_high,-0.003140172425908409,0.0,1.0,0.0,0.0014161076028360606
464,464,-9.341473715752167,1,9.341332044737631e-05,0.012146130708165732,0.0636151134967804,1,base_too_high,-0.0003675860549858356,0.054840840581193956,0.8090684759603235,0.0,0.0021028766182543263
465,465,-9.866357841409233,1,-1.9468376288354114e-05,-0.0027143617028147315,0.03296200931072235,1,base_too_high,-0.0004201697351863401,0.0,1.0,0.0,0.0023804546802888016
466,466,-9.906234576051597,1,-4.665111986594558e-05,-0.005832950009963237,0.04017012193799019,1,base_too_high,0.00018047968857194652,0.0,1.0,0.0,0.0017092372094851122
467,467,-9.665308905786336,1,3.839029437936111e-05,0.0042863846373806256,0.0634991005063057,1,base_too_high,0.006963938261981168,0.01521954913188995,0.9324969230134366,0.0,0.0009039728535347834
468,468,-9.847265620675085,1,4.40797688022403e-07,-0.001867751769753313,0.03897625207901001,1,base_too_high,0.0038986040358753725,0.0,1.0,0.0,0.001666132916365069
469,469,-9.668594399092584,1,3.877997681949283e-05,0.0040129928706354534,0.06154442951083183,1,base_too_high,0.0073028381035294765,0.015219835290359343,0.9347951904999521,0.0,0.0011411136855195088
470,470,-9.833943150263439,1,-3.9985914229807826e-06,-0.0009388073854907741,0.04123987257480621,1,base_too_high,0.004418661070798337,0.0,1.0,0.0,0.0011928205151134938
471,471,-9.685548164335037,1,3.550121799625846e-05,0.004035617115908089,0.06780469417572021,1,base_too_high,0.005353544893158369,0.011353648691124754,0.9404817424417347,0.0,0.0012386095230821027
472,472,-9.901580470033323,1,-5.0133446931400264e-05,-0.006261361462153914,0.04477221518754959,1,base_too_high,-0.0063402376290260685,0.0,1.0,0.0,0.002126084552851169
473,473,-9.82694641339028,1,-2.4326278430659402e-05,-0.000813354421972847,0.06897857785224915,1,base_too_high,0.0019792542721292065,0.0,1.0,0.0,0.0019045684139156172
474,474,-9.873261041189032,1,-5.896211952596285e-05,-0.0052691227649050276,0.05898062139749527,1,base_too_high,0.0017218896923611663,0.0,1.0,0.0,0.0011996110836645444
475,475,-9.820917486994603,1,-1.3115443712019884e-05,-3.235639025941548e-05,0.05906767398118973,1,base_too_high,-0.008841755467773897,0.0,1.0,0.0,0.0016613100471083862
476,476,-9.233724539536794,1,0.0001055982182301454,0.012081324304142221,0.05565725639462471,1,base_too_high,0.00551464901927757,0.07655797555435119,0.7829335284316706,0.0,0.0022169189438002194
477,477,-9.410458976062321,1,7.162287341654078e-05,0.011909067400174457,0.06868770718574524,1,base_too_high,-0.0075056931746929414,0.042417484013884656,0.8266201103765412,0.0,0.000833100159953881
478,478,-9.74413290446441,1,-2.253593371678068e-05,0.0015776053074354835,0.04987822845578194,1,base_too_high,0.010048312014969755,0.009511785738287645,0.9683708630771737,0.0,0.0016085994368629543
479,479,-9.540958799726772,1,1.047937862524373e-05,0.004289913569280616,0.04344692453742027,1,base_too_high,0.002067091761170598,0.03813381587142829,0.9012608218624311,0.0,0.0014876856690507717
480,480,-9.528502589703091,1,5.493153959441751e-05,0.008773172861632194,0.06884749233722687,1,base_too_high,-0.003566449681086231,0.027945089243113005,0.8725709163053601,0.0,0.0013486508830513446
481,481,-9.976804336661608,1,-7.380450673079034e-05,-0.009836192383734572,0.03751033917069435,1,base_too_high,0.0019030578708214548,0.0,1.0,0.0,0.0011810192540448238
482,482,-9.479200992387385,1,6.095860540242679e-05,0.005883268347376373,0.04699794575572014,1,base_too_high,-0.008155379030257684,0.045943905234039774,0.8748186077344344,0.0,0.0012130678349623314
483,483,-9.940777043623672,1,-4.294516945727192e-05,-0.008197533854718492,0.03902031108736992,1,base_too_high,-0.006277977616902682,0.0,1.0,0.0,0.001666308245177867
484,484,-9.827699479912432,1,1.4086963875567822e-05,-0.0004087365765932257,0.04840393736958504,1,base_too_high,0.011318964646530314,0.0,1.0,0.0,0.0012418490988225532
485,485,-9.838484764367141,1,1.1759333132514206e-06,-0.0018653230515036081,0.052346620708703995,1,base_too_high,0.0013942219422384983,0.0,1.0,0.0,0.001783448125247848
486,486,-9.91111962708341,1,-8.618804462876627e-05,-0.006278135783890833,0.040545906871557236,1,base_too_high,0.0009955925326775312,0.0,1.0,0.0,0.002003939899919328
487,487,-9.695714236622557,1,1.627603477212925e-05,0.0038936453684590756,0.06772767007350922,1,base_too_high,0.005855876608345783,0.010900090942513091,0.9425102724117749,0.0,0.0015686047167651845
488,488,-10.008530998275692,1,-6.389330428994642e-05,-0.011817889934142413,0.037214070558547974,1,base_too_high,-0.0010985928372030712,0.0,1.0,0.0,0.001643653455099634
489,489,-9.655569107221634,1,2.6379832695946927e-06,0.003010376554241741,0.04914556071162224,1,base_too_high,-0.00656322399113274,0.01996553955634188,0.9387457062879059,0.0,0.0013800166173088767
490,490,-9.922285121847011,1,-6.928602472191161e-05,-0.007429439047952236,0.04279329255223274,1,base_too_high,-0.0008061244928324362,0.0,1.0,0.0,0.0016508407222186679
491,491,-9.772318869218276,1,-2.9568101986395897e-06,0.0012283547040469603,0.05964807793498039,1,base_too_high,0.002270023662321837,0.004749268793351592,0.9794066345218444,0.0,0.0010437031641757515
492,492,-9.862854344680734,1,-1.3912909533082989e-05,-0.003651526912918077,0.04945632070302963,1,base_too_high,-0.007170081825473835,0.0,1.0,0.0,0.0009709355519906503
493,493,-9.849758964761817,1,-1.856315041116512e-05,-0.0026981708487597046,0.049757957458496094,1,base_too_high,0.0030308927982342715,0.0,1.0,0.0,0.0014350607917414915
494,494,-9.93322176402205,1,-6.909048148106848e-05,-0.009518203671503238,0.04863623529672623,1,base_too_high,-0.009141381252033445,0.0,1.0,0.0,0.0012386603187590072
495,495,-9.858734231736804,1,-1.802514803590485e-05,-0.0040814281334517815,0.05796567723155022,1,base_too_high,-0.006421739662985441,0.0,1.0,0.0,0.002555510910949402
496,496,-9.773517068122649,1,2.074699423095225e-05,0.0005523656881125037,0.038621995598077774,1,base_too_high,-0.0008298030828263857,0.005732446637707007,0.9856981580950719,0.0,0.0011067429981081209
497,497,-9.343962370426947,1,4.5799351962667297e-05,0.005568086520742042,0.035309936851263046,1,base_too_high,0.0020222859114903107,0.07304354588070928,0.8423082220315554,0.0,0.0017292862890189518
498,498,-9.360838601706128,1,5.8768512077632024e-05,0.0072661336691281515,0.044940315186977386,1,base_too_high,-0.002698624391845751,0.06498404316476751,0.8383159191393567,0.0,0.001272189774965327
499,499,-9.01060485294581,1,5.0663994556552795e-05,0.00800471371338959,0.03148352727293968,1,base_too_high,0.008671547333715253,0.13056938556414546,0.7457491313383375,0.0,0.0009858477810755337
500,500,-9.85338913617748,1,-3.0901616277942504e-05,-0.0024422123194027924,0.03868706524372101,1,base_too_high,0.004753704536037454,0.0,1.0,0.0,0.0011032802275224162
501,501,-9.890838046724204,1,-2.1945086496545668e-05,-0.004329635559301317,0.034664660692214966,1,base_too_high,0.0018379998256450637,0.0,1.0,0.0,0.0014009450534758331
502,502,-10.00504477381591,1,-6.715387692242066e-05,-0.012639786812937948,0.04138757660984993,1,base_too_high,-0.01006366188186444,0.0,1.0,0.0,0.0012653546289827647
503,503,-9.866143220147404,1,-8.868446289688355e-06,-0.003948411649394677,0.05144941061735153,1,base_too_high,-0.0041689611162140415,0.0,1.0,0.0,0.0013141187243156242
504,504,-9.68251099971217,1,9.741857274335747e-06,0.0029843821226139735,0.055037643760442734,1,base_too_high,0.005103705992009873,0.015225295677343233,0.9457756189696577,0.0,0.0015001146468435788
505,505,-9.109525335227064,1,0.00010214578177394558,0.015737156531286597,0.05975882336497307,1,base_too_high,-0.0025608852197857497,0.09205603199119415,0.7366555093410568,0.0,0.0018984016576931886
506,506,-9.84659060737592,1,-2.2360831999786567e-05,-0.0016050245895717409,0.035917121917009354,1,base_too_high,-0.012018659074250208,0.0,1.0,0.0,0.0015379851417672958
507,507,-9.438096431398682,1,7.466904476015462e-05,0.009197055171412762,0.06056034937500954,1,base_too_high,0.0068586050468077255,0.04371525088018576,0.8481340476824628,0.0,0.0011532668893436343
508,508,-9.842642609204821,1,-5.76670818384237e-06,-0.0016885876082487323,0.0360342375934124,1,base_too_high,0.004779170324024767,0.0,1.0,0.0,0.0009189685558854037
509,509,-9.627044655940683,1,3.352529927275462e-05,0.0025511090485730763,0.038587749004364014,1,base_too_high,0.000669412316828359,0.027654131937596464,0.9338881080680433,0.0,0.0021335929379561283
510,510,-9.419961151932053,1,3.650643127937411e-05,0.008515540250548488,0.0556739903986454,1,base_too_high,0.011850276623411819,0.04946588235407554,0.8470463481210836,0.0,0.0016977777751880883
511,511,-9.81892530409795,1,-6.322528447393444e-06,-0.00026364956297129547,0.04045809432864189,1,base_too_high,-0.004913200493915951,0.0,1.0,0.0,0.0014026767224798314
512,512,-9.588697862367912,1,4.8653121475274775e-05,0.0031732080896667535,0.03971358761191368,1,base_too_high,-0.0015474278475898179,0.0324632540684073,0.9200976752349528,0.0,0.0012438530251554854
513,513,-9.817364711774747,1,2.5691854577026197e-06,-0.00020649856868669208,0.056559979915618896,1,base_too_high,-0.0038124870376609267,0.0,1.0,0.0,0.0016344716380559854
514,514,-9.370167727700862,1,3.271774970595979e-05,0.005514385522220772,0.03647776320576668,1,base_too_high,-0.0036655228748573945,0.0684185472092985,0.848828847482222,0.0,0.0014237395109956235
515,515,-9.742728206258509,1,-6.347363473636692e-06,0.0019330312424095516,0.0600687675178051,1,base_too_high,0.01189348441809293,0.007382098499414636,0.9678196950021714,0.0,0.0011703194877585497
516,516,-9.3536511418071,1,6.408264769330672e-05,0.009156696790541803,0.05317343398928642,1,base_too_high,0.00591709527683566,0.06031595126801479,0.8277956432221738,0.0,0.0011396087240448545
517,517,-9.970865216864649,1,-9.212336615535899e-05,-0.01423294096059202,0.05660970136523247,1,base_too_high,-0.0018002021642096208,0.0,1.0,0.0,0.0017261754442490322
518,518,-9.631639217622936,1,3.052431781737369e-05,0.00498838599337171,0.06215939670801163,1,base_too_high,0.008036369403215024,0.018593295713573193,0.9197484827662359,0.0,0.0015516465612166069
519,519,-9.88664777314515,1,-6.69615190113726e-05,-0.0058219877569526905,0.05133955925703049,1,base_too_high,-0.009394125656675106,0.0,1.0,0.0,0.002754122286395288
520,520,-9.8068565990007,1,1.4906971322333748e-05,0.00029138988248100263,0.0548025406897068,1,base_too_high,0.009717019755048465,0.0013778753868460855,0.994682912973671,0.0,0.001056521361237658
521,521,-9.846470883200707,1,1.0327786164072968e-05,-0.00192681644955083,0.039826296269893646,1,base_too_high,-0.0036107345345363657,0.0,1.0,0.0,0.0014248684748402445
522,522,-9.914992451469008,1,-6.713647610141754e-05,-0.008900029874009353,0.05401528254151344,1,base_too_high,0.0037789448100800163,0.0,1.0,0.0,0.0016628217957555217
523,523,-10.000722376454902,1,-7.743281497639713e-05,-0.010942304859931005,0.03529256954789162,1,base_too_high,0.004152483493946317,0.0,1.0,0.0,0.0013717770088377856
524,524,-9.838954669322371,1,-2.5538087979982923e-05,-0.0015844833901441234,0.038192883133888245,1,base_too_high,-0.0062377813197764,0.0,1.0,0.0,0.0016048833684203575
525,525,-9.973080826786365,1,-5.758452075127646e-05,-0.009204502996661751,0.036217525601387024,1,base_too_high,-0.004900321749757419,0.0,1.0,0.0,0.0009057608057580163
526,526,-9.932993718465791,1,-6.881526472023237e-05,-0.010685236351710444,0.05654309317469597,1,base_too_high,0.005444263864159306,0.0,1.0,0.0,0.002048263448176358
527,527,-9.450515009927956,1,7.327404989688772e-05,0.010130045598176082,0.06554682552814484,1,base_too_high,-0.0013038843258632562,0.03942443208439228,0.8454532940156817,0.0,0.0009941041472029107
528,528,-9.899785078086992,1,-6.009325542382868e-05,-0.00891624155169524,0.06400340795516968,1,base_too_high,0.0005877788519268703,0.0,1.0,0.0,0.0008993718650496864
529,529,-9.872916003318812,1,-1.916390621333863e-05,-0.004495222975412093,0.04947787523269653,1,base_too_high,-0.0020221758047329038,0.0,1.0,0.0,0.0013252560664006319
530,530,-9.905264906689656,1,-5.6886249959573775e-05,-0.005923922095589609,0.04263190180063248,1,base_too_high,0.00693387588519626,0.0,1.0,0.0,0.0011396917817704708
531,531,-9.565129085040999,1,3.0493565405207274e-05,0.004610121892962049,0.048220470547676086,1,base_too_high,-0.010953385442836116,0.03366714556634818,0.9043949238030227,0.0,0.001555784108219001
532,532,-9.800161816258912,1,-5.613081262532174e-06,0.0002530332058189865,0.04288488253951073,1,base_too_high,-0.0054119861306445504,0.0021263757568028814,0.9940997109387649,0.0,0.0016042197386531766
533,533,-9.89737054042593,1,-6.70820325204494e-05,-0.009429763343155154,0.06881456077098846,1,base_too_high,0.00011827601589727235,0.0,1.0,0.0,0.0009387171763262989
534,534,-9.929887226910843,1,-1.9058262444986783e-05,-0.007140439235491583,0.03721236437559128,1,base_too_high,-0.004740657820196085,0.0,1.0,0.0,0.0021680569396517963
535,535,-9.860161333019892,1,-5.718584353058745e-05,-0.0051950624810175195,0.06966415792703629,1,base_too_high,0.004869330586513417,0.0,1.0,0.0,0.001716751298037907
536,536,-9.505059582369006,1,6.289508705739957e-05,0.008064822705468608,0.06220388412475586,1,base_too_high,-0.00020219153051929397,0.0344169519268425,0.870348567803319,0.0,0.0008130680008013678
537,537,-9.524083416400467,1,4.991360992012499e-05,0.006742380239182012,0.057294245809316635,1,base_too_high,0.0010491785211282027,0.033933814905896635,0.8823201126848365,0.0,0.0015594749359464318
538,538,-8.766653304417463,1,5.807580326160201e-05,0.01012133239984758,0.030838031321763992,1,base_too_high,-0.012272022418776772,0.1722484996453813,0.6717905799672685,0.0,0.002022109932554761
539,539,-9.904159100365732,1,-6.618848829845517e-05,-0.00910872257770436,0.06104911118745804,1,base_too_high,0.005021089305675374,0.0,1.0,0.0,0.0012556966760962232
540,540,-9.843847650525461,1,-1.1281627956023995e-05,-0.003066081367733441,0.06888650357723236,1,base_too_high,-0.0037129495716055777,0.0,1.0,0.0,0.0015287500741510962
541,541,-9.712060333692175,1,4.0566161307506175e-05,0.0022746816891713933,0.05266842246055603,1,base_too_high,-0.005257811491829081,0.01258815004376624,0.9568112816554245,0.0,0.0012569144258975414
542,542,-9.620834072181186,1,3.3659203410953755e-05,0.0042402816980636185,0.05394837260246277,1,base_too_high,-0.007296961633076977,0.023604313664549466,0.9214011209702395,0.0,0.00256936515688913
543,543,-9.169804131760824,1,7.208557814493558e-05,0.010135895185231137,0.045412056148052216,1,base_too_high,-0.0035124996420179836,0.09418824902373894,0.7768016766115281,0.0,0.0018342886646511834
544,544,-9.20594042197838,1,3.827536194172452e-05,0.006793505261467983,0.03418896719813347,1,base_too_high,0.00027757817234400257,0.0967366377127173,0.8012953979149038,0.0,0.0013876094556834638
545,545,-9.802175829247139,1,-8.78147854470056e-06,0.0006727470232803222,0.06852870434522629,1,base_too_high,0.011508136280911177,0.0016172274973660734,0.9901829892756332,0.0,0.0019911209771915394
546,546,-9.845839059266694,1,-2.5966457399817507e-05,-0.003000358932859948,0.06337471306324005,1,base_too_high,0.005035225088527219,0.0,1.0,0.0,0.0016184142002708256
547,547,-9.96481665598291,1,-3.826419203840132e-05,-0.00825194291184061,0.03417447209358215,1,base_too_high,-0.000692175768244213,0.0,1.0,0.0,0.0016612371457914784
548,548,-9.892098944137459,1,-6.0097852247734804e-05,-0.005247951563796815,0.04132581874728203,1,base_too_high,-0.00886754615564945,0.0,1.0,0.0,0.0020217752103768435
549,549,-9.825463003534004,1,-3.768313698808997e-05,-0.0009415127917339436,0.06163743883371353,1,base_too_high,-0.0024402373031387906,0.0,1.0,0.0,0.0018123103811428468
550,550,-9.608259467059208,1,2.110157735530514e-06,0.0037895386581378895,0.04726702719926834,1,base_too_high,0.0018770636355376223,0.02787220942295773,0.9198270171765894,0.0,0.0015586547260391414
551,551,-9.721520288106118,1,3.7849056701112436e-05,0.00279584829541154,0.06518320739269257,1,base_too_high,0.0027978829115638164,0.008714083327919606,0.9571078424743672,0.0,0.0013075764588128772
552,552,-9.750283515294907,1,3.245208258360427e-06,0.001205287054882873,0.047685422003269196,1,base_too_high,0.0023045264394577925,0.008161306521916776,0.9747242025731477,0.0,0.0010020048278490692
553,553,-9.787196796808638,1,2.8361261569768732e-05,0.0007222628721371383,0.052185334265232086,1,base_too_high,0.007006091979280532,0.0039034745774826304,0.9861596584609758,0.0,0.0012834253452919744
554,554,-9.869431098998046,1,-3.9750142263013114e-05,-0.0036944065179778805,0.04554753750562668,1,base_too_high,3.989666134122677e-05,0.0,1.0,0.0,0.001198793275730849
555,555,-9.830609570833838,1,3.4184750167913477e-06,-0.0011046621544087982,0.0686110183596611,1,base_too_high,-0.0071708207075712035,0.0,1.0,0.0,0.001273368251872614
556,556,-9.0326256551881,1,8.010773854572998e-05,0.008589541241427594,0.03431467339396477,1,base_too_high,-0.002168398588395129,0.12496987349870534,0.7496831476548801,0.0,0.0020541465019978085
557,557,-9.741109702908478,1,-3.2076727364108372e-06,0.0021490137408494963,0.0630183070898056,1,base_too_high,0.002876774114413194,0.007301211861524659,0.9658985799541895,0.0,0.0010204602330333077
558,558,-9.850500031778516,1,-1.9406866551385258e-06,-0.002296389858757026,0.04751604050397873,1,base_too_high,0.0044338206458125135,0.0,1.0,0.0,0.0008560267693364994
559,559,-9.077433437389109,1,6.891655000441082e-05,0.007669454047741617,0.03238856792449951,1,base_too_high,0.0036973207030255957,0.1189333817256972,0.7632049115472214,0.0,0.0022610193982715815
560,560,-9.899459098853981,1,-3.309080893084794e-05,-0.004377985818694608,0.033208053559064865,1,base_too_high,-0.0010474950615725657,0.0,1.0,0.0,0.002535904896707416
561,561,-9.967242682914101,1,-4.748573449043704e-05,-0.008748279288909274,0.03427787497639656,1,base_too_high,-0.004249193314298882,0.0,1.0,0.0,0.0014742272211086527
562,562,-9.85103766988312,1,-2.695307704244729e-05,-0.0030477216343057917,0.061417434364557266,1,base_too_high,-0.0008448893186514961,0.0,1.0,0.0,0.0012099790942995312
563,563,-9.474987343704388,1,3.0588621980555316e-05,0.004543718241425613,0.03834637999534607,1,base_too_high,-0.0019985167264813977,0.05098388038697255,0.88150854623276,0.0,0.0017631614524468713
564,564,-9.885942930145582,1,-6.893033752915785e-05,-0.007443998450588006,0.06459267437458038,1,base_too_high,-0.007339290962192031,0.0,1.0,0.0,0.0010651408041246185
565,565,-8.886856999153208,1,8.355592059902534e-05,0.012971031501202154,0.0419665202498436,1,base_too_high,0.011152999009758763,0.14289119350153842,0.6909195412336362,0.0,0.0015553894478316933
566,566,-9.510016454420803,1,7.788290640846244e-05,0.006827141423529671,0.05634886026382446,1,base_too_high,-0.000539410434894402,0.03603034528819889,0.878841535170859,0.0,0.001456410872560239
567,567,-9.477361447041657,1,8.041274336131753e-05,0.00790794934731766,0.05781182646751404,1,base_too_high,0.012335036482357285,0.040778765640882286,0.8632122548746293,0.0,0.0011410550094901085
568,568,-9.828057752402914,1,-2.720421568539329e-05,-0.0013580950912519226,0.06311477720737457,1,base_too_high,-0.005086720749302905,0.0,1.0,0.0,0.0015935211805411897
569,569,-9.139917713992782,1,6.64131902093628e-05,0.008732651129094843,0.03865249082446098,1,base_too_high,0.007625786405424605,0.1045197815600677,0.7740727411994839,0.0,0.0010004906830792936
570,570,-9.457823738197224,1,4.83953840051545e-05,0.006195207937486034,0.04707713425159454,1,base_too_high,0.005533397295853654,0.04961865979294453,0.8684030380255952,0.0,0.0016127819500515342
571,571,-9.839872265182455,1,1.7770683416913353e-06,-0.002048328966469095,0.06472636014223099,1,base_too_high,-0.00908186507108246,0.0,1.0,0.0,0.0015190850182079504
572,572,-9.82426953133564,1,7.6157707470382095e-06,-0.00018655644427372636,0.032772429287433624,1,base_too_high,-0.008458079603923871,0.0,1.0,0.0,0.0021941254869825063
573,573,-9.603364840709594,1,8.604976569257595e-06,0.003157896776257037,0.04097193479537964,1,base_too_high,-0.0031749795257870355,0.030919469876081598,0.9229253701348024,0.0,0.0013512414130353028
574,574,-9.558663114796644,1,5.2231177157020595e-05,0.005206469304455411,0.05178508535027504,1,base_too_high,0.013042490264952446,0.03284324617022134,0.899460064320107,0.0,0.0015704283973514755
575,575,-9.643449785731054,1,-3.132455799223868e-07,0.0026553527831468665,0.0419507697224617,1,base_too_high,-0.0033290289988935225,0.02411856472644768,0.9367031192840908,0.0,0.001069062979527359
576,576,-10.002761424930844,1,-7.636346333135618e-05,-0.013663682993415182,0.04516299068927765,1,base_too_high,-0.007556978315953706,0.0,1.0,0.0,0.002034125317195002
577,577,-9.868098468590157,1,-1.3331682460531631e-05,-0.005050544317933207,0.06202835589647293,1,base_too_high,-0.010825233927587696,0.0,1.0,0.0,0.0013487810366806141
578,578,-9.934984371208495,1,-8.32906606437194e-05,-0.008265691484816892,0.04151264578104019,1,base_too_high,0.004226373777850067,0.0,1.0,0.0,0.0012730833841507545
579,579,-9.831854327188834,1,-4.855926826527289e-06,-0.0018024674665618498,0.06718099117279053,1,base_too_high,-0.004385656708677053,0.0,1.0,0.0,0.0020729691325146577
580,580,-9.844257224275585,1,-2.2875408763894356e-05,-0.0027686197147395006,0.06019972637295723,1,base_too_high,-0.004309309062516145,0.0,1.0,0.0,0.0015509772307767662
581,581,-9.48940753014205,1,6.0375724218950696e-05,0.009599189412144266,0.06818365305662155,1,base_too_high,-0.004885940464755961,0.032547472812936455,0.8592156824905455,0.0,0.0012063451754266079
582,582,-9.932613654243482,1,-4.672706966523526e-05,-0.009640673785392384,0.051068153232336044,1,base_too_high,0.008709742116708307,0.0,1.0,0.0,0.0016101843349193349
583,583,-9.875354223305047,1,-4.102768970596377e-05,-0.0038998301966306423,0.03877028450369835,1,base_too_high,0.00726385994282574,0.0,1.0,0.0,0.0019729364342848583
584,584,-9.81750167684229,1,-3.4816780475816645e-05,-0.0002320797788741601,0.06349161267280579,1,base_too_high,0.0020261377855494184,0.0,1.0,0.0,0.001642514823851763
585,585,-9.487394814306608,1,7.937600949266968e-05,0.007554593175941224,0.05695062503218651,1,base_too_high,0.007486801521542511,0.039915509843029634,0.8673483710559277,0.0,0.0015649004756559761
586,586,-9.803514165059491,1,-1.113287704017007e-06,0.00045900747294417893,0.06390807032585144,1,base_too_high,-0.004235836349317333,0.0013541877788462496,0.9928176912785559,0.0,0.0017891358414410467
587,587,-9.614822795679194,1,2.2384985668832925e-05,0.002006789499478151,0.0307029839605093,1,base_too_high,-0.002853051995818596,0.031100607572034703,0.9346386187168716,0.0,0.002031304238374116
588,588,-9.834337831764593,1,-7.112691046486701e-06,-0.0006397373064411496,0.035909343510866165,1,base_too_high,0.010991005012426306,0.0,1.0,0.0,0.002113155776316243
589,589,-9.838738388150091,1,-2.4918861496353124e-05,-0.0019520754493405788,0.053954556584358215,1,base_too_high,0.001446197104105877,0.0,1.0,0.0,0.00171609243546702
590,590,-9.862811710338535,1,-1.3868293253027947e-05,-0.004143582529240267,0.05337042734026909,1,base_too_high,-0.0016267874583596705,0.0,1.0,0.0,0.0015380939893620046
591,591,-9.859791031666132,1,-2.6340416991675786e-05,-0.0039477836486704835,0.06292958557605743,1,base_too_high,0.009494724457842193,0.0,1.0,0.0,0.0017492448891925055
592,592,-9.287528707245503,1,7.071928547873975e-05,0.010398144471935392,0.053069885820150375,1,base_too_high,0.004561866030632986,0.06966835818728463,0.8040669472878668,0.0,0.0018616881445757932
593,593,-9.848497612063044,1,-1.961713672354923e-05,-0.002590277485430118,0.04928620904684067,1,base_too_high,0.008117638317970563,0.0,1.0,0.0,0.0016543085882669516
594,594,-9.822989177640832,1,1.5596619226616947e-06,-0.0007434811746005749,0.05647489055991173,1,base_too_high,-0.0013402781814961372,0.0,1.0,0.0,0.001696779703784471
595,595,-8.69447552419591,1,7.673335742911613e-05,0.011649165012286283,0.033289194107055664,1,base_too_high,-0.004820028600960274,0.1836204924605536,0.6500616843649103,0.0,0.0008503472683684567
596,596,-9.612833038433557,1,5.093967944238714e-05,0.003838411182729354,0.04923679307103157,1,base_too_high,0.006285447823871956,0.02612926307065015,0.9220418131151736,0.0,0.000642100579772719
597,597,-9.739887525550117,1,2.2986623975723894e-05,0.002028555377312513,0.05705557391047478,1,base_too_high,-0.006421124852872683,0.008771368423578335,0.9644459746786074,0.0,0.002210836714093096
598,598,-10.0340994576714,1,-9.768542665837223e-05,-0.010880678656543102,0.03059866465628147,1,base_too_high,0.002186344738927545,0.0,1.0,0.0,0.0013417970610196078
599,599,-9.4583689529431,1,4.4460289705056485e-05,0.005514024557649827,0.04344090446829796,1,base_too_high,-0.0014888689781983816,0.0506539066478651,0.8730683803813646,0.0,0.0016934496655061138
600,600,-9.9089471779527,1,-7.418148247789948e-05,-0.009969308082376976,0.06686888635158539,1,base_too_high,0.008479787638861765,0.0,1.0,0.0,0.0011689956349341028
601,601,-9.923637859782923,1,-3.7696773019638385e-05,-0.006702972202322343,0.03727459907531738,1,base_too_high,0.009261947053440873,0.0,1.0,0.0,0.0015124527322954873
602,602,-9.92324539619301,1,-7.695692747231337e-05,-0.010670491347756184,0.058637142181396484,1,base_too_high,0.0007517963199462764,0.0,1.0,0.0,0.0013883803133624127
603,603,-9.903195089789193,1,-5.095215229491078e-05,-0.007408834486625585,0.05325842648744583,1,base_too_high,-0.008763174282644361,0.0,1.0,0.0,0.0017354011790710372
604,604,-8.990815234084314,1,9.417731416670447e-05,0.009092674682531415,0.03433510288596153,1,base_too_high,0.007071078529467961,0.13305811271686177,0.7351784523780907,0.0,0.0022344997950568967
605,605,-9.279492232957566,1,8.807961184398335e-05,0.010733313379425992,0.05390932783484459,1,base_too_high,-0.0029542900211315913,0.07082838224406861,0.8009006215549439,0.0,0.0022900186347176417
606,606,-9.917357907183305,1,-6.626524887842571e-05,-0.009632957006763459,0.056844256818294525,1,base_too_high,0.004976551061113668,0.0,1.0,0.0,0.0012610853454983139
607,607,-9.464432409051202,1,4.6658558884920595e-05,0.00396945766085169,0.034182604402303696,1,base_too_high,0.00982727575227394,0.05403052710184458,0.8838749153313514,0.0,0.0019314819520851966
608,608,-9.875367332491303,1,-5.053700534245401e-05,-0.0037963272818270395,0.041563041508197784,1,base_too_high,-0.011779687637621892,0.0,1.0,0.0,0.002099792070602649
609,609,-9.97768983894641,1,-9.833877085866007e-05,-0.014516792961840946,0.05532577261328697,1,base_too_high,0.0030023968867755138,0.0,1.0,0.0,0.0016298114177112893
610,610,-9.869643572196622,1,-4.22959974860732e-05,-0.005943915781065424,0.06590618193149567,1,base_too_high,-0.007196071088895507,0.0,1.0,0.0,0.0011690629773981522
611,611,-9.952231018669323,1,-6.23865424597822e-05,-0.012260537437039821,0.05616148188710213,1,base_too_high,0.005212057903650136,0.0,1.0,0.0,0.0014209508191542863
612,612,-9.252637407206093,1,7.924192952949246e-05,0.009786215767694709,0.048740655183792114,1,base_too_high,0.0032195397051363386,0.07900453007228801,0.7992186219964298,0.0,0.0021133910560694846
613,613,-9.607251295085417,1,4.912298455540743e-05,0.0055711726650630716,0.0625462606549263,1,base_too_high,0.006903375467678749,0.0215867793832655,0.9109271668600605,0.0,0.0009522232131983993
614,614,-8.652243898890628,1,9.88810158984784e-05,0.012044333255015945,0.03330397233366966,1,base_too_high,-0.0030221255259875596,0.19129864777406344,0.6383514592562907,0.0,0.0011548185645498994
615,615,-9.245170343214381,1,7.66457309574956e-05,0.009413977282648896,0.046855486929416656,1,base_too_high,-0.007586280019587685,0.08133113650441334,0.79908485126492,0.0,0.0014496003441499307
616,616,-9.883223015906045,1,-6.878220678711492e-05,-0.0033214505558295405,0.030427386984229088,1,base_too_high,0.00895955557805024,0.0,1.0,0.0,0.0019103702019399615
617,617,-9.362362856459603,1,3.9829857048847426e-05,0.00508836673419169,0.033887989819049835,1,base_too_high,0.0014625912535938196,0.07104308794852719,0.8498474910935964,0.0,0.002009428450354328
618,618,-9.91664652232984,1,-6.33803417560228e-05,-0.00881185665705401,0.0519738607108593,1,base_too_high,-0.005096486517539234,0.0,1.0,0.0,0.0021522630914638566
619,619,-9.915085228318254,1,-5.910825499422016e-05,-0.008431982268123018,0.05383840575814247,1,base_too_high,-0.0048518397641892,0.0,1.0,0.0,0.0012276549666852513
620,620,-9.262348529086948,1,1.346068908520642e-05,0.005411106174552356,0.030318042263388634,1,base_too_high,0.002224103805139789,0.08849500076941517,0.8215219174131483,0.0,0.0018037414074194875
621,621,-9.887825129415308,1,-2.9418360030980962e-05,-0.005718721954068439,0.04719288647174835,1,base_too_high,0.005022627052103515,0.0,1.0,0.0,0.0022905186709805806
622,622,-9.906847682008657,1,-6.136832683663878e-05,-0.009384906980156978,0.06174377351999283,1,base_too_high,0.004666477677201594,0.0,1.0,0.0,0.0011482914408706693
623,623,-9.364823847326784,1,8.57996068979072e-05,0.00804362698827071,0.048819635063409805,1,base_too_high,0.0033878734925625593,0.06224625083518751,0.8352378745992152,0.0,0.0018479247501046654
624,624,-9.549372693916537,1,4.3237459869020135e-05,0.0029428054132643834,0.03293538838624954,1,base_too_high,-0.0013784301480020144,0.041479241831035206,0.9106491311354551,0.0,0.0012121044741660219
625,625,-9.94643831737235,1,-6.355532297436098e-05,-0.00812129425667889,0.038479551672935486,1,base_too_high,0.000867634588130722,0.0,1.0,0.0,0.0018680218502492116
626,626,-9.886410066439183,1,-2.170721376497616e-05,-0.005062000462541177,0.04458814859390259,1,base_too_high,-0.0012156010556592088,0.0,1.0,0.0,0.0020807542217029457
627,627,-10.004126443784441,1,-6.36962499836144e-05,-0.009705730609825226,0.031010303646326065,1,base_too_high,-0.004102661245369934,0.0,1.0,0.0,0.001323123807598569
628,628,-9.681817070495708,1,1.2822309819234353e-05,0.0023950305857271268,0.04622076079249382,1,base_too_high,-0.004940148321164243,0.018160173058557497,0.9481827965470686,0.0,0.001284814732088233
629,629,-9.866059631059485,1,-6.81127781275265e-05,-0.005405376350848589,0.06979919224977493,1,base_too_high,-0.004874856514951261,0.0,1.0,0.0,0.0009347905094428786
630,630,-9.882029171748943,1,-8.375037977576687e-05,-0.00686026208623091,0.061711084097623825,1,base_too_high,0.0020815233162891304,0.0,1.0,0.0,0.0023056257863329
631,631,-9.837607855575367,1,-3.733742177271868e-05,-0.0017470864669850532,0.06825179606676102,1,base_too_high,0.009311093878623602,0.0,1.0,0.0,0.0012693703290780824
632,632,-9.874433101874736,1,-2.867930340584684e-05,-0.006389365988742079,0.0648537129163742,1,base_too_high,-0.0005623999895931126,0.0,1.0,0.0,0.0014350223177339808
633,633,-9.896424654688063,1,-6.199011036718121e-05,-0.0070956545571247195,0.055894434452056885,1,base_too_high,-0.006548542523510279,0.0,1.0,0.0,0.002237466962358053
634,634,-9.92554221674465,1,-3.949812842083462e-05,-0.005575500977027142,0.03176186606287956,1,base_too_high,0.011640610205530302,0.0,1.0,0.0,0.0011190253865106152
635,635,-9.550143972763244,1,2.022005100397314e-05,0.003174950664562761,0.03483346104621887,1,base_too_high,-0.004667000632891971,0.03982894869918709,0.9088534211040886,0.0,0.0017357849890979366
636,636,-9.602813970306457,1,3.720682619095492e-05,0.005603062351372184,0.06088099256157875,1,base_too_high,-0.0041700400604655794,0.022485980964285602,0.9079669690534885,0.0,0.0012857812983448392
637,637,-9.877162029004582,1,-6.98822871598757e-05,-0.006204740371077264,0.06405746191740036,1,base_too_high,-0.001891353545756447,0.0,1.0,0.0,0.0013286428047609069
638,638,-9.708114184112718,1,2.3301786915754834e-05,0.0022950980552020736,0.05294578894972801,1,base_too_high,0.0025987243831024263,0.012379376868926118,0.9566519237828607,0.0,0.0013172668699229242
639,639,-9.437673019637328,1,7.018976871699101e-05,0.010307878839476842,0.0647750273346901,1,base_too_high,0.0033799683624944517,0.04150305832277013,0.840866467107203,0.0,0.0013305388102140836
640,640,-8.79302804527778,1,6.737808537259494e-05,0.010557080995272802,0.032958026975393295,1,base_too_high,0.00588033312520944,0.16707881510967215,0.6796810555624272,0.0,0.0021936991028778012
641,641,-9.805350659787408,1,-1.1105365760241453e-05,0.00014950199537557517,0.030530229210853577,1,base_too_high,-0.0029753892352974145,0.0022337574730943977,0.9951031485103539,0.0,0.0012324263646721345
642,642,-9.863628565995123,1,-5.9957353733446914e-05,-0.003730020279705918,0.05141224339604378,1,base_too_high,-0.004100910575977116,0.0,1.0,0.0,0.0015337918299021206
643,643,-9.818519431210557,1,-9.739087457173776e-06,-0.000308017907934066,0.061623573303222656,1,base_too_high,-0.0030200261795857875,0.0,1.0,0.0,0.0008350630164294451
644,644,-9.75085335278372,1,-1.4032519197422852e-05,0.0008199809146825425,0.03484971821308136,1,base_too_high,0.004643265131967245,0.00998631313305782,0.9764709457898519,0.0,0.0012122349382511866
645,645,-9.870732383339242,1,-2.7576279859899623e-05,-0.004084639403667672,0.049818310886621475,1,base_too_high,0.009059994760046387,0.0,1.0,0.0,0.002217158534664399
646,646,-9.857152994468695,1,-8.413649680753425e-06,-0.0019607011741611924,0.03140135481953621,1,base_too_high,0.006283135816080684,0.0,1.0,0.0,0.0012220812935197314
647,647,-9.653411203748263,1,4.0849483871016105e-05,0.003696146244834806,0.0560188889503479,1,base_too_high,-0.00751620508264531,0.018494576277616383,0.934019643489121,0.0,0.0011492389135527841
648,648,-9.706629304015188,1,1.277171368789445e-05,0.002494498717351409,0.05390669032931328,1,base_too_high,-0.005811825189422854,0.012997562436033104,0.9537256206843746,0.0,0.001417732468167913
649,649,-9.750289015023448,1,1.7453023615027276e-05,0.0016592568275076254,0.05574699491262436,1,base_too_high,-0.011207732847880082,0.007923535675536782,0.9702359409845913,0.0,0.0017652251282551715
650,650,-9.493300039793871,1,3.134917396180897e-05,0.00447979879084294,0.03975259140133858,1,base_too_high,-0.001057911453603477,0.04756220726265589,0.8873080043430294,0.0,0.0019577926126604786
651,651,-9.866346071129657,1,-5.113111806093579e-05,-0.004812375691058555,0.06470651924610138,1,base_too_high,-0.005515573763808261,0.0,1.0,0.0,0.0010991268962878785
652,652,-9.040279139313553,1,0.00010197091840107039,0.014273792409329758,0.05225946754217148,1,base_too_high,-0.007361192206870384,0.10976302003275318,0.7268668520114535,0.0,0.001562740574706695
653,653,-9.825702321939284,1,3.549525395402546e-06,-0.0009952582068512275,0.0673164501786232,1,base_too_high,0.010239688522879997,0.0,1.0,0.0,0.0016494537222278417
654,654,-9.46869681674927,1,8.770531107846667e-05,0.008571852880473046,0.06083129718899727,1,base_too_high,0.0057750440657943205,0.03955543446678348,0.8590881161374199,0.0,0.0015344671914332923
655,655,-9.863728840519842,1,-4.8316054706588234e-05,-0.0038494198561963493,0.049225784838199615,1,base_too_high,-0.006969534803246147,0.0,1.0,0.0,0.002148349963525866
656,656,-9.972209574625195,1,-7.200681998550223e-05,-0.01239006377370238,0.049287110567092896,1,base_too_high,0.009859623944654722,0.0,1.0,0.0,0.001792926399190661
657,657,-9.842292519346739,1,-3.9184184381202034e-05,-0.0014785855285802956,0.03479255735874176,1,base_too_high,0.007111371056575671,0.0,1.0,0.0,0.0014041056411787096
658,658,-9.682244547591738,1,-6.760444790229811e-06,0.0019700861804519683,0.04017183929681778,1,base_too_high,-0.0022699072489634135,0.019135260985233753,0.9509585284819656,0.0,0.0012943803474043958
659,659,-9.856796972645329,1,-5.3081512760534345e-05,-0.0036932935621071163,0.06190812587738037,1,base_too_high,0.005262696012841976,0.0,1.0,0.0,0.0020464587573185695
660,660,-9.324167659037844,1,2.7510599371319235e-05,0.006888018171381803,0.04092048481106758,1,base_too_high,-0.003496019018680639,0.0728902708950754,0.8316731096837059,0.0,0.002429732989151913
661,661,-9.853851765977481,1,-1.0010247471176563e-05,-0.0036941571404461274,0.06481122970581055,1,base_too_high,0.011524771579084997,0.0,1.0,0.0,0.0013280754871774158
662,662,-9.484488555500384,1,7.735373087182368e-05,0.008095194481375908,0.06044077128171921,1,base_too_high,0.005744688248270599,0.0374898776251141,0.8660640087664037,0.0,0.0009560415665417308
663,663,-9.896130083755814,1,-3.616250621795369e-05,-0.005898916927273035,0.04611995816230774,1,base_too_high,0.0036142539293945427,0.0,1.0,0.0,0.0012215941003762333
664,664,-9.125942568103882,1,7.041254581488164e-05,0.0067221148006304165,0.030696356669068336,1,base_too_high,-0.0038010126358009205,0.11146969787407111,0.7810126223655998,0.0,0.002146968023947748
665,665,-8.866663754109505,1,8.195389307216289e-05,0.010224799821962593,0.034085020422935486,1,base_too_high,-0.002139597421438791,0.15330820288860267,0.70002071052804,0.0,0.0011925200820677212
666,666,-9.877909302882834,1,-7.017580403105357e-05,-0.006543041647635577,0.06313976645469666,1,base_too_high,0.0004483956767900745,0.0,1.0,0.0,0.00239003397390186
667,667,-9.90171211819112,1,-5.361020605574201e-05,-0.005672698651022967,0.03962207958102226,1,base_too_high,0.004701593551972875,0.0,1.0,0.0,0.0013019597315222428
668,668,-9.814658649212635,1,2.5983723423055284e-05,0.00010819353692908163,0.06247484311461449,1,base_too_high,0.003989059307176725,0.0003526954765329143,0.998268206393779,0.0,0.0020208215893529917
669,669,-9.864095986331138,1,-4.021593519440779e-05,-0.003771646952769373,0.05189581215381622,1,base_too_high,-0.006486486536889794,0.0,1.0,0.0,0.0007651134410438164
670,670,-9.041610624044479,1,7.973213166246408e-05,0.011897896950580423,0.045130256563425064,1,base_too_high,0.00539563648805771,0.11637407522388842,0.7363653995307058,0.0,0.002032180754250139
671,671,-9.8693508511521,1,-3.044935556048315e-05,-0.0028185274844964004,0.03130650147795677,1,base_too_high,0.0023687533287519392,0.0,1.0,0.0,0.001299509011979335
672,672,-10.01679275345412,1,-8.146530498135542e-05,-0.012133633202521626,0.03624138608574867,1,base_too_high,-0.00020206618982732393,0.0,1.0,0.0,0.0012003666847388555
673,673,-9.521461770247294,1,4.270212962986067e-05,0.004551339311251751,0.042992983013391495,1,base_too_high,0.006142992147825476,0.04212542506642134,0.8941376276346784,0.0,0.001406457523882519
674,674,-9.715622415293849,1,2.4449812146477974e-05,0.0022394997432661446,0.05255427211523056,1,base_too_high,-0.0033167387467564536,0.012357983988273712,0.9573869136955647,0.0,0.0016226738865484601
675,675,-9.829958123420099,1,1.6518101853269234e-05,-0.0006435630871815517,0.0480693094432354,1,base_too_high,0.004981817896685008,0.0,1.0,0.0,0.0009976344014276711
676,676,-9.881809341094991,1,-2.0116595392126997e-05,-0.004811963693287864,0.0481550358235836,1,base_too_high,-0.007800442339079893,0.0,1.0,0.0,0.0017894065684691876
677,677,-9.878527701514038,1,-5.838601783787083e-05,-0.005483094750684637,0.059169355779886246,1,base_too_high,0.00843205786139461,0.0,1.0,0.0,0.0011923785012308038
678,678,-9.295815538219571,1,6.491522538328252e-05,0.008650953695959722,0.04633306711912155,1,base_too_high,0.003616061825846189,0.07300375617191811,0.8132876971814826,0.0,0.0011649007593398017
679,679,-9.904770237026781,1,-6.61614219560172e-05,-0.010222777503912414,0.06784499436616898,1,base_too_high,0.00042773221636668493,0.0,1.0,0.0,0.0012038614866392108
680,680,-9.907620325333877,1,-4.853089992918484e-05,-0.005127072788230144,0.03256770223379135,1,base_too_high,0.0009839822711883767,0.0,1.0,0.0,0.0006879534081390842
681,681,-9.37793879785499,1,6.457350039495614e-05,0.005453737319556198,0.0370650552213192,1,base_too_high,0.0003090061923026724,0.06687299992598117,0.8528603990730754,0.0,0.0017888149284436931
682,682,-9.512689954449439,1,1.9656974139451612e-05,0.004166552692815797,0.038959112018346786,1,base_too_high,0.006978815082373206,0.04483256098638933,0.8930531963524122,0.0,0.0016649691522298764
683,683,-9.605803128567668,1,4.3059896125098547e-05,0.006555816673157557,0.06936915218830109,1,base_too_high,-0.007948815339902352,0.01895062555175968,0.9054937750284419,0.0,0.0015974685387986458
684,684,-9.4433427329252,1,4.1827828557476147e-05,0.006849448884816549,0.04844559356570244,1,base_too_high,0.0019208746522540357,0.04889660486440272,0.8586156491544084,0.0,0.0013739969199892624
685,685,-9.95167059875377,1,-6.565354817171171e-05,-0.007372064874472974,0.03292721137404442,1,base_too_high,0.004336526002723561,0.0,1.0,0.0,0.0013619199864243973
686,686,-9.45096822831581,1,7.096344191672192e-05,0.008873049865063284,0.060262665152549744,1,base_too_high,0.004405078146979801,0.0423955113149443,0.8527604173662824,0.0,0.001352586165781048
687,687,-9.880663744477426,1,-1.7256518861900607e-05,-0.004702145601919571,0.04241375997662544,1,base_too_high,0.0012145634379755374,0.0,1.0,0.0,0.0020131596934721465
688,688,-9.868054825149889,1,-3.781223583172941e-05,-0.005135480293917422,0.06168092042207718,1,base_too_high,0.0008566715602797338,0.0,1.0,0.0,0.0010741420185477611
689,689,-9.671864625969468,1,1.876523529489939e-05,0.003502750125888648,0.05836629122495651,1,base_too_high,0.010313614943215537,0.015433247191248146,0.9399867628735757,0.0,0.0016817104422186928
690,690,-9.822555678355295,1,-1.3448392453743993e-05,-0.0001199131147047183,0.05486379936337471,1,base_too_high,-0.001929074157908672,0.0,1.0,0.0,0.0014784266993872566
691,691,-9.887075630847784,1,-5.712355444079941e-05,-0.005936943360528797,0.05368892103433609,1,base_too_high,0.0055001540894951215,0.0,1.0,0.0,0.001852119937410638
692,692,-9.56539847518293,1,1.4656467492925014e-05,0.0028654935656266265,0.03385007008910179,1,base_too_high,0.008526190512262277,0.03834996318636255,0.9153474876704617,0.0,0.00163791229196244
693,693,-9.891369401598054,1,-4.955385636545998e-05,-0.0065909236923764,0.05319066718220711,1,base_too_high,0.005934717220159723,0.0,1.0,0.0,0.0011458384258787385
694,694,-9.850435080199054,1,-6.878557536017967e-06,-0.002504942999349098,0.05009371042251587,1,base_too_high,-0.004752180649766894,0.0,1.0,0.0,0.0018066091046694097
695,695,-9.713404533842988,1,-1.274667156749616e-05,0.0014075785115937622,0.038818005472421646,1,base_too_high,-0.001969544015277815,0.01462328349912337,0.9637390298924614,0.0,0.0018216872923711796
696,696,-9.873496919812764,1,-4.833751181677352e-05,-0.003826467404755506,0.03822490945458412,1,base_too_high,0.003835614015977066,0.0,1.0,0.0,0.001594463840828475
697,697,-9.87732346985903,1,-3.5994028380063146e-05,-0.005451802933645961,0.056481655687093735,1,base_too_high,0.00477679480344445,0.0,1.0,0.0,0.001891457253782382
698,698,-9.821564299689028,1,1.1775317268609329e-05,-0.00033801280455157234,0.06745179742574692,1,base_too_high,-0.0008118300582862446,0.0,1.0,0.0,0.0015061642752994806
699,699,-9.877366218645022,1,-3.602350965248806e-05,-0.0046808857857069015,0.047903116792440414,1,base_too_high,0.011946740857069265,0.0,1.0,0.0,0.001200471327263674
700,700,-9.866867807353467,1,4.406404761796315e-06,-0.004704529069992103,0.058592889457941055,1,base_too_high,-0.004722741237292697,0.0,1.0,0.0,0.0017570047184818395
701,701,-9.034790377740965,1,6.167350219362329e-05,0.010857018557533073,0.04132074862718582,1,base_too_high,0.0015579541074230627,0.11929438716503742,0.7372501975463928,0.0,0.0010250577898922811
702,702,-10.017272030795057,1,-9.231112970964917e-05,-0.010434484143359603,0.031128793954849243,1,base_too_high,0.005776158525742707,0.0,1.0,0.0,0.0016981390719860944
703,703,-9.263225586054364,1,3.889245822439372e-05,0.009044311824774878,0.046400368213653564,1,base_too_high,0.0017878191971797267,0.07858368481770184,0.805081038315731,0.0,0.001762645684310587
704,704,-9.863552528606956,1,-4.620045705455688e-05,-0.005064086574475581,0.06958688795566559,1,base_too_high,0.0102079950677815,0.0,1.0,0.0,0.0013491488806971238
705,705,-9.918493104366117,1,-3.728653326440579e-05,-0.005730703892344912,0.03394542634487152,1,base_too_high,0.0022398906575544506,0.0,1.0,0.0,0.0024959437783562783
706,706,-9.824725942387964,1,6.711376157141369e-07,-0.00017461463923229364,0.03341643139719963,1,base_too_high,0.00992935061736212,0.0,1.0,0.0,0.0015971133160005875
707,707,-9.863757462211288,1,1.6120471208228356e-06,-0.003729220214704917,0.04615047946572304,1,base_too_high,0.001576243482730374,0.0,1.0,0.0,0.0019215369135989924
708,708,-9.84085368578519,1,2.7873875601846654e-06,-0.0020491987335332466,0.04980011284351349,1,base_too_high,-0.009805098227949853,0.0,1.0,0.0,0.002020712161959872
709,709,-9.794212731561295,1,2.1481268058099633e-05,0.0003238191202301413,0.0396723672747612,1,base_too_high,-0.004311581194713765,0.0030451251225488197,0.9918376660486474,0.0,0.001207373110738899
710,710,-9.640582219879851,1,5.907103294405624e-05,0.003466139321539792,0.050530340522527695,1,base_too_high,0.004477530245937465,0.0221266672706374,0.9314047906256142,0.0,0.0018696975569228989
711,711,-9.874492088541226,1,-1.9852059395800035e-05,-0.004704812571238972,0.04783882200717926,1,base_too_high,0.004315579052915433,0.0,1.0,0.0,0.0018709980319817064
712,712,-9.834240626264725,1,-4.860527496272581e-05,-0.0019149938880318373,0.059322696179151535,1,base_too_high,0.006456036227554597,0.0,1.0,0.0,0.0013741510193840457
713,713,-9.961271176261524,1,-9.1880757145267e-05,-0.008566552538639487,0.03724387288093567,1,base_too_high,-0.009534354279761114,0.0,1.0,0.0,0.00207430111191514
714,714,-9.83554412904543,1,1.5268258915169642e-05,-0.0018180046246077115,0.06140734627842903,1,base_too_high,0.0061108742039641594,0.0,1.0,0.0,0.0012691590464144306
715,715,-9.912103349898052,1,-3.053233769226655e-05,-0.005326160020107853,0.03316783159971237,1,base_too_high,0.003432406351656412,0.0,1.0,0.0,0.0011836131254836578
716,716,-9.84261746075174,1,-7.5609563855227555e-06,-0.001476775542096569,0.040455274283885956,1,base_too_high,0.0009551931484805481,0.0,1.0,0.0,0.0014454968327676759
717,717,-9.715177614378845,1,1.4022926596403452e-05,0.0010554428818874704,0.03195200487971306,1,base_too_high,-0.0005926612003346682,0.015169863184749832,0.9669678685951125,0.0,0.0017064475464438904
718,718,-9.940944046946106,1,-6.741329922066143e-05,-0.009941661936927672,0.049123868346214294,1,base_too_high,-0.008513335383865379,0.0,1.0,0.0,0.0015971338504682715
719,719,-9.239291717845905,1,4.9367939378108364e-05,0.007002260621382166,0.03665018081665039,1,base_too_high,0.006353978604800403,0.08974643385232256,0.8089433599119509,0.0,0.001137816815321192
720,720,-9.83242546512592,1,-2.7831963088472872e-05,-0.0011574080305829311,0.06192246451973915,1,base_too_high,0.005366199497292834,0.0,1.0,0.0,0.0018228841877168261
721,721,-9.951423305044626,1,-5.183490547414321e-05,-0.011468615074009278,0.05101166293025017,1,base_too_high,8.704143292094498e-05,0.0,1.0,0.0,0.0014521115028293297
722,722,-9.17722127701054,1,5.6387039875781964e-05,0.009358684007094987,0.043001532554626465,1,base_too_high,-0.001298179019443363,0.09422909743088269,0.7823639456624858,0.0,0.0014119441012543099
723,723,-9.608549947519451,1,2.5392421657852152e-05,0.005944834167475697,0.06485451757907867,1,base_too_high,0.011496400331200383,0.02097376565195849,0.9083358529396429,0.0,0.0007437610057548269
724,724,-9.688694516077462,1,3.227328036486538e-05,0.0030401898733291013,0.0563606321811676,1,base_too_high,-0.003593949099407903,0.014395532789732216,0.9460582721219843,0.0,0.0017690003765334229
725,725,-9.931251235812919,1,-5.937503645392162e-05,-0.00932615793686942,0.04984818398952484,1,base_too_high,0.003777762553109985,0.0,1.0,0.0,0.0010776845830197386
726,726,-9.834681934158635,1,-2.7967185368735456e-05,-0.0012738531019061087,0.06378399580717087,1,base_too_high,-0.006056506052841487,0.0,1.0,0.0,0.0008216609939869612
727,727,-9.91355910969888,1,-4.778435658090031e-05,-0.008840958040319946,0.05474656820297241,1,base_too_high,-0.006446481509732172,0.0,1.0,0.0,0.0021917626412045906
728,728,-9.854251427149727,1,-1.9893100485522092e-05,-0.004133690261733918,0.06861875206232071,1,base_too_high,0.007163745553609472,0.0,1.0,0.0,0.0008385897137672099
729,729,-9.865850367778908,1,-4.624267325649361e-05,-0.00520016291697134,0.06233469024300575,1,base_too_high,0.0001540459214065186,0.0,1.0,0.0,0.0011903585139052002
730,730,-9.894893834809256,1,-6.408450523883954e-05,-0.008239221900342333,0.063111811876297,1,base_too_high,0.0007941893954509847,0.0,1.0,0.0,0.001582903416812329
731,731,-9.858307556344787,1,-1.9588993000846734e-05,-0.0027520744986091685,0.03961208090186119,1,base_too_high,-0.007918135747497113,0.0,1.0,0.0,0.0012061572833888836
732,732,-9.908582223344451,1,-5.499276666229821e-05,-0.007179735675347061,0.04756183549761772,1,base_too_high,0.0018307739781443428,0.0,1.0,0.0,0.0011857093518828476
733,733,-9.965664148658279,1,-5.3896190989539525e-05,-0.00763517410831112,0.03187223896384239,1,base_too_high,-0.0064862270805335995,0.0,1.0,0.0,0.0016616995786024578
734,734,-9.106154268757862,1,8.117752823843441e-05,0.00920088966530369,0.03925977274775505,1,base_too_high,-0.005348917679642593,0.10881250422866218,0.7656407904487075,0.0,0.0013671154888898272
735,735,-9.64536528299311,1,3.4700129020190666e-05,0.003682942391480196,0.05432108789682388,1,base_too_high,-0.0001277168016718033,0.019850493840893966,0.9322005028404424,0.0,0.0005784205383988995
736,736,-9.139549364149865,1,6.625441105231178e-05,0.007346109695977725,0.03379523754119873,1,base_too_high,0.001958822627091752,0.10712596541030382,0.7826288522558038,0.0,0.0019880528796900484
737,737,-9.827248069169725,1,-2.471987727542825e-06,-0.0005883612190447055,0.04295147582888603,1,base_too_high,0.0029414238905885654,0.0,1.0,0.0,0.0014950786104799881
738,738,-9.632271637129536,1,1.5431710387686083e-05,0.003511668901371382,0.04916830360889435,1,base_too_high,-0.006669557836858282,0.02368056761419482,0.9285786014224455,0.0,0.0011894288887582514
739,739,-9.908637074896584,1,-5.0670246804249714e-05,-0.008269596897606863,0.05344245955348015,1,base_too_high,-0.004287240735069102,0.0,1.0,0.0,0.001253531232604846
740,740,-9.66235796148545,1,-8.009205828176142e-06,0.002396182120510307,0.043537311255931854,1,base_too_high,0.002135924119456885,0.020557789519350413,0.9449625610831974,0.0,0.0010850576556537274
741,741,-8.944752455888471,1,7.042261000240853e-05,0.0125685820995737,0.04336443915963173,1,base_too_high,0.003776973650330544,0.13348232017230544,0.710163839094138,0.0,0.0015302541812469248
742,742,-9.225272774636704,1,7.294889983730964e-05,0.012408870295362357,0.05626643821597099,1,base_too_high,0.003151162798667327,0.07727137250013086,0.7794623075444558,0.0,0.0009072226626583212
743,743,-9.860316103205866,1,-5.581620570451728e-05,-0.004940046518343761,0.06892073899507523,1,base_too_high,0.0058634462476761335,0.0,1.0,0.0,0.0010285517409914077
744,744,-9.749464250932034,1,-1.1659196787875506e-06,0.0014167529003904322,0.05293535068631172,1,base_too_high,-0.005211978895618516,0.007594944910402012,0.973236165800909,0.0,0.0017578422554180699
745,745,-9.863031176741647,1,-2.1968111475409883e-05,-0.0034988522150133294,0.047160904854536057,1,base_too_high,-0.0012643041132184786,0.0,1.0,0.0,0.0018692949143371232
746,746,-9.925020475012653,1,-3.431345193768842e-05,-0.005854444578310748,0.0339888297021389,1,base_too_high,-0.01029806253457414,0.0,1.0,0.0,0.0017266683350971005
747,747,-9.99103103501172,1,-8.396244452788775e-05,-0.010820119795078104,0.03752746060490608,1,base_too_high,0.002760709140147476,0.0,1.0,0.0,0.0018385935132061583
748,748,-9.708061144069756,1,9.624730595264592e-06,0.0026066195642780086,0.05717584863305092,1,base_too_high,0.0034692277540139048,0.011956099325406791,0.9544104799081067,0.0,0.0011418415699797333
749,749,-9.772870933729674,1,3.412011596769454e-06,0.0013593776424563535,0.066492460668087,1,base_too_high,0.010108827722378267,0.003758100544828561,0.979555914105726,0.0,0.0022732229629831924
750,750,-9.83802151376386,1,-2.0475118552283522e-05,-0.0019373435244677,0.05883399397134781,1,base_too_high,-0.0003078277327328432,0.0,1.0,0.0,0.0017966591470193812
751,751,-9.87855218383942,1,-5.874163554452951e-05,-0.005904217004586097,0.0604466013610363,1,base_too_high,-0.006354227967596344,0.0,1.0,0.0,0.0012201377907560295
752,752,-9.849203966929661,1,-2.5334341998858342e-05,-0.003062217089908897,0.06138751655817032,1,base_too_high,0.005910467406457462,0.0,1.0,0.0,0.0014047651973273915
753,753,-9.59729052070968,1,1.2347428035366163e-05,0.003684146063096091,0.04520481824874878,1,base_too_high,-0.002114305064950815,0.030291730259725654,0.9185010336234334,0.0,0.0020484234051008094
754,754,-9.913335604654668,1,-4.758510624576888e-05,-0.004986027003291284,0.03158808499574661,1,base_too_high,0.003881544255819861,0.0,1.0,0.0,0.0016766986468602784
755,755,-9.362583031900364,1,6.119414745324411e-05,0.011392953818309766,0.06232167407870293,1,base_too_high,-0.0014674793156709083,0.053363791601472935,0.8171911499833258,0.0,0.0010223702800370514
756,756,-9.548542735952642,1,3.632104133008077e-05,0.004932711815858216,0.049088627099990845,1,base_too_high,0.007823389158871671,0.0349782914773643,0.8995141641911832,0.0,0.0011122233559028155
757,757,-8.851050249504103,1,7.297433968827441e-05,0.009272777113329498,0.030760500580072403,1,base_too_high,-0.004728267606940266,0.1586998930928309,0.6985492164974253,0.0,0.0011852387482168675
758,758,-9.638475591384788,1,3.137939622904269e-05,0.003046011650851363,0.0458257719874382,1,base_too_high,0.0033483316852714073,0.023935986706815838,0.9335306004548276,0.0,0.0016162101263158223
759,759,-9.898332621162027,1,-6.882901303075046e-05,-0.007958529291828737,0.05703260377049446,1,base_too_high,-0.0016938448941250437,0.0,1.0,0.0,0.0013798243839759983
760,760,-9.865689440695727,1,-2.1466332069798228e-05,-0.0047486324605104935,0.0586119219660759,1,base_too_high,-0.008586654371448357,0.0,1.0,0.0,0.0008983572185851737
761,761,-9.855251765778474,1,-4.5995582215456553e-05,-0.0032030455927872232,0.04859771206974983,1,base_too_high,0.0027574195277811713,0.0,1.0,0.0,0.0007648126197617061
762,762,-9.949730521565678,1,-8.082545710332836e-05,-0.009884489772920562,0.04463285580277443,1,base_too_high,0.003074246687528148,0.0,1.0,0.0,0.0012612637029478057
763,763,-9.963104875333148,1,-5.0233176222118906e-05,-0.009099010502383011,0.03721645474433899,1,base_too_high,0.002810610996854586,0.0,1.0,0.0,0.0008690330160813796
764,764,-9.571945221049214,1,7.097109162189111e-05,0.007099819640379162,0.06720442324876785,1,base_too_high,-0.0023688907663083343,0.02313740850120825,0.8943548804614612,0.0,0.0014797306325488012
765,765,-9.091091297937862,1,6.637537456797354e-05,0.009226293733376502,0.03878099471330643,1,base_too_high,-0.00754752590827334,0.1118165386698309,0.7620923794539814,0.0,0.0018199922999779124
766,766,-9.610502695175198,1,5.3811926942491016e-05,0.0032757150841678222,0.043452199548482895,1,base_too_high,-0.00630118562850402,0.028886383400008805,0.924613364712608,0.0,0.001729179523239225
767,767,-9.63594082016512,1,1.4320302208137504e-05,0.00430469133022381,0.058215346187353134,1,base_too_high,0.005548327416785724,0.019679324148246236,0.926055729470041,0.0,0.0014624243177661668
768,768,-9.588258827756446,1,6.950465122013575e-05,0.004512871938150886,0.050943341106176376,1,base_too_high,0.0026876508496916523,0.029142899760845085,0.911413899573771,0.0,0.0011524073321060107
769,769,-9.721347008170966,1,2.32347785293686e-05,0.0015442650699050277,0.04239359498023987,1,base_too_high,-0.0031124938964182387,0.0135130097666825,0.9635731528623738,0.0,0.0010154785998072722
770,770,-9.427412739378584,1,5.197051698501457e-05,0.006827202719467332,0.04815453290939331,1,base_too_high,-0.0016441046573851766,0.052520409185689856,0.8582230562994452,0.0,0.0006810653337298087
771,771,-9.573948305470907,1,-2.9627692712754914e-06,0.002458949150751626,0.030795149505138397,1,base_too_high,0.004044280098892127,0.03808284788905088,0.9201514119027417,0.0,0.001469156515359834
772,772,-9.882874203132218,1,-3.810982425018484e-05,-0.007304763530975627,0.06415507197380066,1,base_too_high,-0.0024593008899540386,0.0,1.0,0.0,0.0018431378268180694
773,773,-9.678545205067858,1,5.44216470738577e-05,0.004232065194418854,0.06656845659017563,1,base_too_high,0.006745879589958139,0.0127494750509788,0.9364253696850348,0.0,0.0013534962422079766
774,774,-9.528723079048818,1,2.9536809552912994e-05,0.004030197213061241,0.03954353928565979,1,base_too_high,-0.007144001999198572,0.04249072179770743,0.8980820342108328,0.0,0.001350912031323722
775,775,-9.831522992582784,1,-3.096515953900415e-05,-0.0018065266505558866,0.0692569836974144,1,base_too_high,-0.008032236601313985,0.0,1.0,0.0,0.0014774799479335588
776,776,-9.816188856512044,1,-5.285383494844473e-06,-9.333052944246836e-05,0.036918267607688904,1,base_too_high,-0.000741622809860421,0.0,1.0,0.0,0.001146572175456211
777,777,-9.892104444335068,1,-6.228941610368806e-05,-0.008110204544620676,0.06681488454341888,1,base_too_high,-0.00023414397078117045,0.0,1.0,0.0,0.00168195902299577
778,778,-9.468705298895,1,9.195059953344436e-06,0.004288293998838878,0.036771636456251144,1,base_too_high,0.0014802264677572434,0.05186849387625112,0.8833803878357979,0.0,0.0011155347632437352
779,779,-9.41765623609096,1,6.754522599774536e-05,0.0069191893478979605,0.04755567014217377,1,base_too_high,-0.0018238034573803406,0.05504992100534013,0.8545033826093278,0.0,0.0016903913101409083
780,780,-9.839337610404748,1,-3.51822083772985e-05,-0.00171323396604783,0.04216231033205986,1,base_too_high,0.0005274336104875939,0.0,1.0,0.0,0.0017619711020065733
781,781,-9.622795873035072,1,1.6764885379607483e-05,0.0031884515531152803,0.044528402388095856,1,base_too_high,0.004825674962258854,0.026512202016535112,0.9283951083294801,0.0,0.001811063312353526
782,782,-9.907188227417128,1,-2.1640659029402146e-05,-0.005724529096702764,0.040323201566934586,1,base_too_high,-0.0007075201541049194,0.0,1.0,0.0,0.001732645965059628
783,783,-9.880286903054454,1,-6.0456725351410804e-05,-0.005231821801623034,0.0478380061686039,1,base_too_high,0.0020084151116727808,0.0,1.0,0.0,0.00107911542723203
784,784,-9.759385645240414,1,3.4450638802653556e-06,0.001655746003104858,0.06483925879001617,1,base_too_high,-0.0025955012755636015,0.005016677127573928,0.9744638349560214,0.0,0.00165535505459397
785,785,-9.72960589356482,1,2.342516419195576e-05,0.0028044335934828174,0.06964036077260971,1,base_too_high,0.0014244902043715605,0.006963636218697013,0.9597297670894909,0.0,0.0007542434432358075
786,786,-9.556778270664696,1,4.808905685353886e-05,0.005510242713517284,0.05399681627750397,1,base_too_high,0.0002347258763986795,0.031866490333606605,0.897952454854968,0.0,0.0015364583209926494
787,787,-9.887384737819664,1,-5.435605182891065e-05,-0.005852333984591254,0.0500696524977684,1,base_too_high,0.006885536655269058,0.0,1.0,0.0,0.001564354643085576
788,788,-9.639543611459354,1,5.7019893430582606e-05,0.004761625425712809,0.06218406930565834,1,base_too_high,0.003886209918202432,0.018301067730080715,0.923426925496358,0.0,0.0015525512288221285
789,789,-9.917778029403028,1,-6.609796892048828e-05,-0.0104308330121447,0.06226778030395508,1,base_too_high,0.003546416686759829,0.0,1.0,0.0,0.0015410181754285756
790,790,-9.949161984974298,1,-3.4681008372460456e-05,-0.006688817488453265,0.030672265216708183,1,base_too_high,-0.002716795991938374,0.0,1.0,0.0,0.0016055120902572196
791,791,-9.385554214127486,1,7.079817261412396e-05,0.007269178205880822,0.047191210091114044,1,base_too_high,3.86273165220729e-06,0.059361650910313785,0.8459632978183849,0.0,0.0016033643237222599
792,792,-9.82213313211147,1,9.359325137691888e-07,-0.0006406096575312532,0.06740757077932358,1,base_too_high,-0.006087162778725178,0.0,1.0,0.0,0.0014834443100713607
793,793,-9.868298134966217,1,-3.227838966043771e-05,-0.0035780553860953676,0.04631335660815239,1,base_too_high,-0.0014116310979308817,0.0,1.0,0.0,0.0015209659132098797
794,794,-9.444040120698357,1,5.753338231460526e-05,0.010989852654484105,0.06871668249368668,1,base_too_high,-0.005413777825745039,0.03765865697308545,0.8400700938420256,0.0,0.00207846458237274
795,795,-9.699193236593436,1,5.087465619414646e-05,0.0027950190233964178,0.05659240484237671,1,base_too_high,0.005375938386012716,0.013139061768688629,0.9506114122216464,0.0,0.000833954273497716
796,796,-9.818405766998128,1,1.0201937622327886e-05,3.7219354522450036e-07,0.061440352350473404,1,base_too_high,0.004433674430128752,1.2736630389964052e-06,0.9999939421970558,0.0,0.0009919111729491572
797,797,-9.557523223210502,1,4.043372083273057e-05,0.006067511510932633,0.057473570108413696,1,base_too_high,0.0005770549497635952,0.03020084061721941,0.8944295355405056,0.0,0.0012470111423914388
798,798,-9.503438981885038,1,4.5043536684718905e-05,0.004848332974408932,0.043306127190589905,1,base_too_high,0.0077160486382138425,0.04359937146848507,0.8880451005909191,0.0,0.0010386294531359547
799,799,-9.833529623915936,1,-1.0204941181526552e-05,-0.0006850806757433675,0.033314984291791916,1,base_too_high,-0.004201274917295219,0.0,1.0,0.0,0.0016311039265769153
800,800,-9.815280652681077,1,1.7885899576999523e-05,-4.694246461682029e-05,0.0385412722826004,1,base_too_high,-0.005041667615611772,0.0,1.0,0.0,0.0021295490065078317
801,801,-9.810561817755776,1,2.7385559435776014e-07,0.00033407763836573214,0.06567952036857605,1,base_too_high,0.009259938496535442,0.000931861289760878,0.99491351905546,0.0,0.0013160273726246102
802,802,-9.22288848938499,1,5.20078065433995e-05,0.008219966371445609,0.04096490517258644,1,base_too_high,-0.007211597300944785,0.08937676492127397,0.7993412641169718,0.0,0.0016092203400446888
803,803,-9.065295470748245,1,4.5838828708276525e-05,0.01035096386857083,0.0414472334086895,1,base_too_high,0.00026297002483364107,0.11454101423894474,0.7502616407531187,0.0,0.0014336755733218983
804,804,-9.97323850340885,1,-9.362561398888476e-05,-0.010000661380742307,0.03944700211286545,1,base_too_high,-0.0028994985627474193,0.0,1.0,0.0,0.001448437974677479
805,805,-9.861261503782362,1,-4.8260489559111906e-05,-0.003952431940527431,0.05409548059105873,1,base_too_high,0.012951647945959741,0.0,1.0,0.0,0.001547734927430381
806,806,-9.82348949035172,1,-1.8826207433234722e-05,-0.000260539467591732,0.04855729639530182,1,base_too_high,0.003737070610200841,0.0,1.0,0.0,0.0010207840458334558
807,807,-9.895082094097342,1,-3.891091986765478e-05,-0.006619857619508102,0.05491035431623459,1,base_too_high,-0.009105200393917441,0.0,1.0,0.0,0.0013047097778214113
808,808,-9.921860806510741,1,-5.0676025430479067e-05,-0.008574429347105202,0.04926910251379013,1,base_too_high,0.0006200681179738734,0.0,1.0,0.0,0.0009945341733381397
809,809,-9.863221059541182,1,-4.668444354856577e-05,-0.00488088891237023,0.06114181876182556,1,base_too_high,0.006576051446130839,0.0,1.0,0.0,0.0016595377082537915
810,810,-9.98248565687216,1,-6.295397969803391e-05,-0.010588676541148059,0.03941469267010689,1,base_too_high,-0.0024793892695182188,0.0,1.0,0.0,0.0028590189233044455
811,811,-10.019759221330556,1,-9.18103383717595e-05,-0.015306426348127991,0.045395512133836746,1,base_too_high,0.008751279427049726,0.0,1.0,0.0,0.0016404138924054714
812,812,-9.92666861134277,1,-4.980138406945893e-05,-0.009966663564611981,0.05376216024160385,1,base_too_high,0.0026226759477259664,0.0,1.0,0.0,0.001692157434039724
813,813,-9.762013166239804,1,-1.3171738336003708e-05,0.0010220742670924723,0.046951331198215485,1,base_too_high,-0.0013138371008424138,0.007263016935951435,0.9782311979693602,0.0,0.0015806391259468038
814,814,-9.707499167137973,1,-1.3402335029372687e-06,0.002297250166085199,0.0510086715221405,1,base_too_high,-0.006963140082442902,0.013647815552837395,0.9549635355294213,0.0,0.0014167568681845704
815,815,-9.87292437456556,1,-6.047149567746175e-05,-0.005816875937844674,0.06852370500564575,1,base_too_high,-0.007459828952523992,0.0,1.0,0.0,0.0016784429804991147
816,816,-9.69431836079567,1,1.1592432332501833e-05,0.002732490510788102,0.0558290109038353,1,base_too_high,0.0013269095079831666,0.013305012359295716,0.9510560815355598,0.0,0.00142701445854203
817,817,-9.904955348510573,1,-7.653820502315133e-05,-0.01049196043403791,0.06898974627256393,1,base_too_high,0.001606981511683055,0.0,1.0,0.0,0.0009117873257758596
818,818,-9.939096124058151,1,-7.500587153749643e-05,-0.009773879251754117,0.047109898179769516,1,base_too_high,0.007433756751781642,0.0,1.0,0.0,0.0009735866617766088
819,819,-9.836860019903286,1,-1.8947786932180484e-05,-0.000909730971387022,0.038874439895153046,1,base_too_high,-0.008131232963227208,0.0,1.0,0.0,0.0008501413805792771
820,820,-9.830666309099945,1,-9.652464293407969e-06,-0.0010230658837139801,0.06884952634572983,1,base_too_high,0.0070865598043188946,0.0,1.0,0.0,0.002086674302163488
821,821,-9.685161678907617,1,-9.892257876245473e-07,0.0020022056979590963,0.040805552154779434,1,base_too_high,0.007936543633159798,0.01913732234513122,0.9509330068887971,0.0,0.000980949375820482
822,822,-9.896315442495823,1,-6.623157545472047e-05,-0.006413568712906989,0.048344291746616364,1,base_too_high,-0.0032433343361030083,0.0,1.0,0.0,0.001489320502968745
823,823,-9.531973876461747,1,5.8283229435360004e-05,0.007828900191113255,0.0648135244846344,1,base_too_high,-0.0039033003814887886,0.029375375866145817,0.8792088507740492,0.0,0.0008932396916251011
824,824,-9.859613709942138,1,-1.701177676290626e-05,-0.0036396824703002384,0.05233152210712433,1,base_too_high,0.00395900766988456,0.0,1.0,0.0,0.0013529166958959368
825,825,-9.845218550173854,1,-1.313685829947529e-05,-0.002375763170116824,0.05375629663467407,1,base_too_high,0.002579343759763793,0.0,1.0,0.0,0.0019793182105004043
826,826,-9.518730461566182,1,4.470294947673725e-05,0.005799996042116694,0.05099651962518692,1,base_too_high,0.0031665163248347015,0.037227017404986046,0.886266826208596,0.0,0.0015338642048012255
827,827,-9.828319082181505,1,-1.866823819359084e-05,-0.0005702207579295253,0.03925846517086029,1,base_too_high,-0.0029147456856095716,0.0,1.0,0.0,0.0017649376287996292
828,828,-9.20671099912383,1,8.60728960918111e-05,0.010100491992290518,0.04730335250496864,1,base_too_high,-0.00017567940709423358,0.08693010768805276,0.7864740734412171,0.0,0.0016022706922594761
829,829,-9.862409948411841,1,-1.1760427738721237e-05,-0.003952831899041019,0.05571068450808525,1,base_too_high,-0.001672900950987493,0.0,1.0,0.0,0.0011052487857229573
830,830,-9.924084499171132,1,-4.439144778336959e-05,-0.005775904010875943,0.033643197268247604,1,base_too_high,0.008711184110902957,0.0,1.0,0.0,0.001385806510199692
831,831,-9.648903458952319,1,3.338400922029711e-05,0.004890180955693725,0.06591832637786865,1,base_too_high,-0.005479387420940212,0.01581661111787148,0.9258145437481495,0.0,0.0025235437585755813
832,832,-9.865839816734844,1,-3.826915211168836e-05,-0.004362539933446096,0.051369503140449524,1,base_too_high,0.0026305591623744648,0.0,1.0,0.0,0.00170040437592008
833,833,-9.95629786848907,1,-4.596739910792134e-05,-0.00905305803789936,0.03846617043018341,1,base_too_high,0.0050306282806053095,0.0,1.0,0.0,0.002276160622370167
834,834,-9.71426050226401,1,1.811905734793519e-05,0.0027437306772362877,0.06066165491938591,1,base_too_high,0.00497933150899116,0.010477279999789963,0.9547699344200996,0.0,0.0010118162627736865
835,835,-10.006878330331348,1,-5.81472804426692e-05,-0.009817391032586888,0.03072955086827278,1,base_too_high,-0.0006485094822328437,0.0,1.0,0.0,0.0013660899173474103
836,836,-9.59309227228847,1,1.9411530380739474e-05,0.004039744401655059,0.04868880286812782,1,base_too_high,0.00224862952528826,0.028614078546371803,0.9170292935421238,0.0,0.0008994226606065725
837,837,-9.793236891199143,1,-5.792200646927311e-06,0.0005842261288711535,0.0584658607840538,1,base_too_high,-0.0006195800468203405,0.0022754346578685927,0.9900073972227001,0.0,0.0014464017807815494
838,838,-9.832113593953144,1,-1.917491638522107e-05,-0.001660507193044689,0.05753349885344505,1,base_too_high,0.003941565209920287,0.0,1.0,0.0,0.0007783813746963724
839,839,-9.716853277453591,1,3.0094783602729023e-05,0.0026432341294397453,0.06136542558670044,1,base_too_high,-0.009177804215034105,0.009880592709224876,0.9569263303219824,0.0,0.0018164422883513425
840,840,-8.67281956943519,1,8.955527705010111e-05,0.01108787179934018,0.03139425069093704,1,base_too_high,-0.006166642311241425,0.18896876917806896,0.6468184116684855,0.0,0.0010507750790699519
841,841,-9.876620260444094,1,-4.289147587905735e-05,-0.005218093172440155,0.05219664052128792,1,base_too_high,0.00493173199801138,0.0,1.0,0.0,0.0021775996152849
842,842,-9.819592405129832,1,8.047730133021728e-06,-0.0003545714165515148,0.06300519406795502,1,base_too_high,-0.0024923636990327176,0.0,1.0,0.0,0.0018508746343758118
843,843,-9.403878300730334,1,2.3855682121852717e-05,0.005873498115432217,0.04030080884695053,1,base_too_high,0.0068933767567307454,0.06044396404379274,0.8542585562418159,0.0,0.0012978334473797363
844,844,-9.315777386819633,1,3.421610351103034e-05,0.005585926674167702,0.03387512266635895,1,base_too_high,0.00594562772823682,0.07712943864985246,0.8351023870251845,0.0,0.0011949634016229006
845,845,-9.833047167369353,1,-1.5035288777337354e-05,-0.0009691930605004353,0.05912303179502487,1,base_too_high,0.009179384014772146,0.0,1.0,0.0,0.0017244173140149074
846,846,-9.763310844700753,1,1.4274940626501852e-06,0.00077983897524256,0.03864224627614021,1,base_too_high,-0.0034251824354775496,0.008130015613949389,0.9798190046641561,0.0,0.0012125904383399205
847,847,-9.870241486535296,1,-4.987039489404866e-06,-0.00354582533593004,0.042579784989356995,1,base_too_high,-0.011565910273889118,0.0,1.0,0.0,0.0018630694254055014
848,848,-9.689457863360888,1,7.664783859044323e-06,0.0035867235915312723,0.06204677000641823,1,base_too_high,0.005764599203358956,0.013069741595761592,0.9421932253277361,0.0,0.0005650451728307765
849,849,-9.82032153932556,1,3.422721748165538e-05,-5.1275135778864646e-05,0.04586472362279892,1,base_too_high,-0.0021350556097537387,0.0,1.0,0.0,0.0016418568747611282
850,850,-9.907614793399059,1,-4.431688386837278e-05,-0.007876627673646433,0.053954001516103745,1,base_too_high,0.0018965824436721675,0.0,1.0,0.0,0.0023572910750431454
851,851,-9.864553639446871,1,-4.007738049423821e-05,-0.0049259779381762535,0.0674513503909111,1,base_too_high,0.0104186757700851,0.0,1.0,0.0,0.0021047875192153516
852,852,-9.933724974865735,1,-7.451797214369709e-05,-0.007309043196739001,0.03701821714639664,1,base_too_high,-0.0038954511555818593,0.0,1.0,0.0,0.0016030599934584813
853,853,-9.777415736108718,1,1.312544095593721e-05,0.0007092717957731692,0.04792504757642746,1,base_too_high,-0.0021566093931201912,0.004658511038424058,0.985200394060024,0.0,0.0012755968388298545
854,854,-9.555042842079242,1,5.0438785042098365e-05,0.006938706976621781,0.06204327195882797,1,base_too_high,-0.009715880699005619,0.02822792503543191,0.8881634251297537,0.0,0.0021076202148055745
855,855,-9.331652845756452,1,5.1081115436589643e-05,0.00596921656735097,0.036896608769893646,1,base_too_high,-0.0006321959647168528,0.07393548612390922,0.8382177503065114,0.0,0.0010223611251141019
856,856,-9.97980155769516,1,-6.93044121665723e-05,-0.010343704207065867,0.03858207166194916,1,base_too_high,-0.002105285244407718,0.0,1.0,0.0,0.002133105717491191
857,857,-9.833603238423132,1,1.1346673195719489e-06,-0.0005637927052788553,0.030992833897471428,1,base_too_high,0.007809057817993154,0.0,1.0,0.0,0.0021938458890680555
858,858,-9.5947073600075,1,5.238857225884385e-05,0.004481595965154561,0.05262356996536255,1,base_too_high,0.004583700217310854,0.02683780247334835,0.9148367164214504,0.0,0.0010943772345638008
859,859,-9.543832706284636,1,8.825611101874034e-06,0.003878242334734969,0.040643367916345596,1,base_too_high,0.010436735656336927,0.03920957363569917,0.904578714827829,0.0,0.001424515060454532
860,860,-9.84849837171388,1,-2.2186456848897854e-05,-0.0024640069466486947,0.048464335501194,1,base_too_high,0.0022747718640422796,0.0,1.0,0.0,0.002933830204018193
861,861,-8.980401431647872,1,8.264838155824627e-05,0.008804312116825634,0.03308337926864624,1,base_too_high,-0.0011332567963041327,0.13555768514016084,0.7338750804791527,0.0,0.001365102397726479
862,862,-9.897127607692308,1,-5.8629223551951084e-05,-0.007015103510875542,0.052891239523887634,1,base_too_high,0.00448210967069043,0.0,1.0,0.0,0.001350162198173919
863,863,-9.652269499020731,1,3.986921438366346e-05,0.003845265580587549,0.056395601481199265,1,base_too_high,0.0011658027916202334,0.018902236444224233,0.9318162146739247,0.0,0.0013875188793678569
864,864,-9.280950482503558,1,9.599788562010818e-05,0.011790715931868041,0.058040082454681396,1,base_too_high,-0.0009115475041450197,0.06723385746709899,0.7968521856017994,0.0,0.0022442096090672624
865,865,-9.912478731108656,1,-8.98876975393205e-05,-0.00947492098268696,0.06133662164211273,1,base_too_high,0.003732401164352873,0.0,1.0,0.0,0.0023147376570770346
866,866,-9.230989036533593,1,7.032580520348555e-05,0.006592617518831131,0.03451325371861458,1,base_too_high,0.0024054483113125076,0.09204605383841827,0.8089830241526088,0.0,0.002244440032217567
867,867,-9.882473833098102,1,-3.0076049780490434e-05,-0.006754814496176381,0.06519695371389389,1,base_too_high,0.003462013405694135,0.0,1.0,0.0,0.0019134118812816799
868,868,-9.551332570790008,1,3.2190789014169404e-05,0.006843425301773375,0.06167846918106079,1,base_too_high,0.010532329427812319,0.028693308448391665,0.8890467722695476,0.0,0.0015769709657819414
869,869,-9.981738975195436,1,-5.3102217908726905e-05,-0.010009987855143884,0.0367024801671505,1,base_too_high,-0.004139326077246962,0.0,1.0,0.0,0.0019999360701944413
870,870,-9.47265097549426,1,3.1803664770182214e-05,0.006272577405260437,0.049040574580430984,1,base_too_high,0.0037511261379971385,0.04540160797268277,0.8720941321642357,0.0,0.0016924017053354043
871,871,-9.854207959264933,1,1.7175908318239879e-06,-0.0025155182701317278,0.04512133076786995,1,base_too_high,0.002973603701109455,0.0,1.0,0.0,0.0020510318174028173
872,872,-9.516477265983454,1,3.803594827914734e-05,0.006872917946875096,0.05740126967430115,1,base_too_high,-0.010344440938143042,0.03534161542442641,0.8802654008182738,0.0,0.0024462007759340648
873,873,-9.90346707900531,1,-6.203690780776311e-05,-0.00715840980328823,0.052698373794555664,1,base_too_high,0.0003287291068049265,0.0,1.0,0.0,0.00187802555885472
874,874,-9.93701483786438,1,-5.304921290995579e-05,-0.007876891285955439,0.04131148383021355,1,base_too_high,0.0020140616160454314,0.0,1.0,0.0,0.001821276832063393
875,875,-9.877911132757905,1,-4.5098244546697434e-05,-0.004444509678616616,0.04751857370138168,1,base_too_high,-0.014180617401018995,0.0,1.0,0.0,0.0020323969380455077
876,876,-9.864392590129585,1,-4.628475757840949e-05,-0.0031386616676872784,0.04468034952878952,1,base_too_high,0.007027397330214177,0.0,1.0,0.0,0.002222069922056151
877,877,-9.019422581135252,1,8.376954184317741e-05,0.01103241530580341,0.041563667356967926,1,base_too_high,-0.005250459290284632,0.12259699488596296,0.734565893269983,0.0,0.0014666359537755952
878,878,-9.004760592980213,1,7.519582618234179e-05,0.008399246363819933,0.03253791481256485,1,base_too_high,0.008011010667653931,0.1307365210406739,0.7418628037025937,0.0,0.0010739979281170057
879,879,-9.901758213140923,1,-1.3372298277773778e-05,-0.005421935017114297,0.03907552734017372,1,base_too_high,-0.0001299155093015462,0.0,1.0,0.0,0.0012502465881453384
880,880,-9.857122004517668,1,-2.435553758790964e-05,-0.0028431886326564814,0.041737962514162064,1,base_too_high,-0.0014259658699917902,0.0,1.0,0.0,0.0024059581325525216
881,881,-9.496974404212716,1,7.953919008110919e-05,0.009679974275178874,0.06984920799732208,1,base_too_high,0.005766960487999159,0.03041053077568229,0.8614161140463711,0.0,0.001667551411024854
882,882,-9.84465217348341,1,-2.5914400559868233e-05,-0.0020953942735459615,0.04340862110257149,1,base_too_high,0.004065651852129661,0.0,1.0,0.0,0.0007645824493241509
883,883,-9.949398886428042,1,-5.829558151719108e-05,-0.006589351408857365,0.030400138348340988,1,base_too_high,0.0033289193516054063,0.0,1.0,0.0,0.0012718222004057746
884,884,-9.874106659163282,1,-5.773789276542435e-05,-0.0046486262331620395,0.05044357478618622,1,base_too_high,-0.0009442181640594011,0.0,1.0,0.0,0.0017913219330787824
885,885,-9.75770634745793,1,4.338577407098111e-05,0.0014896790241833342,0.0563213974237442,1,base_too_high,-0.01147778575810772,0.006884366028028778,0.9735503892163222,0.0,0.001451722264946321
886,886,-9.932576397193788,1,-3.6262056796696096e-05,-0.006972631607062664,0.035701166838407516,1,base_too_high,-0.0038120429199156474,0.0,1.0,0.0,0.0018508328434526842
887,887,-9.693142054762358,1,3.246549898913917e-05,0.0023798700687092797,0.04988373443484306,1,base_too_high,0.009003103595272543,0.015098604170750924,0.9522916609234606,0.0,0.0011695358363464007
888,888,-9.409027844427804,1,5.022140629920482e-05,0.008903804086929678,0.056180793792009354,1,base_too_high,0.004756183148172024,0.051086074860901554,0.8415151593544767,0.0,0.0014546891523473863
889,889,-9.498370906186183,1,2.4386838042791084e-05,0.0061480229510977,0.050955746322870255,1,base_too_high,-0.0023248383584682612,0.04065620647976318,0.8793458392602951,0.0,0.0011814859093612269
890,890,-10.048452933760167,1,-7.499868162873299e-05,-0.012045870616565538,0.03190062195062637,1,base_too_high,-0.00941562658733953,0.0,1.0,0.0,0.0013170359859818897
891,891,-9.948596493898325,1,-6.895559094866303e-05,-0.010123247729239612,0.04596984013915062,1,base_too_high,0.0035011424854159224,0.0,1.0,0.0,0.0013500908554384071
892,892,-9.723507074604466,1,-3.3175612329088843e-06,0.00293630739760293,0.06766606122255325,1,base_too_high,-0.008021255285884245,0.008130151915974534,0.9566059061301412,0.0,0.002518376181278297
893,893,-8.92338400287074,1,7.298092485370014e-05,0.008804672686573804,0.031276825815439224,1,base_too_high,-0.004396012074778721,0.1459857276975671,0.7184921253329859,0.0,0.0024062702880872622
894,894,-9.457994475905679,1,2.3863129487108856e-05,0.007874117703236691,0.05623758211731911,1,base_too_high,0.0008258553784320866,0.043571395198124814,0.8599847758210661,0.0,0.0008660722485553885
895,895,-9.561333396157915,1,6.892443294363959e-05,0.006293549833323745,0.0597347766160965,1,base_too_high,0.0004974190918111305,0.028594571229409317,0.8946417767004621,0.0,0.0018321343770638598
896,896,-9.649087491996934,1,2.4104435727698116e-05,0.00429721669640481,0.05986122414469719,1,base_too_high,-0.00879540674464313,0.01799098577367181,0.9282136829306946,0.0,0.0017637798315074196
897,897,-9.930873332048286,1,-7.727112888214234e-05,-0.010999490233953342,0.05869339406490326,1,base_too_high,-0.0042410357598869665,0.0,1.0,0.0,0.0024059331749732606
898,898,-9.644017379427327,1,-3.700822103713789e-06,0.00371564531088404,0.0530628003180027,1,base_too_high,-0.009512752554634449,0.021262044817055202,0.9299764554337835,0.0,0.001384831736306172
899,899,-9.943137386408887,1,-4.376373694846166e-05,-0.008442906407352044,0.04206036031246185,1,base_too_high,-0.007994202571149696,0.0,1.0,0.0,0.0013623998065558642
900,900,-9.650285183550183,1,3.438598695880087e-05,0.004766906619641382,0.0647297352552414,1,base_too_high,-0.0020350729278984124,0.016245922896047392,0.9263567765209852,0.0,0.0017697117030211259
901,901,-9.365673271652797,1,5.8662165251685527e-05,0.010476157858936248,0.059063199907541275,1,base_too_high,0.006107567213939222,0.054024056669328815,0.8226280014959806,0.0,0.0012037493782658137
902,902,-9.41675128756901,1,6.93078955441913e-05,0.009589852452381017,0.05972364544868469,1,base_too_high,-0.0006550118568225034,0.047754386919069886,0.8394295557984734,0.0,0.0016156519338189484
903,903,-9.655257573076746,1,4.517383985521103e-05,0.004246077358978861,0.059651728719472885,1,base_too_high,0.011561911389847246,0.017830243896363153,0.9288188709099998,0.0,0.001670931829144556
904,904,-9.532040633191526,1,3.839366202779266e-05,0.005037969382434627,0.04727333039045334,1,base_too_high,0.006374348433391289,0.03803925695072378,0.8934289288108305,0.0,0.001580732429500725
905,905,-9.80318754780614,1,3.467901901168302e-05,0.0002741918924747703,0.04563049226999283,1,base_too_high,-0.007500668372586904,0.00202621694286729,0.9939910381278614,0.0,0.0011822460346977049
906,906,-10.013274878405806,1,-6.853736554954384e-05,-0.011214217346397012,0.034123070538043976,1,base_too_high,0.0016967383701741601,0.0,1.0,0.0,0.0013631716405838865
907,907,-9.89809738159435,1,-3.282305475099568e-05,-0.00629428388242655,0.04924355447292328,1,base_too_high,-0.002996045461031148,0.0,1.0,0.0,0.0012080763768194981
908,908,-9.820875565453832,1,-1.4491538630409708e-05,-0.0005453768528300789,0.062282077968120575,1,base_too_high,-0.0069463318624170545,0.0,1.0,0.0,0.0008312104249685554
909,909,-9.87067673341686,1,-8.348711569262614e-06,-0.003676915113998893,0.04613180458545685,1,base_too_high,0.007135120274043212,0.0,1.0,0.0,0.000995506775813611
910,910,-9.815995879079217,1,-6.7928103871079595e-06,2.7588078905118056e-05,0.034315746277570724,1,base_too_high,-0.009634229853167931,0.0003374853016826754,0.9991960518783459,0.0,0.0010895775219327216
911,911,-9.669659375184015,1,1.3702825403398566e-05,0.003495750333035236,0.05678968131542206,1,base_too_high,-0.0018751429958650148,0.016416971135640064,0.9384439154372397,0.0,0.0010806594879143744
912,912,-9.172575771819037,1,6.064408295871474e-05,0.01230831236591855,0.05243855342268944,1,base_too_high,-0.004702636657729094,0.0887261651208651,0.7652812397882844,0.0,0.0019620127916991663
913,913,-9.918466781011226,1,-7.807987855153355e-05,-0.011071479556048454,0.06385133415460587,1,base_too_high,0.0028719758493053714,0.0,1.0,0.0,0.0018178901668279928
914,914,-9.515267620588387,1,3.3339538377066615e-05,0.003443926507865444,0.03429100662469864,1,base_too_high,0.00628708915513055,0.0460006868243102,0.8995676508569224,0.0,0.001662509522490392
915,915,-9.911428960987354,1,-5.5627836777688686e-05,-0.006752931015802835,0.04453252628445625,1,base_too_high,-0.005036597695880884,0.0,1.0,0.0,0.0014427576127015852
916,916,-9.856734080014663,1,-3.5253176193864955e-05,-0.003788506763660604,0.05530551075935364,1,base_too_high,0.008823137151670905,0.0,1.0,0.0,0.0011907942284873655
917,917,-9.824740151681304,1,-9.506970779673904e-06,-0.0005019404569486106,0.05736206844449043,1,base_too_high,-0.012357289269902467,0.0,1.0,0.0,0.0018620354060754946
918,918,-9.965174219789054,1,-6.255470364684528e-05,-0.010958032491535359,0.04583243280649185,1,base_too_high,-0.003160200645916901,0.0,1.0,0.0,0.0010414872380901338
919,919,-9.621124347382798,1,9.688234859742402e-06,0.002703104101113349,0.03887339308857918,1,base_too_high,-0.007558413886687398,0.028968791557084275,0.9304639013962152,0.0,0.0021593642784608234
920,920,-9.659736723258899,1,2.700477257687381e-05,0.0016257030981756534,0.031845882534980774,1,base_too_high,-0.005810766040789795,0.02368127195237601,0.9489509148364385,0.0,0.001161480434636465
921,921,-9.821247027327166,1,1.8361996970220046e-05,-0.00043699632619093455,0.033700909465551376,1,base_too_high,0.001817685164894682,0.0,1.0,0.0,0.0012965919434162233
922,922,-9.816629914862109,1,-2.1765972855255825e-06,-1.291496324418715e-05,0.032845959067344666,1,base_too_high,-0.0002422409922211943,0.0,1.0,0.0,0.0014918934962799156
923,923,-9.754951970256128,1,-2.816695518073075e-06,0.0015719383744109028,0.05994376167654991,1,base_too_high,-0.0035301200053955437,0.006028429023927142,0.9737764471719078,0.0,0.0011011647773119663
924,924,-9.875392041336479,1,-5.9627256140725793e-05,-0.005576420289537162,0.055436957627534866,1,base_too_high,4.2837781957936895e-05,0.0,1.0,0.0,0.001123847404123524
925,925,-9.8430074281667,1,4.996634320276932e-06,-0.001407798689160921,0.041022490710020065,1,base_too_high,0.00022853699427848978,0.0,1.0,0.0,0.0011701371695909092
926,926,-9.876874736967714,1,-4.767300194264421e-05,-0.0047708298430675245,0.049902260303497314,1,base_too_high,0.005776165497836626,0.0,1.0,0.0,0.0018263971498816982
927,927,-9.82074459522618,1,-1.9653652439259055e-05,-0.000367245381799396,0.06226993352174759,1,base_too_high,-0.002227437791399579,0.0,1.0,0.0,0.0007959175072198297
928,928,-9.587331262877068,1,9.424486130758119e-06,0.004039913580572962,0.046478863805532455,1,base_too_high,-0.005960053939311042,0.031273984114592944,0.9130806277313013,0.0,0.001566262907495462
929,929,-9.701736866135283,1,5.665032199941244e-05,0.0029653596435425624,0.05949181690812111,1,base_too_high,-0.0051111893673056515,0.012091192947635264,0.9501551686551009,0.0,0.0014067695069039357
930,930,-9.842160327847406,1,-5.882050368794443e-06,-0.0023668114402377585,0.06433002650737762,1,base_too_high,0.006267081145895556,0.0,1.0,0.0,0.0014636776630941681
931,931,-9.458942002031424,1,5.218740788349406e-05,0.00470487147577301,0.038568124175071716,1,base_too_high,0.00852048476734567,0.05315527092636049,0.878011400029463,0.0,0.00133321754268168
932,932,-9.890447916215063,1,-1.0897058861498342e-05,-0.004454821172985669,0.036243196576833725,1,base_too_high,-0.005391524437533021,0.0,1.0,0.0,0.0017853555713659385
933,933,-9.856203720791855,1,-4.064070757154905e-05,-0.0033998391169225003,0.05542517080903053,1,base_too_high,-0.0009294091151141689,0.0,1.0,0.0,0.002112883266278015
934,934,-9.863323625792383,1,-5.1605866857012446e-05,-0.002302088920111099,0.03306525573134422,1,base_too_high,0.00459450424386116,0.0,1.0,0.0,0.001115958307257177
935,935,-9.754316981416974,1,-1.5973977661691205e-05,0.000627975224935474,0.030623143538832664,1,base_too_high,0.00750687269479567,0.009548257184781089,0.9794934439829315,0.0,0.0017258068434704709
936,936,-9.947599547824655,1,-6.360202766042359e-05,-0.007927844740173192,0.03669775277376175,1,base_too_high,0.009718836829105145,0.0,1.0,0.0,0.002190329040635171
937,937,-9.50258864388697,1,7.215983501193617e-05,0.009477658149723553,0.06937699019908905,1,base_too_high,-0.00010728222172662834,0.030243971298407234,0.8633890232145252,0.0,0.0015495114268244642
938,938,-9.837072684629497,1,2.0729767089506523e-06,-0.001520000290815195,0.05171782150864601,1,base_too_high,0.002777889487268818,0.0,1.0,0.0,0.0009511887574658257
939,939,-9.815445354723302,1,-1.9325268481812566e-05,0.0001235688585348974,0.06023398041725159,1,base_too_high,-0.0005033508921454446,0.0004500592968638696,0.9979485190962551,0.0,0.0014398502592422383
940,940,-9.856968944513499,1,-3.114673407412012e-05,-0.0031702805303840892,0.044217683374881744,1,base_too_high,0.0022901863478555686,0.0,1.0,0.0,0.0015826390329880687
941,941,-9.876320364240234,1,-5.997306125900406e-05,-0.006017398293395356,0.061996717005968094,1,base_too_high,0.008649971676847312,0.0,1.0,0.0,0.0018211532662340206
942,942,-9.9760423187571,1,-7.029309283187321e-05,-0.01156768128336771,0.0447724387049675,1,base_too_high,0.002294206078327851,0.0,1.0,0.0,0.0016757428869970206
943,943,-9.946055284421476,1,-7.32701729855533e-05,-0.01130353454288369,0.054930705577135086,1,base_too_high,-0.013868797930537177,0.0,1.0,0.0,0.0018707539908636608
944,944,-9.77513492301125,1,1.1578119393361717e-05,0.0012510400677394635,0.062218986451625824,1,base_too_high,0.009396775414094501,0.004240914093383611,0.9798929534624075,0.0,0.0014659433040644762
945,945,-9.083053243332659,1,4.6165225563314543e-05,0.010843578652925383,0.04335232451558113,1,base_too_high,-0.007291188172098155,0.11022219419376388,0.7498731927839442,0.0,0.0011304122492878607
946,946,-9.886071720852701,1,-4.882739337545387e-05,-0.00803555196509197,0.06829272210597992,1,base_too_high,0.004373866292374451,0.0,1.0,0.0,0.002193380863621499
947,947,-9.402580306169092,1,5.386685227268864e-05,0.0040970556763078765,0.030407335609197617,1,base_too_high,-0.0032162665101524183,0.06620595212317487,0.8652609479090196,0.0,0.0010089157423241782
948,948,-9.533136623831695,1,1.1931178822711048e-05,0.0030926725464500825,0.033159445971250534,1,base_too_high,0.0026929545463619036,0.04336080146694147,0.9067332883320987,0.0,0.0014715666409009735
949,949,-9.775019024259647,1,-1.8162794112642224e-05,0.001056682732224388,0.06130141392350197,1,base_too_high,-0.0018748969207257537,0.0037590542476891213,0.9827625058790469,0.0,0.0018140372861154646
950,950,-9.165768003158965,1,8.378036966778061e-05,0.011622176858384719,0.050320230424404144,1,base_too_high,-0.0020963289235434194,0.09071705744199765,0.7690357002565416,0.0,0.0013862675036982928
951,951,-9.81953223703816,1,-7.255797939151554e-06,-0.00023195592189579424,0.06100193411111832,1,base_too_high,0.013027982601234106,0.0,1.0,0.0,0.0013648374892976573
952,952,-9.981443397017406,1,-8.162659135591758e-05,-0.010848167194747113,0.03934169560670853,1,base_too_high,-0.005358041286261765,0.0,1.0,0.0,0.0012808784815780837
953,953,-9.913358264027092,1,-8.549164106648126e-05,-0.006116100913947618,0.038468137383461,1,base_too_high,-0.005281768625351015,0.0,1.0,0.0,0.0006830953943801735
954,954,-9.947614279653225,1,-7.987665617369596e-05,-0.01033298434031241,0.04815005883574486,1,base_too_high,-0.012625101021627488,0.0,1.0,0.0,0.0014148168287188606
955,955,-9.530832109962777,1,3.1586923782306745e-05,0.004372663077398076,0.043154895305633545,1,base_too_high,0.002717877006051564,0.03966212203382916,0.8986751577926896,0.0,0.0014677536843034386
956,956,-9.651069212905181,1,6.097458543498572e-05,0.004610051172538089,0.06365934014320374,1,base_too_high,0.008535718484505388,0.016280989446199455,0.9275824842678979,0.0,0.0018718129336217683
957,957,-9.93409836555458,1,-6.690142642819659e-05,-0.010776686016815666,0.054569996893405914,1,base_too_high,-0.0027365960731767854,0.0,1.0,0.0,0.0016223904789512502
958,958,-9.722856029017802,1,6.178038248305994e-06,0.0024750083869366445,0.05970938876271248,1,base_too_high,0.0026915319135267105,0.010009529930233204,0.9585490909131898,0.0,0.0015983046387453511
959,959,-9.563307275784974,1,2.6532456047783287e-05,0.003335250848008799,0.03788284957408905,1,base_too_high,0.0013759545879340794,0.03732974550697933,0.9119588178450093,0.0,0.0010286955644989548
960,960,-9.630757675915731,1,3.539158846809788e-05,0.0037821619724149576,0.05209808424115181,1,base_too_high,0.00661490825274526,0.02251041090781869,0.9274030529480555,0.0,0.0016499068219732853
961,961,-9.90989274822669,1,-3.808098862153596e-05,-0.007886867007342263,0.05411379411816597,1,base_too_high,-0.012299395568314258,0.0,1.0,0.0,0.0015739048249086098
962,962,-8.968807407988638,1,7.400077230510966e-05,0.01126789688142443,0.040461063385009766,1,base_too_high,-0.0007261636843922894,0.13160021211992892,0.721512597929135,0.0,0.0010645228333578086
963,963,-9.796993379645683,1,3.353790787173487e-05,0.0003765007487975705,0.040169768035411835,1,base_too_high,0.007048785637984383,0.0035563600576863225,0.9906272614953715,0.0,0.0013192742090426296
964,964,-9.889031613193568,1,-3.084268065696051e-05,-0.004282927125088773,0.03881628438830376,1,base_too_high,0.009646902077263637,0.0,1.0,0.0,0.0015336745010114854
965,965,-9.871189437963597,1,-4.563982859965981e-05,-0.00539952279912163,0.05989604815840721,1,base_too_high,0.002234576836062273,0.0,1.0,0.0,0.0013830803179159783
966,966,-9.652081784255374,1,4.6733104041595056e-05,0.0030007511010495948,0.04801405221223831,1,base_too_high,0.003342518330113361,0.021188060907555054,0.9375026465578159,0.0,0.0016173688214555614
967,967,-9.761075837486551,1,3.780608101418563e-05,0.0012955467081081798,0.057787973433732986,1,base_too_high,-0.001397977398272243,0.0055421220201775515,0.9775810318311952,0.0,0.001405155170989392
968,968,-9.91812197323972,1,-6.358426034682108e-05,-0.005727212173810109,0.03381362557411194,1,base_too_high,-0.00908075474510455,0.0,1.0,0.0,0.0010576260221577536
969,969,-9.314069187434466,1,0.00010053618555813216,0.010726343677511529,0.05608125776052475,1,base_too_high,-0.002885842519420731,0.06463355705410713,0.8087356774751183,0.0,0.0015093007179551592
970,970,-9.74499494035189,1,2.4491337343064737e-05,0.0008619728673224245,0.0337810292840004,1,base_too_high,0.002135126055757601,0.011298175280839477,0.9744835235395907,0.0,0.001004878999076742
971,971,-9.48299370694431,1,4.610248189987875e-05,0.006636303052986393,0.0523882620036602,1,base_too_high,0.010132438333849038,0.042485327735715596,0.8733246189534519,0.0,0.0016819371099478706
972,972,-9.279843647485409,1,5.061616934245311e-05,0.006760170698274099,0.037492092698812485,1,base_too_high,0.004888142760967384,0.08259608262293901,0.819690752535438,0.0,0.0013805934172652578
973,973,-9.897833874870516,1,-6.680724842698467e-05,-0.007759853179999623,0.056621383875608444,1,base_too_high,-0.009741802081127304,0.0,1.0,0.0,0.0014392740083503126
974,974,-9.731646704595242,1,2.2638431159561717e-05,0.0016905532349290246,0.04853223264217377,1,base_too_high,-0.005393068494595122,0.011202221009530796,0.9651663822787009,0.0,0.0018953432531604829
975,975,-9.626281946522413,1,1.7928513366982932e-05,0.005399093855968935,0.06353259831666946,1,base_too_high,0.0002854733591362454,0.019182316653752925,0.9150185298619151,0.0,0.001038233679750664
976,976,-9.594051382704333,1,3.3520141304772026e-05,0.0025664071339314394,0.03422168269753456,1,base_too_high,-0.004874315380224922,0.034006716464960354,0.9250064046210135,0.0,0.0019447691312916872
977,977,-9.84257075335047,1,-3.0090213476690777e-05,-0.001992109010125559,0.04469454288482666,1,base_too_high,-0.0012968682705736573,0.0,1.0,0.0,0.0015732947472517588
978,978,-9.86459693902233,1,9.925375573528118e-06,-0.0030878374074945385,0.038919076323509216,1,base_too_high,0.00424892291343775,0.0,1.0,0.0,0.002358371462612593
979,979,-9.80111862340258,1,-2.718133400126266e-05,0.00038959685842735283,0.06054386869072914,1,base_too_high,0.0022709634639100852,0.001400230855312949,0.9935650483110685,0.0,0.0013545059885511513
980,980,-9.492076156891189,1,3.945013779555865e-05,0.00410082870345034,0.03698386996984482,1,base_too_high,-0.006852217809722424,0.04791778741991263,0.8891184501549997,0.0,0.0017191522776831558
981,981,-9.641511068646333,1,3.7675684363847704e-05,0.005257212904050389,0.06536029279232025,1,base_too_high,0.004320440269867414,0.016729701568051186,0.9195656504181728,0.0,0.0018197783066772684
982,982,-9.65753818971264,1,1.6030193186006946e-05,0.002927557084299939,0.04757532477378845,1,base_too_high,-0.001414942957601315,0.02122227964398519,0.9384648013337141,0.0,0.0010404481187771277
983,983,-9.911790334971569,1,-5.288620184456529e-05,-0.0074818804803430325,0.04851377382874489,1,base_too_high,0.007383535602693441,0.0,1.0,0.0,0.0015337750115057495
984,984,-9.869219505426832,1,-4.266171326272917e-05,-0.005243902382945359,0.059021610766649246,1,base_too_high,-0.0069310351974954205,0.0,1.0,0.0,0.0011250195782303864
985,985,-9.705487203011126,1,2.272187935947105e-05,0.0025595977278216695,0.0560043565928936,1,base_too_high,-0.000509674046826622,0.012391285446089206,0.9542964529276745,0.0,0.0010130303118086764
986,986,-9.701684314960586,1,3.69235212860849e-05,0.0036339276427328317,0.06549782305955887,1,base_too_high,0.01038445381868255,0.010743353832339651,0.9445183431691496,0.0,0.0016967324029870303
987,987,-9.684558057489557,1,4.328915658977341e-05,0.0034893166423416236,0.06087759509682655,1,base_too_high,-0.0013875834012710938,0.013773854329552358,0.9426830720966561,0.0,0.0009698315642376207
988,988,-9.893943763421436,1,-4.5011755323452154e-05,-0.0037502926185862405,0.030185604467988014,1,base_too_high,0.0052835099863965335,0.0,1.0,0.0,0.0017857220299917203
989,989,-9.8520193623554,1,-1.3854134282569488e-05,-0.00359287943308705,0.05687315762042999,1,base_too_high,-0.002077327308306293,0.0,1.0,0.0,0.001089350245104042
990,990,-9.355461358964325,1,6.029984300556311e-05,0.010041113299229073,0.05638778954744339,1,base_too_high,0.005782166974475202,0.05701262008149503,0.821927527808815,0.0,0.0024752958677964247
991,991,-9.825582461194239,1,-2.6658199722970023e-05,-0.00042204778606564817,0.0388353131711483,1,base_too_high,0.003770482429628097,0.0,1.0,0.0,0.0012703969118857139
992,992,-9.345321880285741,1,6.651332918784615e-05,0.00979516875956666,0.055314645171165466,1,base_too_high,0.000641895595343004,0.059737131934888506,0.8229190719018247,0.0,0.0012835998344323085
993,993,-9.933094277291756,1,-6.218807886489375e-05,-0.007523963180556169,0.03913770616054535,1,base_too_high,0.0015382772433029546,0.0,1.0,0.0,0.0020241053629697684
994,994,-9.362969345077426,1,3.210672972347549e-05,0.006318597595588953,0.04018712043762207,1,base_too_high,0.006508636107662288,0.06776704080766989,0.842770585704055,0.0,0.001538615272021449
995,995,-9.96315332540513,1,-9.988289743278953e-05,-0.013122176686741139,0.05430499464273453,1,base_too_high,0.0053654771077359465,0.0,1.0,0.0,0.001461798953686484
996,996,-9.634616490594146,1,3.9130012964408694e-05,0.0049654499154115,0.06392715126276016,1,base_too_high,0.001017724142768683,0.017711821061728836,0.922326434675497,0.0,0.0011919345463496645
997,997,-9.354176673690862,1,8.556184822088901e-05,0.012582969294066236,0.06654845923185349,1,base_too_high,0.006011123434975988,0.050428475423525174,0.810920198861393,0.0,0.0019280121187955413
998,998,-9.944634637888749,1,-6.41555302620117e-05,-0.006946516245368647,0.0323450081050396,1,base_too_high,0.009033301725042601,0.0,1.0,0.0,0.0015480016156394602
999,999,-9.894739575970814,1,-5.323100217326582e-05,-0.006641430466288058,0.050966255366802216,1,base_too_high,-0.0014839919922184988,0.0,1.0,0.0,0.001242431712682139
1000,1000,-9.587499397341801,1,1.855295122599081e-05,0.0042992536578081485,0.04889204725623131,1,base_too_high,-0.005955975844693467,0.03022265170995857,0.9120663999976446,0.0,0.0008669913906098288
1001,1001,-9.651793872345072,1,4.539029029541395e-05,0.0048233821015267525,0.06588952988386154,1,base_too_high,-0.004423248250952225,0.015233174960875572,0.9267959236043423,0.0,0.0017722424667191788
1002,1002,-9.286842758655025,1,7.454700219700826e-05,0.00893925384355125,0.047595731914043427,1,base_too_high,0.00024046741538580977,0.07410518697971365,0.8121837137887707,0.0,0.0012775271747032277
1003,1003,-9.763960318932238,1,4.298665444692368e-05,0.0016764746367407511,0.06537166237831116,1,base_too_high,0.00028398625529993686,0.00493125487864957,0.9743547187767866,0.0,0.0017918722372493585
1004,1004,-9.76253285559155,1,7.204723330939752e-06,0.001739980819449693,0.06536436080932617,1,base_too_high,-0.0066951104223546025,0.005164328686991197,0.973380283144177,0.0,0.0028121845822111006
1005,1005,-9.623993895067592,1,2.716372719987038e-05,0.0035733977185868045,0.04838854819536209,1,base_too_high,0.009327705314320162,0.025358874971100794,0.9261519951956638,0.0,0.001470051416695476
1006,1006,-9.898145011163281,1,-3.705752007957627e-05,-0.005579686110680913,0.04082692041993141,1,base_too_high,0.005335917527357122,0.0,1.0,0.0,0.002236807015207447
1007,1007,-9.940659514222103,1,-6.565363626240382e-05,-0.010225391421267232,0.04847066104412079,1,base_too_high,-0.0015533224144904062,0.0,1.0,0.0,0.0016846801198435912
1008,1008,-9.381344698813503,1,4.7285742290239616e-05,0.00826402076687365,0.05118750408291817,1,base_too_high,-0.009155672231571276,0.05798002536510016,0.8385539451485406,0.0,0.001761423238510985
1009,1009,-9.79863260907911,1,2.0104076969961738e-05,0.0004403615881298929,0.054345883429050446,1,base_too_high,0.0031927629312357604,0.0021495892857672527,0.9918970568991982,0.0,0.001649803583583144
1010,1010,-9.839585867812483,1,1.9627978701575305e-05,-0.001324274462694655,0.04043442755937576,1,base_too_high,0.0023242978781092423,0.0,1.0,0.0,0.0020501225123056794
1011,1011,-9.850873097621085,1,-1.0385066106613581e-05,-0.0019521592031636814,0.036156341433525085,1,base_too_high,-0.0037155450835795155,0.0,1.0,0.0,0.0008548730682486265
1012,1012,-9.909042145070154,1,-6.605243850147872e-05,-0.007513280484581112,0.04881079122424126,1,base_too_high,-0.0023473585577002305,0.0,1.0,0.0,0.0011874821298760903
1013,1013,-9.643619071803446,1,2.448044292053228e-06,0.0032146313420448156,0.04869411513209343,1,base_too_high,0.00548439076066326,0.02165791672505242,0.9339831640426175,0.0,0.0010607370509805511
1014,1014,-9.685041109208035,1,6.382340834138325e-06,0.0015845653605040576,0.03496887534856796,1,base_too_high,-0.0093657012455232,0.01935342716871765,0.9546864079339468,0.0,0.0016193695895593396
1015,1015,-9.644556854820294,1,4.211467724104602e-05,0.005061740017036321,0.0654040202498436,1,base_too_high,-0.0022694082704411,0.0165898905437644,0.9226081234188502,0.0,0.0018894078189206076
1016,1016,-10.00115557296852,1,-0.0001118146292354308,-0.013778397460895049,0.04451083019375801,1,base_too_high,-0.009656279139384709,0.0,1.0,0.0,0.0010243247611040804
1017,1017,-9.897582513936426,1,-6.386631418782742e-05,-0.007662063979469516,0.060157205909490585,1,base_too_high,-0.006780843352650322,0.0,1.0,0.0,0.0016837341452486186
1018,1018,-8.81761470410901,1,8.977100635824855e-05,0.011394253992123198,0.03603999316692352,1,base_too_high,0.002643326756167217,0.16006291254097857,0.6838441733269947,0.0,0.00126427059024295
1019,1019,-9.636277996371883,1,4.200846829606986e-05,0.0037658255339518927,0.05302470549941063,1,base_too_high,-0.002400207476855202,0.021679037170552414,0.9289797949951815,0.0,0.0019623071301975107
1020,1020,-9.809979041126493,1,-1.413295297768081e-05,0.00014760852118000012,0.040188368409872055,1,base_too_high,-0.011910100010882597,0.001410100529693358,0.9963270835307056,0.0,0.002185118892948962
1021,1021,-9.919047530236895,1,-3.20113286802526e-05,-0.006932809666660188,0.04219314083456993,1,base_too_high,0.004230668682063781,0.0,1.0,0.0,0.0014128791549165595
1022,1022,-9.969570682983203,1,-7.617346259555452e-05,-0.010996484438673858,0.044572025537490845,1,base_too_high,-0.009655100357895833,0.0,1.0,0.0,0.001090289622454417
1023,1023,-9.56589653475464,1,4.097914714298458e-05,0.006731468273719929,0.06327048689126968,1,base_too_high,0.003717719495095967,0.026246467594741852,0.8936080847701569,0.0,0.0009945727146058792
1024,1024,-9.861002253902313,1,4.235102137791526e-06,-0.0031989323859050404,0.04359846189618111,1,base_too_high,-0.0033465941806015264,0.0,1.0,0.0,0.0022177613017823053
1025,1025,-9.904766512649609,1,-4.93991015678057e-05,-0.008109941500140008,0.0574202798306942,1,base_too_high,0.006299934658633852,0.0,1.0,0.0,0.0013212399712856794
1026,1026,-9.986589637534834,1,-0.00011253808240458055,-0.014610457431768831,0.0512121245265007,1,base_too_high,0.002295863659895086,0.0,1.0,0.0,0.0015929302068331715
1027,1027,-9.83750936674598,1,-2.8706129533615685e-05,-0.0015362630977010655,0.0425153449177742,1,base_too_high,-0.0066277046353462035,0.0,1.0,0.0,0.0016081681064470284
1028,1028,-9.36193709429904,1,4.353440009084975e-05,0.006490468684841953,0.04142390936613083,1,base_too_high,-0.001810463544478355,0.06697793547992847,0.8433158829865257,0.0,0.0012721510073036963
1029,1029,-9.046977051240736,1,9.316642562580559e-05,0.014832810976159473,0.054107241332530975,1,base_too_high,-0.0050389465607285815,0.10662825818963542,0.7258627451546332,0.0,0.001281832591743575
1030,1030,-9.389265668468086,1,7.181256285285583e-05,0.010306119285098966,0.06059344485402107,1,base_too_high,0.008943400758584746,0.04975695801434081,0.8299136257059295,0.0,0.0013445971496315137
1031,1031,-9.900870287832108,1,-6.575868328645833e-05,-0.008481138456075567,0.06388458609580994,1,base_too_high,-0.004126201184998376,0.0,1.0,0.0,0.0013538270595005017
1032,1032,-9.868534209602839,1,-5.113365023004714e-05,-0.003846202015915081,0.04836935177445412,1,base_too_high,0.003206072084099686,0.0,1.0,0.0,0.001401162466554328
1033,1033,-9.891892314105323,1,-4.422430039579524e-05,-0.008264909955311237,0.06985340267419815,1,base_too_high,-0.004698793576485153,0.0,1.0,0.0,0.0012901629368371765
1034,1034,-9.282373272723566,1,6.46837397266225e-05,0.0088980850718525,0.04690098762512207,1,base_too_high,0.005477127990166852,0.07616632206852723,0.8102793646970976,0.0,0.0011493106699526348
1035,1035,-9.603867277086739,1,2.7055586848898013e-05,0.004088655100191752,0.050511639565229416,1,base_too_high,-0.001627247971356239,0.026633198703228046,0.9190551887489626,0.0,0.001272908319954684
1036,1036,-9.726532867602906,1,3.0826012996764614e-05,0.0026912098580781298,0.06307662278413773,1,base_too_high,0.010573261379370914,0.008994348029797336,0.9573342746352151,0.0,0.0010502123391325736
1037,1037,-9.86425671332541,1,-3.605563885959649e-05,-0.005552078778002481,0.06929671764373779,1,base_too_high,0.002998662327100527,0.0,1.0,0.0,0.0012814116526543812
1038,1038,-9.319876502662412,1,3.9952619655580394e-05,0.006424812019831841,0.03830366209149361,1,base_too_high,0.005597827077361818,0.07453510195116594,0.8322663725994531,0.0,0.0013022286517907684
1039,1039,-9.803570139695266,1,1.2692812385364406e-05,0.0002019109812310384,0.04026512801647186,1,base_too_high,-0.0016644896397797321,0.0018484496511710037,0.9949854627148125,0.0,0.0020119584191245045
1040,1040,-8.796084689889065,1,7.422880265347035e-05,0.009995880499679392,0.031361158937215805,1,base_too_high,-0.0013590357327096163,0.1684015170965675,0.6812655928359904,0.0,0.0010414508139707105
1041,1041,-9.854937075933664,1,-1.1095215450559345e-05,-0.003484140205002829,0.06288816779851913,1,base_too_high,0.007346510696717543,0.0,1.0,0.0,0.0013668311513613544
1042,1042,-9.879670106825893,1,-4.639584710849516e-05,-0.005684038885265814,0.05694463476538658,1,base_too_high,-0.009088525369193941,0.0,1.0,0.0,0.002171461614990176
1043,1043,-9.8356114291267,1,-3.086979683705922e-05,-0.0021002392710920857,0.06966983526945114,1,base_too_high,0.011955871602875975,0.0,1.0,0.0,0.001183604165633574
1044,1044,-9.492192366200921,1,4.8817861759036035e-05,0.006369050807531945,0.05183538794517517,1,base_too_high,-0.0030330325285332226,0.04144764657735409,0.8771292928819442,0.0,0.0010343117399929695
1045,1045,-9.723096217796005,1,-1.914207291227108e-05,0.001129237130806658,0.03452888876199722,1,base_too_high,-0.003094576570031568,0.014352540282383006,0.9672958737394011,0.0,0.0013792998878711272
1046,1046,-9.980862763456397,1,-7.107308682433413e-05,-0.00934460798646946,0.035013020038604736,1,base_too_high,-0.00431225487722843,0.0,1.0,0.0,0.001491446983612376
1047,1047,-9.833123434207796,1,-1.7374582075699882e-05,-0.0008278428036110012,0.037799984216690063,1,base_too_high,0.00498986864641047,0.0,1.0,0.0,0.0018310007906589005
1048,1048,-9.946852787067954,1,-7.57386579367989e-05,-0.01003982768144837,0.04592942073941231,1,base_too_high,0.00921569193145177,0.0,1.0,0.0,0.0010346174579674763
1049,1049,-9.695922930959417,1,3.541037577216562e-05,0.0017611207234023824,0.04013896360993385,1,base_too_high,0.006304075021616649,0.017260213981879376,0.9561244112951979,0.0,0.0008952631274550661
1050,1050,-9.842041298529715,1,-2.5426880220324434e-05,-0.0016766627478308547,0.04614086076617241,1,base_too_high,-0.0024325000269330528,0.0,1.0,0.0,0.001398175904523596
1051,1051,-9.82906098176407,1,-6.618632738555612e-06,-0.0007973096160459115,0.06739933788776398,1,base_too_high,-0.005480204071584777,0.0,1.0,0.0,0.002715197407427315
1052,1052,-9.541380999676125,1,7.458408687451727e-05,0.007154075556614653,0.061838313937187195,1,base_too_high,-0.0011102704118910738,0.029652017708882206,0.8843099863879289,0.0,0.0011942988969551602
1053,1053,-9.853644222268866,1,-3.8109889543714686e-05,-0.003600411112594378,0.0552070252597332,1,base_too_high,3.8839462140103575e-05,0.0,1.0,0.0,0.0017415519175119503
1054,1054,-9.836329855240939,1,-2.643176901980601e-05,-0.002597375417418183,0.06947369128465652,1,base_too_high,0.00484821057349192,0.0,1.0,0.0,0.001832472559744813
1055,1055,-9.869532679967175,1,-2.5567521955922458e-05,-0.00477281020345302,0.05226388946175575,1,base_too_high,-0.004880226609491709,0.0,1.0,0.0,0.0012958866498662
1056,1056,-9.796496392164794,1,5.657719696027983e-06,0.00044603617330514044,0.052291154861450195,1,base_too_high,0.010961588434092432,0.002398589798187211,0.9914701408828409,0.0,0.001432956428879765
1057,1057,-9.582474581407874,1,4.3381204210320485e-05,0.005504721883263978,0.05719834566116333,1,base_too_high,-0.006578876701328725,0.026961196788146336,0.9037608184678078,0.0,0.0012590942633631233
1058,1058,-9.232245358822714,1,4.882700584680083e-05,0.010693471551421927,0.050833553075790405,1,base_too_high,0.0004762800029040436,0.08063067904235922,0.7896375394971383,0.0,0.0021564947833496028
1059,1059,-9.764781544807096,1,1.7269037269548504e-05,0.0012712701683897658,0.053918156772851944,1,base_too_high,-0.00778682882679832,0.006200486611246687,0.9764222251997723,0.0,0.0017325331320748414
1060,1060,-9.896233282056707,1,-7.250721689619508e-05,-0.008797253279942413,0.0691320151090622,1,base_too_high,0.009765189513761088,0.0,1.0,0.0,0.0012026073314865295
1061,1061,-9.82129178606423,1,8.184522802903955e-07,-0.0006128904362295128,0.060841940343379974,1,base_too_high,0.00499244433700622,0.0,1.0,0.0,0.0017965907001717186
1062,1062,-9.827663178090903,1,-1.8319146164498082e-05,-0.001109879768118197,0.04843088239431381,1,base_too_high,-0.0018457000487099983,0.0,1.0,0.0,0.001312905316965616
1063,1063,-9.369475113193525,1,4.1537971206800155e-05,0.004375917279361225,0.030342821031808853,1,base_too_high,-0.004406347604823147,0.07171463569171684,0.8557841010667017,0.0,0.0009267780987620878
1064,1064,-9.7654860964121,1,1.5218369189397453e-05,0.0004937096331993346,0.03004705347120762,1,base_too_high,0.0034505832025013153,0.007663147968848701,0.9835687832673403,0.0,0.0015971971634405873
1065,1065,-8.884321037685922,1,8.78186988470126e-05,0.014307896379379847,0.045796915888786316,1,base_too_high,0.007556007048145659,0.1422056460568864,0.6875794808870382,0.0,0.001292762074741935
1066,1066,-9.896868164579182,1,-7.661259187132699e-05,-0.008637809830060897,0.0661073625087738,1,base_too_high,0.0046810694808306,0.0,1.0,0.0,0.001751966197222682
1067,1067,-9.821504155008126,1,-5.147447343039656e-07,-0.0008303757479795939,0.06859123706817627,1,base_too_high,-0.0023243978070916684,0.0,1.0,0.0,0.001135450314598051
1068,1068,-9.890102079737783,1,-4.662081000995921e-05,-0.004518011246980958,0.03608257323503494,1,base_too_high,-0.005760419273264506,0.0,1.0,0.0,0.00146326552640951
1069,1069,-9.519233620661778,1,4.589217356783594e-05,0.006332408909417067,0.05436094477772713,1,base_too_high,-9.089894535925329e-05,0.03626788316603914,0.8835117975066411,0.0,0.0013528628876231647
1070,1070,-9.617893733026632,1,3.287062652105638e-05,0.0029515885448022196,0.04088021069765091,1,base_too_high,-0.0061533447363312475,0.02762375448787681,0.9277990883706528,0.0,0.0014298682396733273
1071,1071,-9.80779073389192,1,2.4895638923529695e-05,0.00018374344714386663,0.05415819585323334,1,base_too_high,-0.007707874894924904,0.0009047805871188864,0.9966072827710444,0.0,0.0015019620384519614
1072,1072,-9.773933766729458,1,3.2985579057871957e-06,0.0006574244707279091,0.04013941064476967,1,base_too_high,0.009841236789411713,0.0063267538990233905,0.9836214724193407,0.0,0.0010034730320856856
1073,1073,-9.892335388072665,1,-2.2319091131597204e-05,-0.007252309918171412,0.06068558990955353,1,base_too_high,0.012252997668452057,0.0,1.0,0.0,0.0009145803550955455
1074,1074,-9.817935963665569,1,-2.625591491529825e-05,0.000126645997226247,0.06717430800199509,1,base_too_high,0.007839203502389253,0.00032240722094247913,0.9981146662222597,0.0,0.0011075306534387265
1075,1075,-9.707398844160565,1,3.366426844701933e-06,0.0019883976088796466,0.04542899504303932,1,base_too_high,-0.013164396499972994,0.015327383866820227,0.9562306477555094,0.0,0.0013704283946239907
1076,1076,-9.887012227250523,1,-3.1216069036843984e-05,-0.005512361179959461,0.04902584105730057,1,base_too_high,0.002895024593467348,0.0,1.0,0.0,0.002149422770540879
1077,1077,-8.469794837218954,1,9.071213827548845e-05,0.012375478970913711,0.030171193182468414,1,base_too_high,0.002682591298009248,0.22536533794109379,0.5898246737113062,0.0,0.0020272351788641384
1078,1078,-8.825250357706306,1,7.418052168010199e-05,0.009670011132534916,0.031062999740242958,1,base_too_high,-0.007074910131555724,0.16273450753626267,0.6886968004845366,0.0,0.001780915049167032
1079,1079,-9.822446165781084,1,-9.944783586338627e-06,-0.00025099048520413683,0.03607293963432312,1,base_too_high,-0.002548615386466236,0.0,1.0,0.0,0.0015388402761650339
1080,1080,-9.34944301751866,1,2.5990748397653037e-05,0.004737594658907496,0.03133026883006096,1,base_too_high,0.0030248480894205566,0.07352677589958605,0.8487853839107364,0.0,0.0024176265557141856
1081,1081,-9.838628054017102,1,-7.187715770418031e-07,-0.0010808859975809648,0.040052615106105804,1,base_too_high,-0.006107250470437159,0.0,1.0,0.0,0.0012251737485556367
1082,1082,-9.840648156989099,1,-2.660661393718803e-05,-0.0020560212296080924,0.05636999011039734,1,base_too_high,0.010882342747584477,0.0,1.0,0.0,0.0017327968788857187
1083,1083,-9.695420874785128,1,4.7904729917114876e-05,0.0032195771992574985,0.06233726814389229,1,base_too_high,-2.3119125451092487e-05,0.011737790642795233,0.9483522886822873,0.0,0.0012106278919594667
1084,1084,-9.905734758937237,1,-7.455503802567646e-05,-0.0064783774617070845,0.043203238397836685,1,base_too_high,-0.001143465964482258,0.0,1.0,0.0,0.0010094841439504314
1085,1085,-9.586609024315074,1,5.152978984293772e-05,0.006760247271935162,0.06751656532287598,1,base_too_high,0.003421925076869777,0.02150815555377016,0.8998727579890351,0.0,0.0016193856845712715
1086,1086,-9.914181489635562,1,-5.799597387751268e-05,-0.010880633851546534,0.06680668145418167,1,base_too_high,-0.0018459519695624587,0.0,1.0,0.0,0.0014050473338240567
1087,1087,-9.866218620631301,1,-2.7943132648147844e-05,-0.004731930846934729,0.0582229420542717,1,base_too_high,0.002821754671080109,0.0,1.0,0.0,0.0020824669792676425
1088,1088,-9.90682305042287,1,-4.138538035281512e-05,-0.006826484983820285,0.046512532979249954,1,base_too_high,0.003408646181528994,0.0,1.0,0.0,0.0013708538881225254
1089,1089,-9.60341590343606,1,1.0300056261303907e-05,0.004913279182739073,0.05722132697701454,1,base_too_high,-0.00592205180002149,0.023923577524567197,0.9141355275291744,0.0,0.0012199572624791081
1090,1090,-9.8378905659434,1,-1.628513278163192e-05,-0.0017211412081478087,0.0649334266781807,1,base_too_high,-0.009129069052758685,0.0,1.0,0.0,0.001707303842640916
1091,1091,-9.168400788120083,1,6.092532733812388e-05,0.00642712806019742,0.03090069442987442,1,base_too_high,0.012754566778532164,0.1056316216854023,0.7920069991726978,0.0,0.0014118791207855812
1092,1092,-9.956572835968252,1,-7.682104645480872e-05,-0.010614084854778197,0.045244693756103516,1,base_too_high,-0.0023304290264859794,0.0,1.0,0.0,0.0017160266029701801
1093,1093,-9.887920886847006,1,-3.6322685428307166e-05,-0.004652667757498552,0.03850514814257622,1,base_too_high,0.00529734799388028,0.0,1.0,0.0,0.0024664756484639246
1094,1094,-9.90916544217197,1,-6.6102760447036e-05,-0.009203090041321044,0.06277021020650864,1,base_too_high,-0.011425952759261327,0.0,1.0,0.0,0.002624404265592315
1095,1095,-9.814962406775178,1,-1.0421343255834735e-05,-5.7288422101703265e-05,0.0666813999414444,1,base_too_high,0.0004279560846696051,0.0,1.0,0.0,0.001480278222177968
1096,1096,-9.850901008952006,1,-3.56406447495885e-05,-0.0017282504666919728,0.03011445701122284,1,base_too_high,0.004427172702124391,0.0,1.0,0.0,0.0008864843510566735
1097,1097,-9.419068197673418,1,5.084025620030339e-07,0.0039862052372860194,0.030858635902404785,1,base_too_high,0.008278953325119253,0.06316949151824612,0.8708236731609507,0.0,0.0015790518637935822
1098,1098,-9.548917518830503,1,4.255829247632338e-05,0.005454989482025611,0.052620768547058105,1,base_too_high,-0.002859271065209837,0.03266022637657435,0.8963339094527735,0.0,0.0019211160168076218
1099,1099,-9.787601240009895,1,1.2566447678560848e-05,0.000525670887676542,0.044416479766368866,1,base_too_high,0.007409754163872957,0.004129207822521107,0.9881649586115979,0.0,0.0014200904346286388
1100,1100,-9.859974109953281,1,-4.7441847206793145e-05,-0.003775850757924084,0.05698993057012558,1,base_too_high,0.0032651612522616755,0.0,1.0,0.0,0.00128164603390554
1101,1101,-9.656553714207629,1,2.0886273597257252e-05,0.004742206222204352,0.0653376579284668,1,base_too_high,0.00471263330093489,0.015256978160652353,0.9274200159906646,0.0,0.001257100236606593
1102,1102,-9.48165381337458,1,6.726572427360928e-05,0.0052966930093676,0.04371093213558197,1,base_too_high,-0.013347782607959928,0.0480942651334746,0.8788245244378982,0.0,0.001039520323790761
1103,1103,-9.585937707744499,1,4.997076459837667e-05,0.004811408505222908,0.052765991538763046,1,base_too_high,0.007416327385055751,0.028868788123331292,0.9088161058250946,0.0,0.0013083183511821213
1104,1104,-9.421337796998936,1,5.424351931862556e-05,0.007688129068600979,0.05172310024499893,1,base_too_high,-0.010043447418490772,0.05203967680278566,0.8513598552118989,0.0,0.0007312557011765356
1105,1105,-9.035331734876657,1,5.955223640177267e-05,0.007751447800356316,0.03135299310088158,1,base_too_high,0.0067944378988899394,0.1265918978857874,0.7527684796136045,0.0,0.0010618456748820054
1106,1106,-9.164165214420134,1,7.24423698727956e-05,0.008739597281739326,0.03963272273540497,1,base_too_high,0.004307107699512861,0.0990350748130178,0.7794853195073354,0.0,0.0020518656134714177
1107,1107,-9.889341748893356,1,-4.700869812396674e-05,-0.006622476873134906,0.05925127491354942,1,base_too_high,0.0009260169449972374,0.0,1.0,0.0,0.002835480853639323
1108,1108,-9.815464714505255,1,-1.876204057636754e-05,0.0001401642954377382,0.05530066415667534,1,base_too_high,-0.009062791391358974,0.0006411529457634971,0.9974654139559793,0.0,0.0016078636847082402
1109,1109,-9.865410950032064,1,-6.486820804312392e-05,-0.004926631723475745,0.059296123683452606,1,base_too_high,0.0019255649036638762,0.0,1.0,0.0,0.0015935685886418773
1110,1110,-9.370915081137944,1,2.8233591794408395e-05,0.004436172386564039,0.030923718586564064,1,base_too_high,0.006093716337682354,0.0703945763614027,0.8565446616628897,0.0,0.0013579159541209328
1111,1111,-9.766550222765487,1,3.0403887048107273e-05,0.0008544313804860244,0.04392385110259056,1,base_too_high,0.00581291609074191,0.006925342782822339,0.9805474395837989,0.0,0.001751086143563486
1112,1112,-9.846772984426837,1,-4.4593703736207585e-05,-0.0026832645183824215,0.059642672538757324,1,base_too_high,-0.0025437591442739023,0.0,1.0,0.0,0.0021472897635067766
1113,1113,-9.936855714131108,1,-7.38681137250717e-05,-0.010053973389319053,0.05091824382543564,1,base_too_high,0.010026219062688756,0.0,1.0,0.0,0.0013476873716751724
1114,1114,-9.938842308997538,1,-5.8285062429271424e-05,-0.010272354212685167,0.051076728850603104,1,base_too_high,8.602537442362644e-05,0.0,1.0,0.0,0.0008130772599478234
1115,1115,-9.847975906399899,1,-3.857619539932679e-05,-0.002942654377086223,0.053123839199543,1,base_too_high,0.005750170448203571,0.0,1.0,0.0,0.0009495560734244964
1116,1116,-9.87230164940638,1,-5.41786313140519e-05,-0.0037856747316535903,0.04355572909116745,1,base_too_high,-0.008279094120438115,0.0,1.0,0.0,0.0013611049960621066
1117,1117,-9.926716430221228,1,-2.7148433665776366e-05,-0.006019985896519738,0.03450527414679527,1,base_too_high,-0.006879235916669732,0.0,1.0,0.0,0.0012252495265993335
1118,1118,-9.918315340978014,1,-3.8825303064577945e-05,-0.006361391573655284,0.03699261322617531,1,base_too_high,-0.004261734402776515,0.0,1.0,0.0,0.002124195720755703
1119,1119,-9.843296259515412,1,-2.3503233598322924e-05,-0.0014406606526952848,0.035365644842386246,1,base_too_high,-0.0067775382254508165,0.0,1.0,0.0,0.002128828732357941
1120,1120,-9.888393464405562,1,-3.683439761389436e-05,-0.004754554968826857,0.03858466446399689,1,base_too_high,0.0032109165254895267,0.0,1.0,0.0,0.0008985158425164766
1121,1121,-9.682642051128056,1,2.4828934796227066e-05,0.004045508270571786,0.06629326194524765,1,base_too_high,0.005628975816817432,0.012450551004167225,0.9389755757246042,0.0,0.0012111712287593266
1122,1122,-9.46846398345719,1,3.11297477520143e-05,0.0051706610970574055,0.042252764105796814,1,base_too_high,0.0033095189599299,0.04988731089893357,0.877625493824095,0.0,0.0017478889894766848
1123,1123,-9.506550002327863,1,1.0399175529031468e-05,0.0038188634292884317,0.03655487298965454,1,base_too_high,-0.000816418521743059,0.045968779888749756,0.8955306595419661,0.0,0.0017395853571681556
1124,1124,-9.459866000539803,1,1.7905595610929618e-05,0.0046440103123510995,0.03809656575322151,1,base_too_high,-0.007244192363781611,0.053568091887912735,0.8780989781432716,0.0,0.001329659113957413
1125,1125,-9.768607933121475,1,1.7186933218558963e-05,0.0010555470480762318,0.053858742117881775,1,base_too_high,0.004666777936286312,0.005286315126571511,0.980401565222086,0.0,0.0016508547115429563
1126,1126,-9.626222828360076,1,3.956931539611232e-05,0.0031285875067075457,0.04439973458647728,1,base_too_high,0.007795503093455869,0.025932657770123747,0.9295358954064236,0.0,0.001967736629187841
1127,1127,-9.799071104216795,1,-2.404679242261923e-07,0.0004922241744811132,0.058790914714336395,1,base_too_high,0.009828711976738843,0.0019415329478781967,0.9916275470347762,0.0,0.0009521921031495486
1128,1128,-9.842054104485783,1,-2.9487099863711136e-05,-0.001967056929580784,0.048561941832304,1,base_too_high,-0.0011983052080415744,0.0,1.0,0.0,0.002023200060237494
1129,1129,-9.841059365126762,1,6.8712560282560326e-06,-0.0015119468298685867,0.04780960828065872,1,base_too_high,0.006939355009742772,0.0,1.0,0.0,0.0013818806948618348
1130,1130,-9.689264237095836,1,3.1443175401292825e-05,0.003114483922327197,0.05751524493098259,1,base_too_high,0.002431128070677099,0.014266138392559118,0.945849417497541,0.0,0.001493967667753185
1131,1131,-9.824885448832797,1,-1.5433405341583702e-05,-0.0007526392614428023,0.06111481413245201,1,base_too_high,0.00036473517456776973,0.0,1.0,0.0,0.0010861635996669665
1132,1132,-9.52115542348666,1,3.432621991571136e-05,0.004788635223474613,0.044157475233078,1,base_too_high,0.007517718967811162,0.04120338904364835,0.8915555058671498,0.0,0.0013575974433027193
1133,1133,-9.650664487182206,1,2.3045838701144996e-05,0.0023751727945768093,0.03932139277458191,1,base_too_high,-0.001484517757397784,0.023473633375608392,0.9395959133590694,0.0,0.0011363008334297302
1134,1134,-9.925467237149979,1,-5.106243418170095e-05,-0.005350080704093531,0.030543074011802673,1,base_too_high,0.003964104982743766,0.0,1.0,0.0,0.0010179005237315867
1135,1135,-9.493025306317636,1,6.094937657269964e-05,0.00578004510662165,0.04733710363507271,1,base_too_high,0.008411816818823997,0.04420077214554107,0.8778960947604006,0.0,0.0017366627453864528
1136,1136,-9.815133710092915,1,-2.894444534413922e-06,9.026381972965518e-05,0.06570721417665482,1,base_too_high,-0.005188203818981917,0.0002487862019390897,0.9986262722452208,0.0,0.0019212032606440864
1137,1137,-9.950240347449498,1,-6.45895652364292e-05,-0.008246961843650594,0.0366370715200901,1,base_too_high,0.003054581649619984,0.0,1.0,0.0,0.001816392781289455
1138,1138,-9.33148217916597,1,6.601055803853807e-05,0.0058486281522897796,0.036159396171569824,1,base_too_high,-0.002760541853032916,0.07516692235419134,0.8382542718131448,0.0,0.0012856332888826088
1139,1139,-9.911922004960719,1,-7.75058302169222e-05,-0.01099337870729219,0.06967315077781677,1,base_too_high,0.00764679925642433,0.0,1.0,0.0,0.0010803124685496092
1140,1140,-9.796559815149092,1,2.648364418046602e-05,0.0003440216471573655,0.044894684106111526,1,base_too_high,0.004489365581531889,0.0026376752525712707,0.9923371408589051,0.0,0.0019756507573151926
1141,1141,-9.734615560223112,1,-1.7840331578502304e-05,0.001033130956204639,0.0362248495221138,1,base_too_high,0.007048352825199483,0.011751842330336998,0.9714800479109336,0.0,0.0016938499987335504
1142,1142,-9.831606941738439,1,-3.188005636200686e-05,-0.0017718074763956489,0.06747927516698837,1,base_too_high,-0.002576112030033838,0.0,1.0,0.0,0.0009077822780229403
1143,1143,-9.86419514821293,1,7.398234532316795e-07,-0.0032845717274530527,0.04439987987279892,1,base_too_high,-0.006408215217519558,0.0,1.0,0.0,0.0010627803200345988
1144,1144,-9.85095327030439,1,-8.948513146195937e-06,-0.002098035055019665,0.03607309237122536,1,base_too_high,-0.0010146395694097027,0.0,1.0,0.0,0.0017774618673996952
1145,1145,-9.870362720775256,1,-4.9912704385018106e-05,-0.003787226299083796,0.04198046401143074,1,base_too_high,-0.011202396285275628,0.0,1.0,0.0,0.0015953086126049318
1146,1146,-9.605419523593678,1,5.460203932797889e-05,0.004620752313013034,0.05400122329592705,1,base_too_high,0.008979221129115457,0.025684726311441315,0.914432452400904,0.0,0.0011408135280758145
1147,1147,-9.926106885254152,1,-5.9245505038024265e-05,-0.00678080792452293,0.03833089396357536,1,base_too_high,0.0018883244995108691,0.0,1.0,0.0,0.0017125053347642302
1148,1148,-9.883610946129405,1,-6.37157362033897e-06,-0.003249401231899583,0.030926428735256195,1,base_too_high,0.007592739934693117,0.0,1.0,0.0,0.0010982166272249568
1149,1149,-9.922205765585689,1,-6.297113640625865e-05,-0.009890386394606578,0.05762309581041336,1,base_too_high,0.00773965477804737,0.0,1.0,0.0,0.001942117296430097
1150,1150,-9.178200718441389,1,6.568055036326502e-05,0.010490096959564373,0.047085728496313095,1,base_too_high,-0.007551881840296005,0.09208979551771777,0.7772128192293561,0.0,0.0013760156615251087
1151,1151,-9.72219219267906,1,1.4927757004323128e-05,0.0017251079921218996,0.04558619111776352,1,base_too_high,0.009453822744497594,0.013177737070899776,0.9621572254713141,0.0,0.0015770496055853424
1152,1152,-9.773701097393207,1,2.102585994957809e-05,0.00043378208379992367,0.031471822410821915,1,base_too_high,-0.0017371876848542756,0.006173540323094451,0.9862168112488466,0.0,0.0015200664888982008
1153,1153,-9.739315366204314,1,2.728511862132022e-05,0.0022510999681115223,0.0639118105173111,1,base_too_high,0.00044184906827081626,0.007307965819140929,0.9647780278385037,0.0,0.001517674739316483
1154,1154,-9.333645659259378,1,7.113701052967736e-05,0.01238609126075697,0.06341289728879929,1,base_too_high,0.0045969356703774045,0.05623290290207706,0.8046755095850998,0.0,0.002236986617541175
1155,1155,-9.760522470264846,1,2.7318773202055684e-05,0.0013619685847129346,0.05618954077363014,1,base_too_high,0.007669300465524824,0.00625735842527877,0.9757611729190457,0.0,0.0021717139606395167
1156,1156,-9.882306514395616,1,-4.6424760464265853e-05,-0.0055077424503262185,0.05132247135043144,1,base_too_high,0.003442485098171478,0.0,1.0,0.0,0.0016531116673458666
1157,1157,-9.608855505409704,1,2.3784785427836205e-05,0.0046330314086095005,0.05450984463095665,1,base_too_high,-0.003154706458193445,0.023888313926419096,0.9150056023556781,0.0,0.0017282235041020297
1158,1158,-9.911920232851958,1,-5.926161612663444e-05,-0.006579845626911941,0.0409550704061985,1,base_too_high,0.0002969429879760076,0.0,1.0,0.0,0.001862387418993346
1200,1,1414.231729888224,1200,-0.0015816012123620663,-0.0002489122482274567,0.034581203013658524,0,,-0.06694122375513796,0.04586783235700494,0.9427428582067942,0.00234251456999957,0.03922268041866348
2400,2,1420.5269177466823,1200,-0.0009009019823187951,-0.0002167051195443214,0.03337777405977249,0,,-0.015153893401181808,0.046830083079971885,0.9414241384576927,0.0023255697723734356,0.039205633002715554
3600,3,1282.3324743233309,1200,-0.0016235822821605394,-0.0002647326816546297,0.05646644905209541,0,,0.03366819711747299,0.01694540833529383,0.9651669762924524,0.002317565237621367,0.039247300349889366
4800,4,1323.350523342945,1200,-0.00016909612912627717,-0.00011430120411178848,0.04496736079454422,0,,0.047863814076578234,0.025810715517936598,0.9596437231527415,0.002391747066428422,0.0394193253824203
6000,5,1323.7182316123215,1200,-0.001291361161068275,-0.00023098361322103185,0.04667557403445244,0,,-0.05435345338949501,0.02583022302233246,0.9588882163555671,0.002081548367101431,0.03915349047243137
7200,6,1374.692792410306,1200,-0.0005631732339551322,-0.0001275766942569709,0.03630446642637253,0,,0.010627374908771338,0.03710109459782582,0.9512516897438517,0.0021878520078877474,0.03941400500109105
8400,7,1306.5612668552658,1200,-0.0020153065912364024,-0.0003308347431787571,0.05018123984336853,0,,-0.06268475447532813,0.022562128253539496,0.9614891811890175,0.0022529241829752234,0.039342531840546216
9600,8,1291.096205683382,1200,0.0016808713726876008,0.00021402678997606435,0.05946822836995125,0,,-0.11706356099706909,0.016986222226349337,0.9641249483329493,0.0022169807089260233,0.039383287540724926
10054,9,517.8861338590743,454,0.007410328593048364,0.0018430265751588736,0.05550354719161987,1,forbidden_ground_contact,-0.09104576612270336,0.04139718804788251,0.9297364442903344,0.013278867948703909,0.04694237316244153
10339,10,434.01171918733206,285,0.007650719437775788,0.0031178419083690736,0.06174728646874428,1,forbidden_ground_contact,-0.26489167659235346,0.18041909352649024,0.6944884968652589,0.13108400500941925,0.1316458699591945
10439,11,188.09726387728895,100,0.015147646746989407,0.018774717835874068,0.05163426697254181,1,forbidden_ground_contact,-0.18898428486079885,0.24432012871524555,0.5892289077036645,0.08870763471179327,0.12190386238932502
10588,12,253.13252041233824,149,0.007728098442495846,0.006564607506477843,0.039699312299489975,1,forbidden_ground_contact,0.37600086182924014,0.2227745124514223,0.6460453876953158,0.15452670802829777,0.13425907092287817
10626,13,80.31531179035127,38,0.00962526868532696,0.03051196155375805,0.06589208543300629,1,forbidden_ground_contact,0.3281745137539783,0.3618104985084814,0.46736560364823765,0.21125958660639274,0.1333757045859654
10656,14,84.98570161960339,30,0.017632768553542878,0.06972602129283904,0.05434964597225189,1,forbidden_ground_contact,-0.49535765851667857,0.4679098257428199,0.22282790135793476,0.2872220198177192,0.12742383580739275
10687,15,42.350138189561136,31,0.005893720289943729,0.016641752954672625,0.06385914236307144,1,forbidden_ground_contact,0.05968176281193322,0.24173739414109352,0.6467689129178946,0.15991822701713077,0.12603799328449633
10728,16,52.978896378413125,41,0.008207172336109871,0.0289511933880892,0.0552913136780262,1,forbidden_ground_contact,0.15970166008044928,0.15508584220672525,0.6575921615050875,0.17798864079116983,0.15162793361819515
10753,17,39.89735250560166,25,0.01619668154798309,0.060859983773106495,0.05741710960865021,1,forbidden_ground_contact,0.42488896689233313,0.17144182986629414,0.28876055871654593,0.23950627572805325,0.15233103749591495
10817,18,104.14623947614581,64,0.019602680043317722,0.03623811661112632,0.06997687369585037,1,forbidden_ground_contact,1.1114040924367523,0.16335584311111812,0.5212279239031004,0.20070784923171955,0.1760947247689079
10842,19,66.0442256863664,25,0.0150909903623162,0.06634846328865483,0.06902382522821426,1,forbidden_ground_contact,0.7418412796775284,0.45328045011769214,0.2661310908148952,0.19117849850451724,0.13282762588260583
10870,20,76.22078515350253,28,0.01705779190050886,0.06907334461925009,0.06017085909843445,1,forbidden_ground_contact,0.3346680724645896,0.4415866582794669,0.21961934190135343,0.15350048855932039,0.12337498331648812
10902,21,59.1625414814621,32,0.01844222412985449,0.06470611889626003,0.06408581137657166,1,forbidden_ground_contact,0.8681015298891698,0.24699006507008886,0.4020650266520169,0.2092627631637343,0.14256721015070015
10925,22,53.2859233917085,23,0.014909194530970702,0.08263654271994811,0.051384031772613525,1,forbidden_ground_contact,0.3948996593297956,0.31329267900147484,0.14192324103983536,0.14357823551945167,0.17802755767084685
10955,23,91.54342635757459,30,0.015425829146845689,0.06893101037413867,0.052742790430784225,1,forbidden_ground_contact,0.2402739855209953,0.48581922974956276,0.15181356582307234,0.26344603821836476,0.1444487507322007
10978,24,45.255915817336664,23,0.011502916698835589,0.05798018236187108,0.03861980512738228,1,forbidden_ground_contact,0.15681015569078238,0.2338784127961498,0.20854434604487745,0.15211171439091947,0.09849096007492983
11005,25,43.77825380941137,27,0.012275285718768902,0.055237908921517066,0.05272669345140457,1,forbidden_ground_contact,0.8059376631695342,0.1610599836804757,0.3194685756643882,0.3694011116537742,0.1519797655647336
11030,26,48.25934235615369,25,0.023482694740016873,0.12172377684590412,0.06931948661804199,1,forbidden_ground_contact,0.7050125488802711,0.17484587724458447,0.16148728167090276,0.2987317242501468,0.17891890003839284
11090,27,80.39190014704629,60,0.019370675369626306,0.032143767378691186,0.06180929020047188,1,forbidden_ground_contact,1.1395255482792674,0.1174941598395035,0.5764499347187719,0.2841135526268216,0.1649164922597419
11126,28,44.87433106605595,36,0.012172810188668629,0.04505416605165388,0.0432865209877491,1,forbidden_ground_contact,-0.23971901226253306,0.08275503647588571,0.44676265517342806,0.40186861229001786,0.21893360238213685
11158,29,66.24082586981518,32,0.021972235939273943,0.06912729456423804,0.05407987907528877,1,forbidden_ground_contact,-0.12873416397568352,0.25001433931255507,0.29297121933186776,0.37465343414944624,0.21095511240558953
11188,30,57.311082455766204,30,0.016833754965654132,0.05410065405184668,0.03508903831243515,1,forbidden_ground_contact,0.3047156927406606,0.20257077832740908,0.29258951073032985,0.33385596187176836,0.21894619306622448
11227,31,43.93950504072422,39,0.019824729759177068,0.04605499210521421,0.06699849665164948,1,forbidden_ground_contact,0.25979378391107566,0.1080395543446541,0.509569225821387,0.7192036269840215,0.2764996595398719
11256,32,53.93290331227075,29,0.01354951857732215,0.0562407836398217,0.03559150546789169,1,forbidden_ground_contact,-0.4854489808907081,0.2223297889785578,0.2889412623363305,0.3419616895694238,0.25389037537390546
11279,33,40.336818011221524,23,0.014153096092055293,0.08115633612972341,0.05122893303632736,1,forbidden_ground_contact,0.39834309587500255,0.19552201289987212,0.24467641816585467,0.49556401486494317,0.1741760200915328
11305,34,38.93218829608266,26,0.018160514600522447,0.09242684229264204,0.060590267181396484,1,forbidden_ground_contact,0.32249314827696623,0.1217920351265299,0.3582296382817404,0.20782450674818595,0.17789114712879547
11328,35,40.49750478252566,23,0.011529058970882694,0.0581193452716875,0.06748205423355103,1,forbidden_ground_contact,-0.7746184331445579,0.25466390560627383,0.37010063724572145,0.22844072956053865,0.176934063382854
11356,36,48.36768568509956,28,0.01909334094174579,0.08306446039297187,0.052480366080999374,1,forbidden_ground_contact,-0.15882300466829777,0.16637312004832555,0.26473851103485985,0.5743148971782127,0.2735748090763685
11379,37,32.013036393905686,23,0.017994770639421176,0.10497989852267643,0.03792471066117287,1,forbidden_ground_contact,-0.07755041663794829,0.059184164016355685,0.21795145521781054,0.2870525173883999,0.16210113432543663
11424,38,57.01772288036803,45,0.014113641645750689,0.03997197499403641,0.05368531122803688,1,forbidden_ground_contact,0.15071734290250974,0.10969336330020146,0.5577897961116255,0.275353578799092,0.1789166914688171
11487,39,66.11401397376562,63,0.014213978490111892,0.03062241155471198,0.06160972639918327,1,forbidden_ground_contact,-0.6671747006860884,0.05991937844106286,0.567600818241768,0.3558084458054556,0.18917496628599004
11516,40,58.57731211676068,29,0.021209640248231184,0.08355968570062985,0.035833291709423065,1,forbidden_ground_contact,1.1440180010085055,0.20903940624165995,0.17720179138194486,0.6875101421540791,0.21986313092905477
11539,41,38.88659760400768,23,0.021088925919587102,0.1148248544382903,0.06704729050397873,1,forbidden_ground_contact,1.1018488891576093,0.14842610131063186,0.22100497678203465,0.42507496751197377,0.12457201462174573
11562,42,45.4145985721232,23,0.019277511950042656,0.10696754311456978,0.05299476161599159,1,forbidden_ground_contact,-0.7626148255394831,0.18512162843099364,0.1694450273920876,0.39518335632986007,0.12468081616448505
11585,43,31.118183862444447,23,0.011929799899702383,0.06636421572190311,0.04873621463775635,1,forbidden_ground_contact,0.05363256131633257,0.11152682857121629,0.31113551164024494,0.3006431856612396,0.12224238992806333
11611,44,27.55527613356409,26,0.011044894867089804,0.020778439449636327,0.06364480406045914,1,forbidden_ground_contact,-1.6890653880504043,0.16129524773236653,0.6179501660091232,0.45300388965996735,0.15465649826552721
11634,45,0.7937855782244352,23,0.00016866854581578695,-0.000596468473305999,0.04804861173033714,1,forbidden_ground_contact,-1.762050945225083,0.0221276041815919,0.8565558048281663,0.3232247994967105,0.16190188145119905
11662,46,30.179926939196303,28,0.006877939061305479,0.016375642532602003,0.0694679245352745,1,forbidden_ground_contact,-1.158031827328789,0.15462376793324778,0.5956858720679402,0.4289984684995813,0.19990692672171914
11695,47,10.835056896905867,33,-0.009018495228361493,-0.03912392625890185,0.030472364276647568,1,forbidden_ground_contact,-2.840696526599177,0.06173441704050809,0.7573678488006432,0.48861953988287415,0.11792373719045615
11723,48,6.4734360745288715,28,-0.003061948703755113,-0.013855904576964248,0.04573000594973564,1,forbidden_ground_contact,-1.0921657414901114,0.046644300971960505,0.819701811105494,0.4581269115878479,0.20134496832030124
11753,49,31.125478066822847,30,0.0003702846265297051,-0.00544225142303691,0.06123675778508186,1,forbidden_ground_contact,-2.481288506026303,0.22230611640292164,0.6279126022467636,0.6128222735872708,0.2595880793398051
11779,50,35.58769902260089,26,0.0214106650738634,0.09581596212867931,0.05940321832895279,1,forbidden_ground_contact,-1.9425696267037074,0.06759945833341116,0.22681506326058015,0.6004163237907324,0.17616215314145658
11817,51,-4.7761483429757465,38,-0.009644462150830504,-0.03280448217051744,0.033814139664173126,1,forbidden_ground_contact,-2.7684055729725205,0.024915178025261477,0.9553403706450707,0.27998738353504177,0.1447804989913014
11868,52,61.46759427796182,51,0.0005249365944700658,-0.0022307208618668065,0.05566641688346863,1,forbidden_ground_contact,-2.117565315153139,0.15625333438192135,0.6275248480792053,0.24804590512778113,0.15098537359461164
11905,53,33.71039166438713,37,0.009549892705519949,0.015634286052927937,0.04405398666858673,1,forbidden_ground_contact,-1.6829205233237259,0.09200889565560953,0.5610417714391525,0.7056193589463162,0.33186479301412797
11929,54,17.76200353191781,24,5.930421151012651e-05,0.005070077491786539,0.057678282260894775,1,forbidden_ground_contact,-1.8291027855214104,0.1432551637826052,0.685785465554036,0.25606102605322034,0.13648856677579127
11984,55,66.50721477738557,55,0.0046593851561811525,0.0020142287412813742,0.061582326889038086,1,forbidden_ground_contact,-1.707250379175425,0.1473707575829339,0.6337737931848048,0.3689818872436994,0.16923643345520145
12024,56,32.99611070288131,40,0.010325821839598567,0.01881244122880433,0.05023857578635216,1,forbidden_ground_contact,0.17770439441790845,0.05380423014930108,0.5452398050251777,0.5625113369097791,0.22682151468434292
12053,57,40.77477760879425,29,0.01508661760266564,0.07024845916723438,0.049368541687726974,1,forbidden_ground_contact,-0.9341687423677321,0.10755770951749231,0.3203012189876314,0.38638588834813936,0.14933066771256326
12078,58,43.15614805313241,25,0.020304902401479603,0.11592363918307219,0.04189318045973778,1,forbidden_ground_contact,0.22804534646821895,0.11231239650653695,0.11830162614502555,0.5223371826065314,0.17708467846713485
12106,59,57.71950209075531,28,0.0256467737094713,0.10105933698706951,0.06017444282770157,1,forbidden_ground_contact,0.787148089238677,0.1769395921234736,0.14513851213853166,0.24506810816216776,0.14337236424512695
12139,60,52.24602346360274,33,0.012331460391190128,0.0451258777519654,0.05817833170294762,1,forbidden_ground_contact,-1.2307581947552173,0.20414267701073283,0.464674849708508,0.3124604642322487,0.1832715892164218
12188,61,48.92204249398328,49,0.00791200713685197,0.014567589450796626,0.04131918027997017,1,forbidden_ground_contact,-0.18172432415634365,0.07255237299350778,0.526930787554716,0.6760786396651093,0.2920446728538744
12222,62,40.22074582600766,34,0.024652586661682647,0.07815548918848678,0.05819493904709816,1,forbidden_ground_contact,-0.03139112982996754,0.09984855921328349,0.4267671368058029,0.6835226410531307,0.2796071434993748
12256,63,69.52269923301665,34,0.026513050783520124,0.08415280556962068,0.03361435607075691,1,forbidden_ground_contact,0.3780265254685561,0.18706198633936863,0.1783309383056763,0.36092440079077764,0.23603610054677696
12285,64,58.22186657959709,29,0.02367914047151991,0.10420676710251338,0.04920123890042305,1,forbidden_ground_contact,0.1720788457757344,0.18506003395262285,0.21862699526938506,0.27215925795884355,0.17042568968602573
12322,65,67.28801650480301,37,0.01899625028982646,0.05111998773912076,0.060592517256736755,1,forbidden_ground_contact,0.41146326730256433,0.20191112340377843,0.4455319624178351,0.22443711019917698,0.21071902526860947
12353,66,63.52239925298809,31,0.02344010936270693,0.08024743002504309,0.053234852850437164,1,forbidden_ground_contact,1.0751335471812289,0.201759287471497,0.2354477015561204,0.16893563514673782,0.124377773135672
12377,67,48.22141091776267,24,0.013555465669875335,0.05693941443619751,0.03284675255417824,1,forbidden_ground_contact,-0.754448095286085,0.26289027746270793,0.24380486546221083,0.26036682324101024,0.13493391081298906
12402,68,40.69585124009321,25,0.021032074117030328,0.08963404090011756,0.03029392473399639,1,forbidden_ground_contact,1.173715274794683,0.13036335961396653,0.23861434993677946,0.3213859980698519,0.1929790034456679
12428,69,43.576439692546046,26,0.025663875464467217,0.11547677387102406,0.03937182575464249,1,forbidden_ground_contact,1.3232036301796986,0.07761770012170442,0.135359713029361,0.3639519614007884,0.1791988952396417
12455,70,62.28858499790286,27,0.02183541420464744,0.08135522684492079,0.06676888465881348,1,forbidden_ground_contact,1.0661562680622638,0.3401351071664798,0.22033008979416924,0.4224547289673071,0.14200743570508736
12489,71,33.502628002509404,34,0.003311318625347404,0.014254591669690895,0.03941900655627251,1,forbidden_ground_contact,0.48638159543628984,0.08952716651477577,0.5177534009547254,0.44508682705938035,0.20176973330338577
12540,72,53.7556682290048,51,0.0014425801576213489,-0.006418816890077184,0.05615892633795738,1,forbidden_ground_contact,1.6284956161036226,0.1500028629301753,0.742150756630354,0.26959586920614304,0.16938777451596135
12587,73,48.1269572117136,47,0.004605916436362105,0.01577634523587854,0.06912171095609665,1,forbidden_ground_contact,-0.5136487433029755,0.07406681907392189,0.7024255474722397,0.26841822814294036,0.1367338566515729
12618,74,65.64888161710553,31,0.012042723890005191,0.030276267942363714,0.052971892058849335,1,forbidden_ground_contact,1.1522496991627593,0.39115646569118484,0.45044134548699216,0.49474848516130576,0.19932935425745774
12657,75,82.03293289487799,39,0.01490225470411825,0.036539396750294134,0.05172266811132431,1,forbidden_ground_contact,0.4169863397260593,0.3132201636061498,0.40917465178599305,0.6031388271337127,0.280605138533413
12704,76,84.08520622896934,47,0.02276513172175065,0.049692102738272056,0.0686778873205185,1,forbidden_ground_contact,-0.2771574626663972,0.15168766954727317,0.38823511370668506,0.2999597926041048,0.14331699598289238
12727,77,32.77406739123756,23,0.00591983989384064,0.02115820559522859,0.056236617267131805,1,forbidden_ground_contact,0.2138231921604264,0.2636324356846561,0.5863981091192657,0.31107634030695136,0.1291214489574339
12771,78,77.54331144599836,44,0.009198488435491542,0.014096411516655489,0.03482309728860855,1,forbidden_ground_contact,1.0420164418425606,0.25164613778801703,0.5584400115212452,0.23070349063972753,0.1454206502772876
12820,79,61.92965825054391,49,0.0019228432777264222,0.0008438589880205895,0.06491222232580185,1,forbidden_ground_contact,-0.7121364974954602,0.15970411761394973,0.656255087977718,0.2806779285657143,0.18258030300608827
12875,80,91.15530694801252,55,0.016651333749868602,0.028383598827103586,0.06582923233509064,1,forbidden_ground_contact,-0.6109948457891556,0.2009612558371879,0.5785915917754634,0.4041489230498891,0.1696766799644069
12917,81,64.61717628392773,42,0.005254756791521875,0.012895168469660368,0.06447300314903259,1,forbidden_ground_contact,-0.09328651282562476,0.2482848809300528,0.6827010946623503,0.22045174472326176,0.15059446227476703
12960,82,120.65918882128022,43,0.024599817412594246,0.06652979756241385,0.03502613306045532,1,forbidden_ground_contact,0.8339416845007195,0.3475367129947244,0.07140479294626943,0.5467491599055876,0.29339787259090944
12983,83,55.432822447569066,23,0.005879101730389467,0.034363558222234906,0.04769129306077957,1,forbidden_ground_contact,1.4872521650633217,0.5139466999348964,0.367962347398548,0.6710183679099389,0.369553182349185
13009,84,47.58491050174413,26,0.005911562821859195,0.023701238862089042,0.0422852523624897,1,forbidden_ground_contact,-0.09662974676193521,0.3403440864745023,0.4045628199399785,0.8317366150464719,0.43315445226162486
13038,85,71.98446836124143,29,0.017955241917442775,0.08073060384235568,0.06012631952762604,1,forbidden_ground_contact,0.238932107587973,0.34385087538729503,0.1860699805809959,0.5891448237108008,0.21473267861033685
13068,86,70.40658750531658,30,0.008216000870870188,0.04581523407110099,0.05909234285354614,1,forbidden_ground_contact,0.3356100867842964,0.37141635075055096,0.2691980128329836,0.7403462674230153,0.24751272244121747
13100,87,62.864416098563694,32,0.022758751527387627,0.07639358805645984,0.04803798720240593,1,forbidden_ground_contact,1.5450585166406183,0.21382583272451278,0.21436888490180628,0.7779931001299322,0.32721129003834065
13130,88,23.63583005967937,30,0.000665705886121172,0.006910033976071862,0.06847263127565384,1,forbidden_ground_contact,0.6412457011862023,0.09277376696246532,0.5238122842681,0.504607127936082,0.2006836708360105
13159,89,36.15072735300505,29,0.01671587932520395,0.05944500500337722,0.06641649454832077,1,forbidden_ground_contact,0.6376337173344719,0.16759273596791474,0.46484309340403024,1.1029819396542024,0.3327342544618777
13204,90,112.2923893945136,45,0.020394738337178843,0.04909132027640732,0.04028568044304848,1,forbidden_ground_contact,1.1023854365389016,0.37262445949201645,0.31234546851222306,0.421500132553453,0.19258304689537037
13238,91,52.9393005814153,34,0.019965170896151633,0.06379034010087553,0.041948940604925156,1,forbidden_ground_contact,-1.8475335821108965,0.16290803914963617,0.3510315092438065,0.4548029440317616,0.18147123611196275
13262,92,40.804714316897275,24,0.007991215911895234,0.04580071920574954,0.03529805690050125,1,forbidden_ground_contact,0.6467116441015915,0.18475696963378563,0.22415969493213062,0.6492130609785627,0.3361939201335304
13312,93,53.715491747089935,50,0.012041881552190546,0.0172979594556468,0.06283117830753326,1,forbidden_ground_contact,-1.1222491918415867,0.12139914185584554,0.6090248478839073,0.32947597222506586,0.16717719795546185
13347,94,49.62929204840822,35,0.02070443754234231,0.06950632799916209,0.06475206464529037,1,forbidden_ground_contact,2.004519712340368,0.08476554106727227,0.22169467789729214,0.7969720047119454,0.34169299158969224
13379,95,56.09968395596631,32,0.01854116108090658,0.06322877688527015,0.051569223403930664,1,forbidden_ground_contact,0.8477705927748659,0.2068803337445053,0.34211793159841675,0.6354858342883657,0.27406194048270727
13426,96,40.54929414578163,47,0.013281070993859327,0.024171155890345512,0.05114763602614403,1,forbidden_ground_contact,0.556387434308334,0.08129402453487847,0.5397296575726014,0.6258700615191942,0.2514448155181287
13454,97,49.59082379551922,28,0.016554118378823274,0.05809370952468252,0.035170044749975204,1,forbidden_ground_contact,0.6736679687784441,0.20743232527997296,0.32864604142042825,0.40291555196100726,0.1941080610399782
13481,98,42.61629243379095,27,0.008068064008313957,0.021514208305918707,0.06923923641443253,1,forbidden_ground_contact,0.13116590080627596,0.26695541975003473,0.5787815225832758,0.33729343890705044,0.23712882490796633
13521,99,47.904832609528725,40,-0.0033945354917456682,-0.006468464508413796,0.03902609646320343,1,forbidden_ground_contact,0.732097033573989,0.17109952969646286,0.5743201425634696,0.631475179455047,0.24977217558059955
13583,100,76.17532522446396,62,0.006509598477340424,0.010798090304188272,0.062179774045944214,1,forbidden_ground_contact,1.3453842474765525,0.13942857983149654,0.6495448778614985,0.3821139562230999,0.21845196349661145
13611,101,33.995416459959614,28,0.0100542298635203,0.04857611143125605,0.04888225346803665,1,forbidden_ground_contact,1.5612516709005073,0.09107995447269045,0.3568144074782502,0.5435417663818455,0.2565664504480448
13645,102,65.17311879278193,34,0.023908488094517802,0.0765973445253995,0.05677920579910278,1,forbidden_ground_contact,0.20166160901458557,0.1887705355550601,0.25984973998773525,0.46906616207443697,0.22497884023376874
13685,103,82.41050325339478,40,0.015137748288490882,0.04202461373614534,0.06554014980792999,1,forbidden_ground_contact,0.064676310981609,0.30373960799242267,0.47861843562477746,0.2551411658977142,0.17978311014002057
13708,104,38.96971908673447,23,0.019601380043435382,0.10670842502088347,0.058864861726760864,1,forbidden_ground_contact,0.3573672229985601,0.14926713889022963,0.20167402327047088,0.45102029205210387,0.26303109938290825
13750,105,79.3421797721858,42,0.015156419774109718,0.03034722080622419,0.04026466980576515,1,forbidden_ground_contact,0.1909124126375376,0.25996286082108344,0.451439268096867,0.38863150271958924,0.23712144351380085
13781,106,54.90586452467873,31,0.01513133282264981,0.049656694584626404,0.05732208862900734,1,forbidden_ground_contact,0.21716919233483425,0.2065420174377066,0.3820439947552173,0.4681303038401645,0.20677271703739966
13850,107,172.41933615513773,69,0.03166579875502096,0.04165070035048739,0.05387352034449577,1,forbidden_ground_contact,1.0868253588861048,0.3401565494735623,0.37095067742403376,0.3093368794381475,0.17868515413118222
13920,108,109.83083731410218,70,0.01947274796675127,0.02561227830955485,0.0462900772690773,1,forbidden_ground_contact,-0.38867754240063684,0.15694548224999316,0.45492909472775594,0.4964811658767019,0.20752484742974675
13957,109,113.84805831730557,37,0.016860453193941683,0.054153865146269485,0.042990267276763916,1,forbidden_ground_contact,-0.6783254354544753,0.477590643426492,0.14603219327820433,0.37983516173626003,0.16032057600929317
13999,110,77.28334787785738,42,0.028572922091857182,0.07244209417242198,0.04042069613933563,1,forbidden_ground_contact,-0.23710089777325552,0.14003269229832027,0.24907543992521303,0.40376160250899557,0.18876049367528938
14030,111,66.38031908542915,31,0.018332929067504142,0.07768625734783635,0.03231056034564972,1,forbidden_ground_contact,0.6836239582021045,0.20443470628978377,0.1624080642963414,0.370512043386377,0.19307927468267916
14062,112,60.53231778784112,32,0.012910233589526187,0.047625310455017465,0.04476570710539818,1,forbidden_ground_contact,0.21715643245121655,0.24700427746334572,0.37371026354156256,0.18536473882035573,0.20974470667043896
14125,113,80.63825616551196,63,-0.0024715347076742942,-0.0038286434203703055,0.06585520505905151,1,forbidden_ground_contact,-0.4160956538385948,0.16743852602951217,0.6563197209802492,0.3279704969404576,0.21766997229837906
1200,1,1405.5422990178688,1200,-0.001488972833839049,-0.0002556394916496991,0.034581203013658524,0,,-0.018858546734003473,0.04482161106369548,0.9439012598405156,0.003318241916245722,0.04927516081115115
2400,2,1395.587765192409,1200,-0.00024930237787656746,-0.0001788105325378501,0.03337777405977249,0,,0.07357089951540975,0.04253432686618026,0.9466259772626923,0.0030118288526383625,0.04926847246392275
3600,3,1275.6871250751888,1200,-0.0009850625329495164,-0.0002318239594584922,0.05646644905209541,0,,0.04126813463516512,0.01580840286481768,0.9672429140064421,0.002570966249972895,0.04927494105482272
1200,1,1253.1996145040341,1200,-0.001146491941399676,-0.00021718214265588917,0.034581203013658524,0,,-0.044919163711630156,0.04546510471558294,0.9430815083414503,0.0030640844645650465,0.11818433913550207
2400,2,1262.5161916397792,1200,-0.00045185364753083695,-0.00018922167578437285,0.03337777405977249,0,,-0.047368235277346855,0.04697246523587103,0.9414627445716021,0.0028592294287323604,0.11828856161409872
3600,3,1117.7332396541326,1200,-0.00112538968701747,-0.00022985902687582688,0.05646644905209541,0,,0.03321078415844469,0.016101967169648883,0.9668586036829212,0.002947191345766207,0.11836651753423437
4800,4,1159.106494428715,1200,0.00011355183930912425,-0.00010930042636060039,0.04496736079454422,0,,0.04035220826367731,0.025089170661606375,0.9607962083369596,0.002976925319620111,0.11858162458328429
6000,5,1165.4573926824903,1200,-0.0006576257369942835,-0.00019512661518331366,0.04667557403445244,0,,-0.09134607151933628,0.02603205287027951,0.9588172495988093,0.0026396372417829064,0.11830631948755901
7200,6,1206.892397951371,1200,-0.00020958212129225726,-0.00011409567090378325,0.03630446642637253,0,,0.03983257455249111,0.03567568943010062,0.952967029968983,0.002744651205932717,0.11886880402362948
8400,7,1144.1084912664144,1200,-0.0013224519083833838,-0.0002731458333163021,0.05018123984336853,0,,-0.02494983735567422,0.022029029566568933,0.9621060196732505,0.002923242842090951,0.11856475307132847
9600,8,1124.6563998485753,1200,0.0013668373549883424,0.00019096144017132153,0.05946822836995125,0,,-0.15112511828185685,0.01586165456603509,0.9657486820896052,0.002833837172398121,0.11855299546307733
10053,9,436.80935732594867,453,0.005112728114148294,0.0010736692919425489,0.05550354719161987,1,forbidden_ground_contact,-0.08560948267763072,0.03193400573536897,0.9411956582951494,0.013181971760232837,0.12198663428720322
10090,10,56.44142588046493,37,0.00398713455469275,0.021390876713652838,0.06174728646874428,1,forbidden_ground_contact,0.17871010687921568,0.24250722281113737,0.5974518630654211,0.14352902726058045,0.1627232203491809
10133,11,82.7016684928064,43,0.00847597607467413,0.020940210603985352,0.05163426697254181,1,forbidden_ground_contact,0.8296173054563866,0.32451016444335196,0.5200864581234872,0.1494840776322649,0.19678920917572684
10156,12,38.1601169086029,23,0.0101605055222971,0.026917726584161115,0.039699312299489975,1,forbidden_ground_contact,0.42604107286212445,0.28327128024050147,0.49728724497409266,0.24854289906456137,0.19302049277382952
10230,13,120.31192568524523,74,0.011650249652942361,0.015240997703660024,0.06589208543300629,1,forbidden_ground_contact,0.7524158202469728,0.24747780078329404,0.6482823420141424,0.12750528272979977,0.1898833001005394
10309,14,101.92437146081235,79,0.0048998968191900855,0.007542838473749129,0.05434964597225189,1,forbidden_ground_contact,0.5252702135419113,0.16584941902450384,0.639528591514842,0.149938215773831,0.19149411133666097
10332,15,3.7139077037707793,23,0.002867114736750261,-0.004965027031029373,0.06385914236307144,1,forbidden_ground_contact,0.5203032614814425,0.053587390029851696,0.8296608162477774,0.2919191389946899,0.12910647081685148
10355,16,59.51676954738394,23,0.007231844258795274,0.052724021924639305,0.0552913136780262,1,forbidden_ground_contact,0.9235218824886775,0.4785838788499297,0.2513027178522073,0.23246960140339268,0.13990291571249133
10407,17,54.27443383318505,52,0.0034319869578214803,0.0010613534687040837,0.05741710960865021,1,forbidden_ground_contact,0.8422989790492685,0.14919353128644047,0.7061830804726532,0.1131177081258905,0.15661368601415981
10447,18,68.12658618862753,40,0.015783068107246463,0.035712209305322214,0.06997687369585037,1,forbidden_ground_contact,0.615515682921463,0.2720572464466004,0.5717926163415209,0.16662892845077376,0.13450791036928786
10480,19,18.598434574438382,33,0.0012067520979470968,-0.0019199086356966007,0.06902382522821426,1,forbidden_ground_contact,-0.09320313040461257,0.08973328868796575,0.8391629489504088,0.18583127045232753,0.11668037835020159
10527,20,66.66694518975953,47,0.006787209981960166,0.0023415431382767726,0.06017085909843445,1,forbidden_ground_contact,0.7885395822332822,0.2811724524757869,0.678814467101288,0.16729339924414863,0.15798194949706643
10550,21,50.25664311650219,23,0.01714717761299899,0.07760266450523116,0.06408581137657166,1,forbidden_ground_contact,-0.117861702180543,0.312727817864284,0.2642156046956057,0.17685300879259805,0.14218575744231748
10578,22,38.48199376498641,28,0.015010657183593065,0.06352887228309348,0.051384031772613525,1,forbidden_ground_contact,-0.042143422070965116,0.1394779440330083,0.37794246506144136,0.21642483836914458,0.13811925778132877
10611,23,56.168103619775536,33,0.01875107645765205,0.04410319475067456,0.052742790430784225,1,forbidden_ground_contact,-0.5531460602296433,0.198654203925988,0.3959938345891364,0.2623305308358621,0.1702760649265092
10639,24,56.27705615548649,28,0.012021633249601683,0.02883252590144351,0.03861980512738228,1,forbidden_ground_contact,0.4966294895967239,0.3306549354490495,0.36923264302532643,0.20591475071246684,0.178811952887928
10716,25,106.13383530975506,77,0.018922539637241474,0.023729381966037376,0.05272669345140457,1,forbidden_ground_contact,0.6505284685127132,0.14161760675101884,0.5798986796004385,0.19265514573517656,0.19150386780685325
10756,26,75.70615870881349,40,0.012418133321104691,0.04061861755656589,0.06931948661804199,1,forbidden_ground_contact,1.2660233044306939,0.2826193837978376,0.45605065240934894,0.212819364166355,0.19697094534865892
10781,27,70.02684798453714,25,0.009881102253262889,0.06846579931428916,0.06180929020047188,1,forbidden_ground_contact,-1.2477922337685414,0.4963909239087528,0.20609900665712402,0.22261092639567825,0.21318410550337522
10805,28,35.84120804154077,24,0.0072525757363506565,0.04892337929663537,0.0432865209877491,1,forbidden_ground_contact,1.7527779186563959,0.19933161794018142,0.36394184029173465,0.2264710994116025,0.1399996815969462
10854,29,102.74542984878296,49,0.013402464880480353,0.027606066578086542,0.05407987907528877,1,forbidden_ground_contact,-0.351539918499163,0.3417042304275653,0.516143332549874,0.23466833579735266,0.2865779818749092
10884,30,51.714786417259475,30,0.01600265129860618,0.04500977748241346,0.03508903831243515,1,forbidden_ground_contact,-0.8068764315571384,0.19991479300498644,0.43281911270191953,0.13838073203806545,0.17387766082976475
10908,31,65.49262474382398,24,0.016190858842689188,0.07722147260916046,0.06699849665164948,1,forbidden_ground_contact,-0.4560960756758079,0.44990517059171437,0.217216040976162,0.13659146529062724,0.23566579606216612
10952,32,70.0076207446163,44,0.014582222853690858,0.03927769976975124,0.03559150546789169,1,forbidden_ground_contact,-0.3261422051298912,0.1367382714154692,0.41438095325523566,0.2556945728251137,0.17911143564283447
10975,33,39.09357697421446,23,0.012511257492252384,0.08757997210271078,0.05122893303632736,1,forbidden_ground_contact,0.023179443419686457,0.15925764509660337,0.16861684043208205,0.4140645352159128,0.13803616668263394
10998,34,47.23190064120295,23,0.008103158097005462,0.03940542635676424,0.060590267181396484,1,forbidden_ground_contact,0.8985902949701292,0.3879514096222604,0.42973531804594756,0.17313800769690313,0.12451329730864247
11023,35,53.194429853845264,25,0.01173167262390319,0.056363494800615026,0.06748205423355103,1,forbidden_ground_contact,0.8571061416873418,0.31765747455089705,0.29021933891868934,0.2475720120781252,0.13078279543092342
11050,36,26.899157681316673,27,0.0034865144911139967,0.00888146706801983,0.052480366080999374,1,forbidden_ground_contact,2.0925690313220846,0.17664637302214156,0.7400593962235144,0.25923853287476845,0.13672396979337043
11077,37,67.09479685212457,27,0.009544059332759968,0.029409589836117637,0.03792471066117287,1,forbidden_ground_contact,0.9437708150592911,0.35989714723410376,0.22160632280761852,0.47727951681190167,0.3373509657352101
11111,38,63.975899075642886,34,0.014041787297865488,0.05637157146687176,0.05368531122803688,1,forbidden_ground_contact,1.9070420308126328,0.20562362694052488,0.33523965391007254,0.2617084675536348,0.14082138505401515
11137,39,69.11886583150537,26,0.010108220663776148,0.04440380604783951,0.06160972639918327,1,forbidden_ground_contact,-0.019459906322181652,0.44018534205152954,0.28410602412292935,0.26658255320833385,0.24269834430169518
11166,40,53.94433489124039,29,0.020381599927877463,0.05685775910812472,0.035833291709423065,1,forbidden_ground_contact,1.5585230769349376,0.17631174315354262,0.26447513003147843,0.2981925970378384,0.1685815643110991
11193,41,44.09734818550367,27,0.023320019303039976,0.08155870588506105,0.06704729050397873,1,forbidden_ground_contact,0.507611938396922,0.09762087904747528,0.2556603371919951,0.25840143136432814,0.21898290785103974
11216,42,36.019292987239865,23,0.017354638018305085,0.07352210028690816,0.05299476161599159,1,forbidden_ground_contact,1.0460796348928887,0.09141933041814877,0.23604854862281013,0.3457279374129172,0.28590713446461824
11240,43,45.79930395945155,24,0.018290753337231326,0.0719597008535495,0.04873621463775635,1,forbidden_ground_contact,1.3052075824333504,0.2192681478615868,0.2439895951004992,0.2533797467062914,0.14880406384130196
11263,44,28.632966185355734,23,0.014774788842592123,0.048648373355244946,0.06364480406045914,1,forbidden_ground_contact,1.4618875511418863,0.11054034197479527,0.3861767444866805,0.2875507580901674,0.21281328236047897
11286,45,16.83529012515494,23,0.012952513672955773,0.023188956237653033,0.04804861173033714,1,forbidden_ground_contact,1.0819075754496088,0.025896189031090033,0.41383708217382603,0.39139188151098103,0.2156924851144955
11311,46,36.170591048315345,25,0.017742377811976073,0.04401731507021631,0.0694679245352745,1,forbidden_ground_contact,2.3570133104922886,0.2554644440299825,0.4886532682952073,0.39039254048396715,0.16331489264627208
11346,47,60.730674511048406,35,0.013146027503141915,0.04947778430952366,0.030472364276647568,1,forbidden_ground_contact,0.403107618572794,0.170878120151822,0.3450548148126905,0.209690766655874,0.2009185426657142
11376,48,41.283402609329144,30,0.02344279971562673,0.056086081108016377,0.04573000594973564,1,forbidden_ground_contact,0.07791738511927299,0.07228599780348703,0.2524140032796215,0.32597508870061775,0.25115118473717135
11400,49,48.021718324429685,24,0.012545611717359337,0.06447133633889532,0.06123675778508186,1,forbidden_ground_contact,1.02558258400378,0.23509095984144837,0.2474962658833282,0.24246510183864578,0.30534347595524186
11438,50,41.35319586428642,38,0.008404900714688596,0.018653331215162456,0.05940321832895279,1,forbidden_ground_contact,1.06998151350031,0.12522971802565527,0.5948100630589561,0.3211102689170813,0.23636698344544319
11527,51,101.86223608434999,89,0.004344335221940277,0.0017240584266237518,0.033814139664173126,1,forbidden_ground_contact,-0.6317060461562876,0.1647583490085919,0.7423471061273046,0.42779903961166976,0.20964498410275056
11573,52,58.50276988123863,46,0.007507814115745386,0.025207621839217396,0.05566641688346863,1,forbidden_ground_contact,0.43967036673389465,0.13940653004907402,0.577246476395394,0.4395137020310158,0.2328093076078136
11608,53,27.649593243581112,35,0.008070533458167474,0.024558655185331534,0.04405398666858673,1,forbidden_ground_contact,0.8166674207485322,0.05314988527302175,0.5720922104717567,0.42978298189853137,0.1866941482868658
11653,54,62.583765461582246,45,0.010885091341878265,0.027000086946070714,0.057678282260894775,1,forbidden_ground_contact,1.3026154478920124,0.1738556762732621,0.5454785433222836,0.3017156572613809,0.2825748375349387
11692,55,41.88958888664086,39,0.02347627917362648,0.0514913278501665,0.061582326889038086,1,forbidden_ground_contact,1.1320213418973715,0.05886096842448325,0.49011649515133926,0.2929098591976802,0.22212383368737845
11722,56,29.464966381064237,30,0.007723699435493008,0.0227354195639086,0.05023857578635216,1,forbidden_ground_contact,1.6732894450849525,0.11405604937962605,0.5300392130290131,0.32566554657894514,0.28825222856267113
11745,57,38.654644411437715,23,0.020946797328622143,0.1008882580489243,0.049368541687726974,1,forbidden_ground_contact,0.5625350720646789,0.1514629797404144,0.20105084534502934,0.3448642532123478,0.2920296993773683
11778,58,31.16269286054222,33,0.004685677356654473,0.01159236736023524,0.04189318045973778,1,forbidden_ground_contact,0.7813547835868322,0.09958800523565461,0.5077609429071199,0.32225298459451013,0.21328867689767148
11801,59,40.3239260120428,23,0.022785518712584267,0.11550794515639924,0.06017444282770157,1,forbidden_ground_contact,0.19882419467016882,0.1291832923732954,0.14211225753974213,0.32171451231758824,0.22750608918985876
11836,60,45.305332356825055,35,0.009643483665546584,0.00932492831742904,0.05817833170294762,1,forbidden_ground_contact,0.7500376502219612,0.18839708760375423,0.5817129551931457,0.3134623666611755,0.20080033710531434
11877,61,79.41693383643656,41,0.016356633400410565,0.04858868955373595,0.04131918027997017,1,forbidden_ground_contact,0.6146300682660755,0.21995443080398672,0.37879001091801884,0.2647291368716662,0.18833464951979076
11902,62,44.000036055643974,25,0.01781393057980972,0.05932400016857946,0.05819493904709816,1,forbidden_ground_contact,0.43301686813600715,0.19964372625704377,0.29929438241455303,0.2118623963265365,0.21716646675793846
11928,63,66.35614864937764,26,0.007579892893231387,0.03754274804219731,0.03361435607075691,1,forbidden_ground_contact,0.1656543934076742,0.39023207113291924,0.23158069238161588,0.20797458159753704,0.21510209779937345
11952,64,51.10517599428543,24,0.010422174217778689,0.039072174649637366,0.04920123890042305,1,forbidden_ground_contact,1.006582568878702,0.3339093791880315,0.28346410599429905,0.20687195330908933,0.1802413935229219
11993,65,37.495047873555094,41,-0.0025536847331663866,-0.010160192807942992,0.060592517256736755,1,forbidden_ground_contact,0.9231025393865356,0.14372611742110528,0.6890368323303367,0.1955198341977296,0.225432470692893
12016,66,41.938845177610105,23,0.007648274271144965,0.024667775711312893,0.053234852850437164,1,forbidden_ground_contact,1.2421403164500773,0.3462979176997553,0.536189167589272,0.2043850922101554,0.1451219526417046
12039,67,38.95081918282783,23,0.009046164511546103,0.04552206329108754,0.03284675255417824,1,forbidden_ground_contact,1.3642211429219582,0.26024602380421785,0.3744746984734481,0.44600550516353626,0.3663860689718578
12078,68,38.46613517493018,39,0.005593278676898539,0.006565859860274106,0.03029392473399639,1,forbidden_ground_contact,-0.10103499944464568,0.09755995164158125,0.5797963173798136,0.20603745576859162,0.18717941505851862
12103,69,58.98122807661166,25,0.013367148108435674,0.061818667396932765,0.03937182575464249,1,forbidden_ground_contact,0.7263749226867944,0.3162609493660959,0.13918460839664806,0.278256886219044,0.1900977932776161
12144,70,42.59830413816103,41,0.002413031427548852,-0.0014185079042223774,0.06676888465881348,1,forbidden_ground_contact,-0.8248392938507465,0.13765479171840975,0.6509726490682239,0.15485697974521118,0.22154730001190087
12179,71,76.83516513394878,35,0.005530115062917014,0.029527246671846478,0.03941900655627251,1,forbidden_ground_contact,0.6495189212192581,0.3003475931336661,0.33983294821590687,0.4807506266372561,0.43395253913105186
12224,72,69.2526263866333,45,0.0074145600077512724,0.021103014755493088,0.05615892633795738,1,forbidden_ground_contact,-0.10020201690103873,0.2151471519601756,0.585496678815848,0.3258508673396634,0.284764405510176
12267,73,35.56253132363863,43,0.005208648754891553,0.008028786565240871,0.06912171095609665,1,forbidden_ground_contact,0.2922656522718467,0.07750421361251246,0.8213908026650426,0.17385715999902987,0.18436823361711382
12295,74,88.3247703866684,28,0.014470316335084422,0.05670892587455229,0.052971892058849335,1,forbidden_ground_contact,1.2690635178775826,0.5854771926171187,0.22268994086284644,0.646992772640548,0.4166981566944882
1200,1,1351.3140693529801,1200,-0.0014802253639276434,-0.00024498627487271936,0.034581203013658524,0,,-0.03749954403516964,0.0461122809959747,0.9423893614819989,0.0029081350202492364,0.11807604711869861
2400,2,1361.6276654827025,1200,-0.0007850690769633802,-0.0002152012024307654,0.03337777405977249,0,,-0.04209613037941233,0.047828074458163054,0.940486348339609,0.002651395189261505,0.11818299813487886
3600,3,1214.5762318099582,1200,-0.0013670208248834192,-0.0002495696924555017,0.05646644905209541,0,,0.026733474433453308,0.016366397618502483,0.9663437491279055,0.0027930800095750234,0.11826870529359569
4800,4,1255.137576714258,1200,3.892529141120613e-05,-0.00011553312961180511,0.04496736079454422,0,,0.04318484501451794,0.025180273842827564,0.9606728345760447,0.002783488287407794,0.11845123112445949
6000,5,1262.8991240184246,1200,-0.0007203451460068784,-0.0002003057915241361,0.04667557403445244,0,,-0.09065362554430999,0.02637429176400277,0.9583535561737019,0.0024377933138921217,0.1181140763158419
7200,6,1304.871612761101,1200,-0.00022317918786955745,-0.00011534211198075593,0.03630446642637253,0,,0.039249468093973776,0.03610617841523106,0.9524526381387852,0.0025406600057203852,0.11869581583639446
8400,7,1241.4121311501472,1200,-0.001792450472602724,-0.00031246118200608733,0.05018123984336853,0,,-0.03466371345857958,0.022478493576300627,0.9614839935446605,0.0027870250214625555,0.11846653946894849
9600,8,1221.9677960455062,1200,0.0014152887531328434,0.00019479550667991736,0.05946822836995125,0,,-0.15102843605935534,0.01612542376728697,0.9652861915171136,0.0026137892372202517,0.1183824381724502
10800,9,1639.4374830587838,1200,0.022938693450097223,0.0022323028649836314,0.05550354719161987,0,,1.327869445853122,0.12698085508190327,0.798501098853364,0.061830913486166685,0.17364057019789145
12000,10,1601.1423568958792,1200,0.04253337397595902,0.0041095586059329125,0.06174728646874428,0,,0.18291401892387135,0.12166643421168653,0.7933101778030992,0.07301235771395394,0.18427901095909022
13200,11,1575.8368920612627,1200,0.053409853870904564,0.004703140022391936,0.05163426697254181,0,,-0.18214801573098158,0.11486518373494616,0.8163295852923915,0.07430973946150002,0.1764285143317339
14132,12,1200.4191579324472,932,0.008383023813449237,0.0006842590040378772,0.039699312299489975,1,forbidden_ground_contact,-4.024102672744162,0.11510458888309737,0.805273311183112,0.11150551170937874,0.18780357079829685
14168,13,4.356669548910848,36,0.0003280756504546421,0.012753695898928078,0.06589208543300629,1,forbidden_ground_contact,-4.659869850489158,0.013858867501452293,0.6470009181423888,0.5789558410374904,0.24573414354330086
14235,14,41.60415311180208,67,-0.021565304980743,-0.03029099149734289,0.05434964597225189,1,forbidden_ground_contact,-5.185381203984049,0.1214270214092088,0.8245072007819846,0.3410854348973897,0.24219685778806546
14275,15,29.034709024296518,40,-0.007441350993723628,-0.032145887160402536,0.06385914236307144,1,forbidden_ground_contact,-4.294222073186278,0.15017477855902606,0.7098639888967282,0.512297970297167,0.22239346231253448
15475,16,1140.3798792500863,1200,-0.01738844987957523,-0.0016208751961183342,0.0552913136780262,0,,-7.073871200104035,0.09842905794595712,0.8171325056070577,0.12003569024118126,0.21311385212477407
15640,17,107.09675187089496,165,-0.04434933783091425,-0.02868997736114885,0.05741710960865021,1,forbidden_ground_contact,1.3248423945138548,0.05062224429942446,0.9026999092384052,0.27549937686403414,0.24704623426327493
15786,18,83.48744895973455,146,-0.04949634362848355,-0.03482631444583895,0.06997687369585037,1,forbidden_ground_contact,0.10919969485105516,0.027658075311725466,0.9236118767847286,0.22572379881157043,0.25905678070096594
15917,19,72.49371889908016,131,-0.038106184007197785,-0.033941909306258525,0.06902382522821426,1,forbidden_ground_contact,-2.5595499064431904,0.027474887189598035,0.8805907065872882,0.45035901688075075,0.23880241662472904
15947,20,-2.879133487356283,30,-0.017615399396564372,-0.0825581423003409,0.06017085909843445,1,forbidden_ground_contact,-2.785360347016572,0.024204417911617697,0.9452713264662521,0.5736130352680112,0.44507597061629695
15979,21,-13.367603782905148,32,-0.02954288985485903,-0.12445910281481738,0.06408581137657166,1,forbidden_ground_contact,-3.9627556542838356,0.0,1.0,0.6328538693780709,0.38421564069693004
16032,22,3.9639670672840097,53,-0.022269323978983947,-0.063133450053829,0.051384031772613525,1,forbidden_ground_contact,-5.704650573334857,0.003160664137229636,0.8601312749129302,0.6067126334949001,0.3346457233548606
16085,23,49.17117167495891,53,-0.010736305356947654,-0.03293446062071744,0.052742790430784225,1,forbidden_ground_contact,-4.030352800721227,0.129015315918037,0.7450458074623407,0.49490190285791796,0.2787685072264728
16125,24,12.934612311529834,40,-0.006450457373755058,-0.04535633303355561,0.03861980512738228,1,forbidden_ground_contact,-2.4076566276220257,0.04072446526836318,0.7299945379714876,0.730165701531888,0.3368267368028652
16165,25,9.307207923544691,40,-0.005312151537083222,-0.05013086304573698,0.05272669345140457,1,forbidden_ground_contact,-4.356309251629757,0.0675792352091481,0.8222977691928446,0.6312070865636836,0.4072697897096771
16353,26,180.44319386208147,188,0.010970736178931732,0.006478611288578334,0.06931948661804199,1,forbidden_ground_contact,1.4395600070251864,0.036590107482917716,0.6402750063759977,0.5844603147458404,0.3471519618180595
16484,27,113.65082902995225,131,-0.0259596807878423,-0.021601717059292053,0.06180929020047188,1,forbidden_ground_contact,-2.2327600104926835,0.09012107555297347,0.7137407050398541,0.6030767012645547,0.3081228374584511
16589,28,89.67136680854227,105,-0.05053799618292641,-0.054206251464338266,0.0432865209877491,1,forbidden_ground_contact,-1.3602485924779808,0.10280840844161508,0.8003648079235797,0.3494225372130025,0.2672159348770037
16875,29,249.39655839434232,286,-0.0508892973674418,-0.018103993277733686,0.05407987907528877,1,forbidden_ground_contact,-2.7906623667268615,0.09683723751840441,0.6902691211006431,0.7223923907545701,0.3998291356140781
16982,30,32.80832352410738,107,-0.06961752892420527,-0.06518970896652053,0.03508903831243515,1,forbidden_ground_contact,0.27864773770664547,0.007820607365030733,0.8643847522684205,0.6090220342669248,0.4304663861122772
18182,31,1239.8247952714073,1200,-0.18236362376406356,-0.015583621872614705,0.06699849665164948,0,,-0.44338456246093805,0.10260476451782229,0.7444981325262625,0.4599032321760123,0.24513367217695073
19063,32,1043.300318252815,881,-0.06766276664154895,-0.007815731759517814,0.03559150546789169,1,forbidden_ground_contact,-0.2896706533567691,0.08635906613790738,0.6628134187491995,0.4693108755498482,0.2916399939310569
19120,33,22.55181070548751,57,-0.02915290726722585,-0.04417877839451786,0.05122893303632736,1,forbidden_ground_contact,-0.0726872919831362,0.03947385037109386,0.8055852544364175,0.5622268430501441,0.3058470118674695
19623,34,626.5457188449598,503,0.033930544686127516,0.008485702234881244,0.060590267181396484,1,forbidden_ground_contact,-3.6992013918251465,0.09832776739069347,0.6016991440825534,0.5477722810229344,0.2786102525044097
19697,35,65.94844768340629,74,-0.011028667787459609,0.010802375236229466,0.06748205423355103,1,forbidden_ground_contact,-1.9036419987210689,0.06573187280894754,0.6355428228000652,0.7065186288602322,0.2902716489729266
19744,36,69.05575825767376,47,-0.008590253644454999,0.011937616151420973,0.052480366080999374,1,forbidden_ground_contact,-1.080905481823174,0.24554965668853482,0.5823370561125079,0.6769044869295345,0.2851403823260878
19812,37,49.08706617394546,68,0.002218859606412718,-0.003724169484690339,0.03792471066117287,1,forbidden_ground_contact,-4.628690394546814,0.06119639257846089,0.6486734754076722,0.4574178303140619,0.2711888695677057
20528,38,818.3647505470573,716,0.06988914555933412,0.01094707553177952,0.05368531122803688,1,forbidden_ground_contact,-6.131295902800147,0.06998018550374038,0.5346382662521197,0.7331533237011455,0.3810958853491472
21728,39,1537.2263767000193,1200,0.00873478844715281,0.0013556720124778638,0.06160972639918327,0,,-7.625022965828082,0.1271537790713531,0.625681990274013,0.4640892627952101,0.3133381959356112
22264,40,732.957760368464,536,-0.02980155321511302,-0.005319078915396327,0.035833291709423065,1,forbidden_ground_contact,-0.3209905032869541,0.13534111806174523,0.6577966536421546,0.3930956679586957,0.3145413978899797
23062,41,1029.8681015892726,798,-0.032135251600931586,-0.0042999024896289385,0.06704729050397873,1,forbidden_ground_contact,0.8867405941615631,0.12442554791289775,0.6408682759207758,0.4361103795156519,0.2676707976286845
23098,42,-6.590962184351678,36,-0.029092322895613677,-0.07794414324250856,0.05299476161599159,1,forbidden_ground_contact,-1.1076793623439696,0.005465454232183313,0.9486205969334244,0.49499729328217196,0.29480170849270837
23487,43,411.8411222016318,389,-0.010926034331335054,-0.0013145228243490936,0.04873621463775635,1,forbidden_ground_contact,-4.7608020799086885,0.07738307356950698,0.6108045577678173,0.6443542709185326,0.29711228357976294
23680,44,180.84748316799283,193,0.0049288935525747994,0.001049119907583162,0.06364480406045914,1,forbidden_ground_contact,0.42888711128104184,0.05316961072697468,0.6948327801646654,0.4939660831536081,0.28666261554508127
23766,45,40.388157993336115,86,-0.014363516799040278,-0.011220755410321482,0.04804861173033714,1,forbidden_ground_contact,0.2213201313021414,0.023278461138452933,0.7676037646656028,0.6431715673975973,0.3110888052662887
23989,46,229.2358372764942,223,-0.01892815148840167,-0.008184477909278315,0.0694679245352745,1,forbidden_ground_contact,1.1908444232177542,0.057127640743579414,0.640150568164903,0.5613709370584195,0.2946436222446948
24276,47,405.8713296936446,287,-0.020048326241982342,0.0006156844376988462,0.030472364276647568,1,forbidden_ground_contact,0.9658743206268183,0.1084365369447592,0.5420127714532867,0.4414285457455854,0.24838516616973683
24403,48,215.53040912487216,127,-0.0034396500569284618,-0.005228918957436598,0.04573000594973564,1,forbidden_ground_contact,1.4242467094979951,0.20904170857873572,0.5444004472816892,0.23709810335716908,0.27093534508988704
24479,49,55.22219195990051,76,-0.03644591062282872,-0.05066811991147655,0.06123675778508186,1,forbidden_ground_contact,-1.0649373106998274,0.06483343022006294,0.7022319452915965,0.5342314895252374,0.40525222650665876
24545,50,71.28388852571359,66,-0.023202811646379017,-0.03249108929392184,0.05940321832895279,1,forbidden_ground_contact,-1.5021072181503463,0.14672810224316946,0.64701591349498,0.5034541965449464,0.3077245846815939
24657,51,173.9700288848744,112,0.022872872067780603,0.030252865611711876,0.033814139664173126,1,forbidden_ground_contact,-2.0390595721820746,0.1485503550064759,0.43264243212208714,0.6833861870652289,0.3079902920645598
24773,52,179.09984297519117,116,0.021020725063622764,0.05049990098802357,0.05566641688346863,1,forbidden_ground_contact,6.483287025134182,0.1181103087804895,0.3259929413037166,0.7653590552172865,0.38189823661212735
24805,53,0.8960139127987077,32,-0.005495934661962455,-0.02825517827300131,0.04405398666858673,1,forbidden_ground_contact,-0.4240920726728784,0.006741191939397635,0.9472737367526011,0.2738570904647908,0.2143789872509185
24870,54,70.26268131391451,65,-0.013203072176380731,-0.024251475519117757,0.057678282260894775,1,forbidden_ground_contact,0.6407228425852852,0.07115216398042735,0.5218322773747907,0.551750052352837,0.27281001875733446
25051,55,214.11793939544575,181,-0.005146435897801699,-0.003388618271860087,0.061582326889038086,1,forbidden_ground_contact,-2.5565536286173365,0.07019855463520287,0.5335442561097727,0.5293607781894225,0.3474629692040847
25224,56,172.33947831949305,173,-0.032035125274137474,-0.019561083124584207,0.05023857578635216,1,forbidden_ground_contact,1.3044357058769886,0.07607978224525205,0.7172877699601298,0.32588755722422275,0.2600629363764425
25735,57,621.5777436682496,511,0.041525771127924965,0.00305433283504497,0.049368541687726974,1,forbidden_ground_contact,-7.866085489615437,0.05604666882551157,0.5146031725437163,0.5260634094911532,0.31191679087193436
26622,58,1539.664344166834,887,-0.0065812091556406715,0.00028124257294013085,0.04189318045973778,1,forbidden_ground_contact,-2.7587823653824266,0.20026346915059978,0.5806688986270283,0.350697997870854,0.25229918170237375
26956,59,491.5952371927417,334,-0.04086451635632048,-0.013789560109355673,0.06017444282770157,1,forbidden_ground_contact,-1.5891848005509899,0.18668988832310132,0.688067096141202,0.46732317317632843,0.28224252895009283
27819,60,1089.033902977003,863,0.0028078720620586563,3.650531936082305e-05,0.05817833170294762,1,forbidden_ground_contact,-1.462521440768295,0.11530910220156013,0.6778905531332043,0.4381245540081816,0.2564110023474618
27934,61,164.92391397250913,115,0.004810488759645907,0.00630253502467999,0.04131918027997017,1,forbidden_ground_contact,-0.2907727107191351,0.170803474748683,0.5637037058404296,0.7591344509285336,0.324096576066373
28018,62,110.68710183512769,84,0.016223281222151033,0.02385709372549199,0.05819493904709816,1,forbidden_ground_contact,-2.8593892312107845,0.10829376488735372,0.5668958135165101,0.5785807683333023,0.3892798438549264
28110,63,169.29514085592862,92,-0.012672416195240434,-0.014214164786685649,0.03361435607075691,1,forbidden_ground_contact,1.483899116786489,0.26307010657556174,0.5644437012608812,0.3279550776629174,0.30625749002810015
28247,64,209.4993610754243,137,-0.004834747383838384,0.0008877512978921922,0.04920123890042305,1,forbidden_ground_contact,2.795059588150572,0.14654882552583523,0.49976171648834394,0.5959664772697446,0.34613973369578377
28290,65,77.13923892997323,43,0.005636159738441098,0.0192166688005372,0.060592517256736755,1,forbidden_ground_contact,0.6052004323788167,0.26584678928387173,0.558551371632953,0.5211220809028663,0.42062935144806934
28429,66,159.95226378236424,139,-0.03200014290744255,-0.01694699554780148,0.053234852850437164,1,forbidden_ground_contact,-2.959133263068615,0.09530970576133828,0.6398085731140363,0.4602432577089802,0.2546168000804071
28814,67,364.5243589432003,385,-0.05092017044058979,-0.011320973988872144,0.03284675255417824,1,forbidden_ground_contact,-6.009265850398825,0.0685746464719081,0.6307356527682806,0.6017259445494553,0.3274606543555466
29479,68,863.7822902346684,665,-0.06014640895449897,-0.007936961020832084,0.03029392473399639,1,forbidden_ground_contact,3.3455106841514377,0.145875620270016,0.6098214030230965,0.6009354588751878,0.32363156234402785
29965,69,541.6762779330043,486,-0.0016549488229014343,0.0014747477609645487,0.03937182575464249,1,forbidden_ground_contact,-5.360240472119913,0.11248833162781798,0.5457568221382447,0.7971646091095028,0.39086158249041586
30053,70,67.72983036798068,88,-0.015019298294690175,-0.0086487862621693,0.06676888465881348,1,forbidden_ground_contact,-2.788771585237511,0.04555607498302682,0.7073774884260607,0.5824029384189823,0.33311729537631257
30193,71,169.69909929183865,140,-0.0027016860820606365,-0.0025768390578649256,0.03941900655627251,1,forbidden_ground_contact,-0.8842748689112454,0.11672289742361591,0.6690731612216089,0.45846483566128404,0.34391888031703893
30637,72,454.2657774223387,444,0.03197090452655446,0.00555176638652272,0.05615892633795738,1,forbidden_ground_contact,-7.940305829619954,0.07976609310538745,0.6001049727428325,0.6103900615730903,0.3412969522620723
30694,73,20.957004710126995,57,-0.013735270598237414,-0.035446078330905496,0.06912171095609665,1,forbidden_ground_contact,-3.417170693961758,0.03245231417769942,0.9270151784540663,0.508752362902407,0.35191301170781725
30886,74,184.74533719488224,192,-0.044401331694643324,-0.02469306658478455,0.052971892058849335,1,forbidden_ground_contact,0.03585036322230578,0.09835155869972623,0.738681055108957,0.4705796477961414,0.27903705921172545
30951,75,47.539331649279504,65,-0.01111192021293495,-0.021609473109528116,0.05172266811132431,1,forbidden_ground_contact,-1.929792723046728,0.10156951810324469,0.730851774223976,0.8187645429193353,0.3992132403089774
30982,76,-0.6268977000339451,31,-0.01017866782720751,-0.052116717327760735,0.0686778873205185,1,forbidden_ground_contact,-3.1942736310821287,0.049406031769159864,0.8736845300929192,0.9243024092660698,0.5294744699066956
31055,77,8.130030224620574,73,-0.03495028765106406,-0.05787927419342622,0.056236617267131805,1,forbidden_ground_contact,-1.6500668995040997,0.001403323448185983,0.9968132767048039,0.24892406054082672,0.2919890067992672
31260,78,198.55698627042287,205,-0.03007250052800649,-0.016520850151030456,0.03482309728860855,1,forbidden_ground_contact,-2.488790410446177,0.08211390803514507,0.6835976202381175,0.4865812842668451,0.298754779916906
32460,79,1242.2153314888178,1200,-0.037235388284108974,-0.0027715752916827093,0.06491222232580185,0,,-5.606284614494573,0.10129885660811005,0.70045021114764,0.4462811645752554,0.31621255723395564
32849,80,590.3091377242245,389,0.011047264676354357,0.0076622249600799075,0.06582923233509064,1,forbidden_ground_contact,1.6684820739458743,0.1799931905214581,0.6290789814743527,0.5916723861595885,0.2969588921762075
33203,81,354.45534838117874,354,-0.06163199740152452,-0.017474293718803723,0.06447300314903259,1,forbidden_ground_contact,3.6479888645373792,0.11057674131516289,0.7853607660164157,0.36782260015655094,0.24031343409652736
33838,82,970.8894159595731,635,0.03817688326526925,0.009109301307092081,0.03502613306045532,1,forbidden_ground_contact,-3.3701152075007013,0.15749096615466213,0.5562213622897559,0.5073930907176437,0.34849250121556885
33931,83,82.94034399283306,93,-0.022189574115173652,-0.012790154649875303,0.04769129306077957,1,forbidden_ground_contact,-1.7410959542447837,0.10154905645622081,0.7265775923939563,0.4412326842508675,0.3497127701331312
34091,84,182.24488817276372,160,-0.030264083876676926,-0.013235316541295028,0.0422852523624897,1,forbidden_ground_contact,0.3685796905789473,0.14037429590191255,0.6738920374583266,0.551478566825508,0.3403481589681685
34210,85,143.68034337963292,119,0.003878412319131946,0.005779360787860919,0.06012631952762604,1,forbidden_ground_contact,-2.4988641967110823,0.14239041500074115,0.6663570298816291,0.7281488254070324,0.3373359442883959
34310,86,77.96486337724325,100,-0.008863995248647286,0.0040576310881731085,0.05909234285354614,1,forbidden_ground_contact,1.2226798162837313,0.04446377728443525,0.6485717899972993,0.7868036897517184,0.40886935414976877
34818,87,793.599584342388,508,0.05854389653148729,0.012100189052239013,0.04803798720240593,1,forbidden_ground_contact,-1.166689112197478,0.1586135722858615,0.5961373946015504,0.42283047958656494,0.269299283522915
35313,88,674.4077185395023,495,0.043035409830501456,0.008090452586410028,0.06847263127565384,1,forbidden_ground_contact,2.753946322029189,0.14513508877286005,0.5881356192965255,0.5410360745295402,0.3421738420887632
36513,89,1379.7248488054504,1200,-0.05327483797350786,-0.00495934795078649,0.06641649454832077,0,,1.1986600464338995,0.09709113103094093,0.7232241010046873,0.45983555579312774,0.32143203381926766
36993,90,462.81193010359635,480,-0.06980132974517181,-0.011940860955741,0.04028568044304848,1,forbidden_ground_contact,-3.8989716622354025,0.1307869289420505,0.6735232096273305,0.5505319684700332,0.3167871326780101
37181,91,185.5413053755122,188,-0.017211415030475043,-0.010393390477082144,0.041948940604925156,1,forbidden_ground_contact,-0.44866191009079476,0.09591656767406419,0.7317877929345591,0.5618813182660752,0.33466851895721844
37307,92,196.87423011520588,126,0.01536768504030045,0.016631617322829282,0.03529805690050125,1,forbidden_ground_contact,-0.8259566489887871,0.17572577827512437,0.5034847513823041,0.6656909972612384,0.3351268655559805
37496,93,234.51879519253657,189,0.011742600168830025,0.00674685952737262,0.06283117830753326,1,forbidden_ground_contact,0.9111253723718766,0.11176435944302517,0.6200702237467104,0.534725825530661,0.3253994169937689
38030,94,541.9629318567168,534,-0.04341911267386779,-0.005382630465393191,0.06475206464529037,1,forbidden_ground_contact,5.294314685977338,0.07857996319522094,0.7001121720753761,0.5829802233785915,0.316085411590925
38127,95,86.5557470403188,97,-0.02583970572819528,-0.03143662852720516,0.051569223403930664,1,forbidden_ground_contact,-2.564083000357769,0.13116453173623227,0.789837543968952,0.5229602894102297,0.3240666800242852
38187,96,72.40041098973221,60,0.016356633185389283,0.0311011982716169,0.05114763602614403,1,forbidden_ground_contact,0.8141257452889726,0.057313390739016784,0.4941432678059466,0.5662118719413344,0.262292261963486
38772,97,632.3717185294845,585,-0.01931148750306522,-0.001989733559639342,0.035170044749975204,1,forbidden_ground_contact,6.237703052776255,0.10009850129906953,0.5943729176300822,0.5626979046187784,0.28340072532905325
38879,98,74.42893893014856,107,-0.02090212819249559,-0.025274876669166488,0.06923923641443253,1,forbidden_ground_contact,-0.22946199317404198,0.043549864522773145,0.8468521164246046,0.4356460896993678,0.30619032552584874
39086,99,225.87065716500697,207,0.0033681093391765473,0.0052549261557671935,0.03902609646320343,1,forbidden_ground_contact,3.478755280722375,0.057539359760415215,0.5863227510836558,0.4737321947514437,0.2976488384203022
39512,100,481.12946882204477,426,-0.045902297210618434,-0.01183226775318209,0.062179774045944214,1,forbidden_ground_contact,1.7572804761446592,0.08156481134694525,0.6551382938843691,0.5145058182939054,0.3315989517217333
39641,101,126.06691842468975,129,-0.03376460038968372,-0.027636161314569998,0.04888225346803665,1,forbidden_ground_contact,-2.492240708126099,0.1024833522924109,0.6760290877069761,0.6644958676041964,0.3132857989304261
39704,102,51.503030702313694,63,-0.01305977507057893,-0.015820392742055295,0.05677920579910278,1,forbidden_ground_contact,1.4285299200320025,0.12958384452653735,0.7322848854817233,0.6377535248271481,0.39919635024799416
40070,103,403.66525675488776,366,-0.009596053523861291,-0.002409711160177023,0.06554014980792999,1,forbidden_ground_contact,5.333495990274964,0.11636263246003907,0.6467225702438661,0.6420973239050972,0.3246361841672858
40306,104,212.40483813329178,236,-0.006750663561781528,-0.004571001313950087,0.058864861726760864,1,forbidden_ground_contact,1.570667042825744,0.07387994617798473,0.726738744585248,0.4586315007819553,0.2775798847818849
41266,105,980.3365089585003,960,-0.012154894235690158,-0.001454603861886426,0.04026466980576515,1,forbidden_ground_contact,-7.850446922253014,0.09133094520165695,0.6424963240466833,0.5979398091619232,0.2980683400902279
41909,106,675.57475907055,643,0.0075507080609946015,0.003687826978608256,0.05732208862900734,1,forbidden_ground_contact,-7.6516033795632215,0.10595364561106117,0.6006879972812701,0.594551344329326,0.32426338304618835
42281,107,516.0110644214807,372,0.03386438456358143,0.009332037360901484,0.05387352034449577,1,forbidden_ground_contact,-4.1107651407635855,0.14987305793466227,0.5484810632583098,0.6337557466747256,0.3876079895323888
43142,108,1307.4029182171741,861,-0.003321000558367107,0.0001395983009656963,0.0462900772690773,1,forbidden_ground_contact,-1.4959368015410837,0.1604229421174682,0.6202050956636388,0.4501550591493941,0.301035642951456
43684,109,840.2131064306978,542,0.05584463292597845,0.011362846248839998,0.042990267276763916,1,forbidden_ground_contact,-3.6690632764259363,0.14625324096458933,0.5227137790167581,0.5401334381002131,0.33466949395585727
43989,110,420.4798430369728,305,0.002344412282217349,0.0042557942516571095,0.04042069613933563,1,forbidden_ground_contact,-1.361295398321248,0.11069303365867632,0.5537487719552344,0.4631958724162299,0.3014821160436265
44841,111,1287.7579758672543,852,-0.004976072659282908,-0.0005819882243180404,0.03231056034564972,1,forbidden_ground_contact,0.2883510226547358,0.14607156283294653,0.5192788612286614,0.49804195237836607,0.3113469712044486
45049,112,264.4251340858985,208,0.011953366152379838,0.006742509334412108,0.04476570710539818,1,forbidden_ground_contact,1.0536060522936699,0.1026192468794668,0.5345079732073637,0.519532815152434,0.34960447798462013
45243,113,165.03198433334032,194,-0.000893552663281675,0.0035758127954890716,0.06585520505905151,1,forbidden_ground_contact,1.231325159042222,0.037323243190373605,0.6643832643775749,0.5523212547451025,0.33816414555837004
45478,114,269.1029396335508,235,-0.001634494406310353,-0.0005291540102466294,0.0668933242559433,1,forbidden_ground_contact,2.398177219154539,0.07235378364712866,0.5704708376030616,0.5061373199145915,0.33215965362096095
45667,115,93.50064616615168,189,-0.04813821079341982,-0.025927624126324485,0.041595667600631714,1,forbidden_ground_contact,-1.7369653208479596,0.04390460978144957,0.7720690661317147,0.6616969346872803,0.40647182178879093
46461,116,1191.4810938296825,794,0.0030860512680709134,0.0008899931879291545,0.05125286057591438,1,forbidden_ground_contact,-6.841789198003556,0.17909714129417717,0.5439762891342812,0.5579957684279038,0.30419702384877334
46720,117,200.41927701279397,259,-0.007702355617836546,-0.005508615066814004,0.06134122610092163,1,forbidden_ground_contact,-2.8497172446295784,0.06164621296801509,0.7621534681779203,0.549302464481634,0.3308521033692562
46864,118,97.76175360320333,144,-0.01331890996044041,-0.011587815152796313,0.06330029666423798,1,forbidden_ground_contact,-0.4055939440534532,0.05677744560724555,0.6906322692838316,0.7515720905016343,0.41021434494824416
47299,119,617.9267023130976,435,0.013689038611089735,0.0014230958310786834,0.03432512655854225,1,forbidden_ground_contact,0.3405156294443716,0.15241480465881,0.5736963078259779,0.6213409628616319,0.34352385580262995
47527,120,327.6543581339873,228,-0.001549893801293942,0.0005135662280160629,0.04196556285023689,1,forbidden_ground_contact,-0.7021100877166747,0.15599271865274728,0.6139415312714961,0.461449451488497,0.3280877855719473
47644,121,137.36860286825262,117,0.00859183014274674,0.00012759549672733606,0.06378223747015,1,forbidden_ground_contact,-0.23078029596267755,0.11526407100521587,0.6492964216283383,0.4059979432049101,0.322354934185393
48844,122,1615.1954472643608,1200,0.08027240536121032,0.0072327249682759874,0.04806742072105408,0,,2.4741113482752746,0.12580661803802645,0.5478022071499563,0.6053367325336461,0.3479653958801564
49046,123,203.15200660819247,202,-0.03106463368200652,-0.010373354425678853,0.05331127718091011,1,forbidden_ground_contact,-1.0021854158205818,0.11958008320218765,0.6633174846676669,0.753321311232722,0.39190980274629644
49126,124,109.42978924344438,80,0.0032275629518793048,0.006361557840215362,0.06780317425727844,1,forbidden_ground_contact,-3.1278498228213047,0.20133027897404926,0.6426582991868088,0.6024779236398841,0.3858670690228697
49245,125,147.83377106079175,119,-0.001472270247108741,0.008721004468547932,0.03173327073454857,1,forbidden_ground_contact,-4.4778664108595105,0.14009798460841882,0.608615162467556,0.6755836099605599,0.3744123013916149
49276,126,26.466971183128116,31,-6.995021065414435e-05,0.0101267313711663,0.05491436645388603,1,forbidden_ground_contact,0.10921303624649002,0.06533295087446446,0.49573047847300056,0.41419001747655043,0.395908853456687
49336,127,51.89951754843673,60,-0.006579582315483802,-0.012347154252278569,0.049165405333042145,1,forbidden_ground_contact,-0.6279208695513026,0.12647603002716692,0.8186510232781442,0.5221157731641813,0.3449383402727559
50130,128,985.8550705850831,794,0.01575939239795069,0.0006826282269033594,0.05585264787077904,1,forbidden_ground_contact,-1.8296638523283553,0.11439903402795312,0.615903208876879,0.6911158684742768,0.3506467291731484
50361,129,283.41610278816114,231,-0.01701163307852363,-0.010408255976895939,0.03781500086188316,1,forbidden_ground_contact,1.3603088025986114,0.14758913623536793,0.6149717460689563,0.7390610880766129,0.3626644075857506
50584,130,469.8689775665226,223,0.025323620870720605,0.008037742920500397,0.0449557825922966,1,forbidden_ground_contact,3.2551512050658693,0.2677114751878402,0.5202674356245922,0.22171283062730865,0.23271591846160772
51698,131,1228.3716425076204,1114,-0.005884767971945926,-0.000977349504504967,0.03209209069609642,1,forbidden_ground_contact,7.628603046639382,0.11269979685051652,0.5692610280071126,0.488849789617775,0.294592499249341
51826,132,220.34142405670022,128,-0.02242602082168467,-0.009266950553799244,0.031243644654750824,1,forbidden_ground_contact,-0.9518262453280285,0.20015542281485837,0.44421377184463234,0.7391711597069668,0.31347921173647997
51985,133,200.9185590483292,159,-0.006648423017669932,-0.00361030052571893,0.053057920187711716,1,forbidden_ground_contact,-1.4860581679503801,0.12408102354759726,0.6466744550235614,0.5957213554756462,0.32320459003327817
52426,134,546.3360700140206,441,0.02139601402231076,0.00666490445340089,0.06750129908323288,1,forbidden_ground_contact,1.3459903932418675,0.09340511533066952,0.5833480390747093,0.5590777454004763,0.3411700706490548
52653,135,313.59323400885813,227,0.04350864637662155,0.02089715729191534,0.06110530346632004,1,forbidden_ground_contact,-0.1498438405170749,0.10806146069045475,0.5326572415020755,0.624781125347547,0.3248114349845754
52712,136,40.36752565231748,59,-0.015032949792860234,-0.002404718461824281,0.046620097011327744,1,forbidden_ground_contact,2.1360951311232252,0.05914060337388437,0.7785652414593945,0.5674145729670574,0.3976840837564058
52814,137,78.68802784372761,102,-0.01846849357229542,-0.02505667062731033,0.06622340530157089,1,forbidden_ground_contact,2.654385297305973,0.06323860047801066,0.7029138558253369,0.7705602182074401,0.3641561047024666
53175,138,380.6805704154617,361,0.015797213468158804,0.006455280985325102,0.050239644944667816,1,forbidden_ground_contact,4.802834280969568,0.063948660286922,0.5906379797270018,0.765895760919264,0.321011916765526
53490,139,310.11508713156985,315,0.008605655668158817,0.004533742050174024,0.06316207349300385,1,forbidden_ground_contact,-1.7170166999573997,0.0546946194316708,0.6377047729393955,0.592829651376167,0.3166516541787266
54065,140,753.9199038595956,575,0.024587014093737022,0.004268149501005461,0.06453735381364822,1,forbidden_ground_contact,-0.2897105391053092,0.10880609905231647,0.5957497012584736,0.6437486913439592,0.31849664689375595
54480,141,509.33366436509084,415,0.009799052904366407,0.0054699867498536016,0.04963138327002525,1,forbidden_ground_contact,2.775493148423557,0.0995432950458139,0.5840618425095018,0.7750560750919575,0.33586415495664285
54877,142,474.4386215001307,397,0.019801449720439807,0.003969973435067417,0.032758112996816635,1,forbidden_ground_contact,4.76849031906703,0.08218673415782708,0.5412309834644422,0.6733097405610156,0.31827734926473883
55437,143,555.7409527071028,560,-0.026150724287977555,-0.006328698822412005,0.058218128979206085,1,forbidden_ground_contact,-1.019138464574451,0.06352726801996086,0.651390696822706,0.5841841930145957,0.30876915634030166
55755,144,401.02304936138984,318,-0.006002985439817785,-0.005176442632713207,0.057022418826818466,1,forbidden_ground_contact,-1.7390008387942095,0.132379171772521,0.6512117481409622,0.6260833395107868,0.339183147180736
56059,145,371.5137436378666,304,0.028493015525758572,0.007608733591232854,0.05936752259731293,1,forbidden_ground_contact,-3.267269238822091,0.08300100697589169,0.5899514780719725,0.4700091039942452,0.28921001720392414
56313,146,312.97133771586994,254,-0.01326032119397122,-0.004589360738942029,0.0494670532643795,1,forbidden_ground_contact,-1.0532776870323972,0.08754956265395801,0.5766463267925104,0.5766517614780091,0.33009956006203733
56754,147,536.4259381762577,441,0.005932041464151723,0.0038842681100993716,0.06600044667720795,1,forbidden_ground_contact,-1.1137253579910507,0.09981480853358483,0.6187126811102821,0.49415900599976614,0.28326375629853356
56857,148,121.65758169017404,103,0.03695755933928607,0.04492995736676647,0.05961443483829498,1,forbidden_ground_contact,-6.594701240613266,0.06454238605016768,0.4860095697122733,0.5551210158469398,0.39031075963187306
56924,149,77.4531652260704,67,0.0009351491010314056,-0.005635230594518864,0.06711933761835098,1,forbidden_ground_contact,-3.7959577509061413,0.16907242290580374,0.7319201547494804,0.3008080457060012,0.20223825595655304
57256,150,416.4748675996651,332,0.06648437833773024,0.020369405726164382,0.05170755460858345,1,forbidden_ground_contact,-11.067706332198352,0.11994561815789839,0.5391659161038882,0.6295454830149402,0.36965221060198405
57327,151,60.83485517320372,71,0.02328208749226366,0.046057493214862404,0.03292972594499588,1,forbidden_ground_contact,-1.8186906460969487,0.03639549044477746,0.6426213664486475,0.4396053578927081,0.24635143664044945
57385,152,94.02739022728161,58,0.02086588419472711,0.04974899870640421,0.046709030866622925,1,forbidden_ground_contact,3.0256081967720085,0.09326993199972028,0.31588214627738165,0.34332311454769904,0.26535402821189547
57493,153,107.31973440674301,108,-0.0010121560178613532,0.003564714079126783,0.03097429871559143,1,forbidden_ground_contact,-5.514910348558057,0.05964722132382399,0.5845939509383977,0.5530141169402706,0.34827048356158663
57755,154,227.9828411858179,262,0.00989990837318252,0.008040210610739338,0.03612636774778366,1,forbidden_ground_contact,6.269897272717161,0.052271178200381324,0.646870978780969,0.6183097956021814,0.3760951782611142
58523,155,880.8400594798575,768,-0.027615146607711638,-0.0029345237292955546,0.03150758892297745,1,forbidden_ground_contact,4.360165968024526,0.10336626068453762,0.579544208438359,0.7491223246198584,0.4404834952374858
58708,156,155.52508608117154,185,-0.04419806874634553,-0.027974229255029858,0.045434437692165375,1,forbidden_ground_contact,-0.23722541942181155,0.0630993258047757,0.6276617171752724,0.8137591285779278,0.4403701570258625
59028,157,308.8628203342125,320,0.010015375007036566,0.007956806280536327,0.060950446873903275,1,forbidden_ground_contact,1.1163280125332593,0.06732216747351044,0.5682644755899366,1.0061126751811604,0.4127229587165468
59169,158,194.14977572878314,141,0.03413691512672485,0.02522084366487027,0.030177980661392212,1,forbidden_ground_contact,-1.2779102945694405,0.11052728955809736,0.4623507476414532,0.6156657367059077,0.2895550280332857
59245,159,72.22079882464408,76,-0.019714949584383648,-0.03018848447102165,0.036467600613832474,1,forbidden_ground_contact,2.1806327815299773,0.10813581376379912,0.6605962196691135,0.5696908553105887,0.33153824909272483
59611,160,283.3815566219281,366,-0.01709051882802817,-0.0022505390671720984,0.052281077951192856,1,forbidden_ground_contact,0.6124562478868383,0.027551788341094237,0.6229203734353171,0.7944497771288592,0.3583998773947361
59671,161,98.87516390750213,60,-0.00028285719949784367,0.01667138194360629,0.03185180574655533,1,forbidden_ground_contact,4.022333535644026,0.254651794653691,0.5212723290974032,0.671340522900656,0.3565918813726912
59751,162,107.37541019902777,80,0.001643473425433306,0.016178565335159597,0.046849943697452545,1,forbidden_ground_contact,0.7478511712852697,0.13862646698699388,0.5420835084619715,0.643486293850617,0.3535324928884994
59846,163,85.83926171482514,95,-0.002872629007033627,0.005512357973593043,0.04697408154606819,1,forbidden_ground_contact,-0.9544333602322325,0.07530316228319588,0.6958865745168026,0.47449547372960665,0.3425681512025265
59879,164,12.288326989824723,33,-0.014731096337926039,-0.02500628418976064,0.04483684524893761,1,forbidden_ground_contact,1.6867098409910626,0.1104539237658107,0.8567045016542267,0.546665815767585,0.2896654702323502
60008,165,115.57175753153311,129,-0.006131111623020845,0.0029382953336231834,0.06734206527471542,1,forbidden_ground_contact,-0.3944875583174011,0.09379744824561409,0.73499275777955,0.5324426289926819,0.32179728352800946
60185,166,210.6372390618811,177,0.0008004004061695422,0.0104937050990534,0.044883180409669876,1,forbidden_ground_contact,-2.974769068981443,0.11402256553506786,0.5991955096701375,0.7253251738640923,0.4323606786776855
60315,167,90.42783462756768,130,-0.020907577742749584,-0.010964568947881543,0.056138694286346436,1,forbidden_ground_contact,-6.8147407220155936,0.10615140456613442,0.77163240515334,0.5033586946099884,0.3410934667403061
60640,168,415.1831066304601,325,-0.0253247196689779,-0.004607687205761115,0.061066240072250366,1,forbidden_ground_contact,1.5549858115160196,0.13672373945401903,0.6354299622093992,0.6758411340775528,0.3998994921160927
61191,169,513.5588003755556,551,-0.04028610165810527,-0.007348670484352047,0.06908189505338669,1,forbidden_ground_contact,2.1534207658405253,0.07018884824841613,0.6783551218665815,0.6461485483614589,0.3574625635520985
61280,170,97.34837782822623,89,0.030596334968647568,0.025074939227753758,0.06922712922096252,1,forbidden_ground_contact,-0.47570722706731006,0.06693820410131382,0.6244025391046947,0.690331226229564,0.3536622424311741
61451,171,160.4671387469925,171,-0.033649440037808814,-0.019690755293937146,0.06184646487236023,1,forbidden_ground_contact,-2.403288834083661,0.07740880302029447,0.7112853492247239,0.6103453437818334,0.2906871898182914
61702,172,331.8141061000873,251,-0.030015740542818685,-0.007536808690699254,0.04251565411686897,1,forbidden_ground_contact,-2.053963707612673,0.1209896660991273,0.5465816830024208,0.7640208540490633,0.3462042003788751
61766,173,29.49458555681125,64,-0.035037939456131574,-0.04801707963739236,0.06848476827144623,1,forbidden_ground_contact,-1.4653082874793177,0.06072680083185442,0.8694168373621416,0.6782494605473108,0.41508804626586115
61901,174,148.98874356456037,135,-0.04439563433725967,-0.03337920243672303,0.04967520385980606,1,forbidden_ground_contact,-2.7664316901535884,0.09263280647920863,0.6728402721262231,0.42789219762365216,0.34121105397911194
62113,175,233.94326627360863,212,0.033283470895099754,0.015227872002752269,0.0673845037817955,1,forbidden_ground_contact,1.143644963532705,0.047611288714657314,0.5796314452637247,0.5782026654176305,0.30366621149649825
62155,176,71.58972197581782,42,0.028468651382931164,0.08137406212874929,0.04245324060320854,1,forbidden_ground_contact,0.057131284917905485,0.0711282527873483,0.2530162828233038,0.6971475264164178,0.38687591177895136
62290,177,154.2765650516348,135,0.007108872570747741,0.011640955335398185,0.03193167224526405,1,forbidden_ground_contact,-1.9150821643117246,0.08486361374996695,0.6298250129470087,0.2908553791469748,0.27063008786156495
62438,178,175.43114100919257,148,0.0026868009899187312,0.0055084430278247755,0.05464747175574303,1,forbidden_ground_contact,1.1206852057484211,0.08027819713180445,0.5451068103448312,0.4856896013614633,0.281115274457081
62654,179,263.72848634527685,216,-0.008335163777236327,-0.0014237132121269955,0.03815082460641861,1,forbidden_ground_contact,0.4165652413705183,0.11273324440634311,0.5982222012670809,0.46793806171799235,0.31922879809624183
63328,180,956.9624755141133,674,0.01654115596543726,0.002026176026365037,0.03978017345070839,1,forbidden_ground_contact,8.186495762338788,0.15275767702645263,0.5335853201031348,0.45162384671640665,0.2396200882107388
63887,181,674.1969545513406,559,0.04837185279028678,0.008637187613037717,0.06911709159612656,1,forbidden_ground_contact,-5.350842489139903,0.10430598094211854,0.5931419120106322,0.5583298041854662,0.289615141071093
64188,182,330.54739688827453,301,0.014170633847134345,0.007070869387498815,0.05610978603363037,1,forbidden_ground_contact,1.0835304697281545,0.09109137793215163,0.6767470825054895,0.618642397294349,0.3300266043255373
64409,183,185.09526760017343,221,-0.028372236085718382,-0.007330335620438942,0.06167434900999069,1,forbidden_ground_contact,-2.6246194171025814,0.06827268289815416,0.7681314056244584,0.5820639766549746,0.3318319186761673
64510,184,121.25944054683042,101,-0.011247443018478175,0.000516330858370624,0.03450606390833855,1,forbidden_ground_contact,0.800669218246555,0.08979409615060913,0.5357445176007489,0.6036136277373173,0.2899025747439732
64784,185,294.77283009187227,274,-0.032978325068382705,-0.007157155737519503,0.05109583958983421,1,forbidden_ground_contact,0.18032960204926773,0.09110014244714658,0.6300562299348456,0.6677210695700054,0.3011111563269168
65128,186,455.19726266711064,344,0.03440208264510413,0.01074579268938749,0.06370742619037628,1,forbidden_ground_contact,-3.5105058697674956,0.10943010105075154,0.6167928696456527,0.43792942987170436,0.29384626743425885
65307,187,227.45952499512038,179,0.002097675683382632,0.004062562534650427,0.04382048174738884,1,forbidden_ground_contact,-1.3043656359526752,0.11739285900011942,0.6345890772621153,0.5549697990750628,0.31622447535991804
66507,188,1738.265769061083,1200,-0.022225749632120272,-0.0011463923444180106,0.06653902679681778,0,,-1.9203756145481135,0.14109284603538924,0.6546408969836027,0.4512745146726987,0.25779454759011455
66585,189,48.938560489287966,78,-0.013579520965708164,-0.022719742601524526,0.041213683784008026,1,forbidden_ground_contact,2.1660833178838454,0.05367731244781961,0.7551109023338759,0.5979055035055929,0.4557072973115784
66618,190,11.586728620969886,33,-0.006231876124566933,-0.014823227640374819,0.05882425978779793,1,forbidden_ground_contact,-0.9395601746689979,0.06495475276417335,0.8620707566359289,0.5150841857418746,0.4036116503998796
66927,191,344.57787137889335,309,0.027167301503141266,0.007272825435472617,0.05046068876981735,1,forbidden_ground_contact,-2.467935953206884,0.08068765384179595,0.676179646315181,0.5986198555352852,0.34613016585611334
67272,192,551.0448885903251,345,0.0617578024312531,0.017898398992723975,0.04171079024672508,1,forbidden_ground_contact,-1.2105955257651921,0.15760953835305622,0.5027308735068298,0.625297414144236,0.3925288780207967
67501,193,312.49122303058346,229,-0.008423297368812421,-0.0030860496829309063,0.03415664657950401,1,forbidden_ground_contact,-1.040070099549837,0.14746228864912975,0.6217835497675045,0.5480879589427199,0.4161848725510762
67669,194,212.53858989929967,168,-0.025581496514088628,-0.014187362345417868,0.06942157447338104,1,forbidden_ground_contact,-1.3895086056488084,0.15171455570679412,0.6642527918149775,0.6464574495130303,0.31063084410505076
68127,195,582.8861164037633,458,0.007736839002890038,-0.0006098331788880402,0.06802640855312347,1,forbidden_ground_contact,3.5871096481088647,0.10158484788507767,0.5763219353386432,0.6086240361906963,0.3164357008670978
68201,196,75.79553047857092,74,-0.029291840914165854,-0.041162173094375254,0.06200515478849411,1,forbidden_ground_contact,-2.614990135641652,0.1399763949690237,0.7312313281359214,0.513505722219687,0.3914143867522419
68317,197,105.73376184740765,116,-0.029598519655028212,-0.029548519502677548,0.03827401623129845,1,forbidden_ground_contact,3.3779782913731213,0.0936727953693529,0.6379307592545501,0.7020750538772127,0.4595348350264631
68407,198,122.08727487886746,90,0.034540153754102104,0.04087034902982031,0.05932222679257393,1,forbidden_ground_contact,-1.4286859178475846,0.118964409547419,0.594984982553498,0.4462975261748041,0.2850637591349306
68557,199,256.45316009628493,150,0.016198567480039724,0.010435417022568177,0.04885220527648926,1,forbidden_ground_contact,0.6019644618683251,0.19504198752976354,0.5220236649516591,0.5669052438057651,0.33116582188601573
68791,200,181.45340299855945,234,-0.006286526943370062,-0.0030545912597836986,0.06827521324157715,1,forbidden_ground_contact,-1.6004911100044232,0.031106408731794436,0.6798603962622483,0.6561095915365868,0.3439082147359693
68895,201,105.0001748512371,104,-0.02046404650135427,-0.018273036195016686,0.038869813084602356,1,forbidden_ground_contact,-0.32661972687302054,0.09502558065887702,0.7416268406717073,0.44495117507786053,0.3515444580377176
69201,202,436.58724322177676,306,0.025230549848204106,0.0062816197750715595,0.0310059804469347,1,forbidden_ground_contact,4.41954246558717,0.109759619075279,0.48386204155956714,0.5813935962012092,0.32860286631778207
69296,203,100.06814961741759,95,0.013393104675787403,0.008345028583486685,0.04343588650226593,1,forbidden_ground_contact,2.1130600569919613,0.07207068438941022,0.5290649610895628,0.6583783644564087,0.4192720827870833
69446,204,186.8778012289864,150,0.027483315798097287,0.014044876940391134,0.0316804014146328,1,forbidden_ground_contact,-0.3179296398604385,0.07537484103275718,0.5692711040394398,0.5702160549158077,0.32714703769305803
69690,205,346.2217675517386,244,0.014801643859949984,0.008323694114209362,0.041430775076150894,1,forbidden_ground_contact,-3.2218500470438167,0.13178793872158784,0.5129760005503632,0.7179088678368282,0.3382834917834307
69777,206,161.73505991265816,87,0.04629464859360207,0.05762499210967368,0.03136295825242996,1,forbidden_ground_contact,2.4429016610379954,0.14942089151584706,0.3532524715953741,0.5572799513888581,0.31175616811906015
70264,207,519.482012348358,487,-0.04156978704157005,-0.008098963017803322,0.05486182123422623,1,forbidden_ground_contact,-3.504101610304278,0.09846110671956612,0.6743642978658271,0.5761404392363794,0.32702389430664336
70571,208,187.23878834519056,307,-0.07511970898953857,-0.026013534284495238,0.03140421584248543,1,forbidden_ground_contact,-1.4148630104762574,0.045659706400471525,0.7574664286307651,0.661564272281667,0.317755509032394
70611,209,28.715127125728163,40,-0.0035938471913508595,0.0013968203720267497,0.03612852841615677,1,forbidden_ground_contact,-3.8359930425592794,0.03651828118013003,0.6229244447718737,0.5092165166437701,0.42658049604976805
70763,210,137.4266960425278,152,-0.01667227793091868,-0.012077308902313757,0.055481214076280594,1,forbidden_ground_contact,-0.5053112851623871,0.04645419945723378,0.6550471050002292,0.4979903989076743,0.3298341006009197
71011,211,217.0791173335724,248,-0.015281878456172845,-0.006170192736480591,0.06998765468597412,1,forbidden_ground_contact,-0.9418716204275054,0.05459661117668291,0.693468224808165,0.5878215824117394,0.33928759203811293
71107,212,102.709087483746,96,-0.031875585114245826,-0.03521750199813755,0.0592937208712101,1,forbidden_ground_contact,0.6905988886145934,0.14797381105093035,0.6818395157237446,0.7293140446072797,0.3309447345259187
71175,213,37.66049300247062,68,-7.79384037621633e-05,-0.008593957921769637,0.04196619242429733,1,forbidden_ground_contact,-3.300889482512309,0.059296600545948826,0.7257254968800211,0.5258481744538841,0.3290450433939633
71629,214,432.5597386568904,454,-0.089987979068099,-0.015756424863528542,0.06023971736431122,1,forbidden_ground_contact,-11.665880573614773,0.09160984913879573,0.5999452771603687,0.6427214776757645,0.3747907768879058
71719,215,55.96473270284992,90,-0.02350755341080899,-0.009049661132462871,0.06910732388496399,1,forbidden_ground_contact,-3.4140068805856636,0.04875100958970898,0.7380869640019322,0.7279013217402841,0.37059922075366625
71876,216,222.11057300672576,157,-0.01597509200422169,-0.002741911551477541,0.03798282518982887,1,forbidden_ground_contact,-6.077645252399536,0.15826675104971516,0.5799248756715124,0.3336019651282057,0.2694215705477591
71899,217,-9.455641026888923,23,-0.02050865525773891,-0.06244336482501955,0.06707881391048431,1,forbidden_ground_contact,-2.2316079776630517,0.001611370557689709,0.9931614099685958,0.74497976817265,0.4264202966713779
71930,218,22.410403261846316,31,-0.01949854005250402,-0.023848878918836382,0.054629724472761154,1,forbidden_ground_contact,-3.1141770022429522,0.16028772206897063,0.770358681386943,0.5678327114814452,0.2893284462791237
72009,219,102.3337133185623,79,0.0049509741255314745,0.02725862119194215,0.05550079792737961,1,forbidden_ground_contact,-0.8494334670489035,0.11645054521538668,0.5242338318448335,0.6069614032363102,0.2927943449361674
72048,220,50.4100368430479,39,-0.007647587487545454,0.017977912110663682,0.06652112305164337,1,forbidden_ground_contact,-2.0764213009275134,0.15487220202411295,0.6033823058865787,0.7027833700597195,0.3067721889178689
72211,221,140.56417705065576,163,-0.02467257854882765,-0.008087192282030036,0.06812173128128052,1,forbidden_ground_contact,-2.9101582589301764,0.07940358337362542,0.7124731602675384,0.599663970313481,0.3514025556571832
72307,222,44.47973114753655,96,0.00953498623578156,0.004152258214129931,0.062290336936712265,1,forbidden_ground_contact,-1.771195118590095,0.019790790437516814,0.7219059024450644,0.7608011461170566,0.345584988890745
72378,223,55.43157699437954,71,-0.010536314598040025,0.006302456888962193,0.0410538911819458,1,forbidden_ground_contact,-2.523387191430568,0.05798070979590175,0.6696500422491778,0.5375978295996491,0.27877900183163234
73284,224,1055.3306687202687,906,0.06657298687936081,0.008637521741603118,0.04538089036941528,1,forbidden_ground_contact,1.633692297670725,0.08406216554427565,0.5642334846559819,0.7181218100231607,0.3888345614094181
73951,225,721.2808946745816,667,-0.0011639885057371374,0.0010965836053630686,0.04060513153672218,1,forbidden_ground_contact,-8.675351537359886,0.08876560421388031,0.5957613302286585,0.65862877339316,0.37351560689590246
74001,226,85.7394857754035,50,0.02883650922664833,0.060855253167886675,0.037884198129177094,1,forbidden_ground_contact,-2.8295107156174226,0.12282630723129713,0.285110638367825,1.0448690128855607,0.4789343815318443
74644,227,863.9733620439647,643,0.11258992310014347,0.017132118884183947,0.044593725353479385,1,forbidden_ground_contact,-5.590231013812646,0.10807271896253855,0.5444019712963731,0.6836663255019283,0.3770349416467013
74693,228,46.18161894520896,49,-0.019593625416068527,-0.023043656312564623,0.0363590307533741,1,forbidden_ground_contact,0.32204286345533206,0.11400406420885824,0.7499432167807608,0.5094513169295883,0.30779363699852624
74986,229,367.916371496643,293,0.052942143073634935,0.017413692777744127,0.06768231093883514,1,forbidden_ground_contact,-0.8784419772568137,0.10946917289237497,0.6424162788700526,0.5961814316433067,0.39411206266642995
75089,230,67.2185724139694,103,-0.008750929318744657,0.005153984577541499,0.03673959895968437,1,forbidden_ground_contact,-1.897539214952977,0.02706599590727311,0.64843976105207,0.7638581831669548,0.3902225812636318
75260,231,253.222065221175,171,0.012933406896325026,0.008124173708844013,0.030873557552695274,1,forbidden_ground_contact,0.6478871847406372,0.11648974157347484,0.4962684437194,0.47047007263007273,0.36048848061412214
75645,232,399.2420174735098,385,-0.006932879381773161,0.0010281269996097295,0.043694011867046356,1,forbidden_ground_contact,-6.092196741736328,0.07118239470454611,0.6155887311308283,0.4825759529397699,0.2985748278190678
76551,233,710.8102005718785,906,-0.07084117895550758,-0.006605835079923911,0.0335349440574646,1,forbidden_ground_contact,-5.20858443823001,0.08076586439020307,0.623239659525431,0.46864350368732083,0.323977988123898
76925,234,425.0454682571579,374,0.00827848979955867,0.004653900272007881,0.04394388943910599,1,forbidden_ground_contact,-5.837099281930255,0.0849033997449034,0.612527651461592,0.5368452459939106,0.33671857711655834
77271,235,408.94083121998716,346,-0.004153974792042554,-0.0045952558188986645,0.05707472935318947,1,forbidden_ground_contact,2.1323395216662906,0.11765822110186888,0.6316692953992871,0.5878113351265697,0.3322151287282354
78471,236,1554.6857130669366,1200,0.021541605806294994,0.0014032843132412282,0.03606455400586128,0,,-5.105604407628498,0.12246882689773356,0.6064303270781145,0.5011293430675402,0.30416348025382384
78722,237,300.9197946065585,251,-0.0005484431119915714,-0.00022300971967100953,0.06237627565860748,1,forbidden_ground_contact,4.534808668055183,0.09984544944259986,0.6012429818407553,0.4734302581676327,0.33636649984530026
79321,238,621.8920132362673,599,0.04363223316701502,0.007152012459272648,0.0664159432053566,1,forbidden_ground_contact,-2.8651246411603664,0.07489627238139404,0.6862597925977084,0.5746712832127358,0.31572682263085855
79416,239,137.8958429281992,95,0.008903139653597172,0.015555837688297334,0.052571963518857956,1,forbidden_ground_contact,2.3297817922138715,0.16438053891204774,0.5860209568464161,0.4404249734352175,0.31144354341044783
79744,240,296.3625818642914,328,-0.03603765002221053,-0.01248339531154634,0.032616522163152695,1,forbidden_ground_contact,-2.297224544288997,0.08602197525669758,0.6755698044566808,0.5146350155307514,0.30963303638254847
79849,241,152.6092600808389,105,0.011296575595488339,0.010138495150396675,0.03897416964173317,1,forbidden_ground_contact,-0.19339232892880864,0.13987048322282308,0.564971082435492,0.4054747167380022,0.27603711634912403
79962,242,83.42822081643577,113,-0.02034052568691048,-0.02384896832495305,0.03361177816987038,1,forbidden_ground_contact,1.1729362149869649,0.06055319594205618,0.6953431752882466,0.6059443086730992,0.36234295295851654
80064,243,103.42670292629451,102,0.02037350752652587,0.020850191907528057,0.05689239129424095,1,forbidden_ground_contact,2.1422267276790468,0.042612414672438155,0.6428677799034345,0.4767224726679113,0.32025412520744484
80210,244,204.04594590650115,146,0.04067289363636833,0.03118946754971187,0.04188932478427887,1,forbidden_ground_contact,-2.6145032959307506,0.10772247788549699,0.4463543957034795,0.8454977454868442,0.38872813340350915
80574,245,439.7920263820548,364,-0.013920740755189637,-0.0036816441063892732,0.05653638020157814,1,forbidden_ground_contact,-5.912691958070336,0.12780322069440275,0.6054173137706791,0.628789707200318,0.34794906085789806
81261,246,1064.0125239961176,687,0.04001245751982163,0.0066061914479767355,0.04192909970879555,1,forbidden_ground_contact,-2.8469885912756236,0.14606651361066986,0.5124904565069477,0.5441275691945787,0.3121931042229981
81785,247,524.6584146985462,524,-0.09895051385331564,-0.018912748120068774,0.03995194286108017,1,forbidden_ground_contact,-5.796900891356762,0.09515371070231575,0.6328113114853533,0.7327120074563992,0.3489668067722538
82435,248,723.6850937583052,650,0.0430071329128303,0.0070747829268810215,0.06563056260347366,1,forbidden_ground_contact,-1.6557609462110434,0.09852353879684055,0.6057602729953054,0.6430033255180035,0.3350734776869258
82676,249,223.7694957957419,241,-0.0311088976126783,-0.01354566981324953,0.0620710663497448,1,forbidden_ground_contact,-0.9096992238931878,0.07692164734265489,0.7263668515666135,0.5629927087726624,0.3342634195163215
82793,250,167.08320411830593,117,-0.0006297865364395614,0.008706943848350699,0.05128956213593483,1,forbidden_ground_contact,0.2663575788457929,0.13321444283670783,0.5354250879900928,0.5076857630339439,0.4201376223584526
82902,251,110.87900605519087,109,-0.0031882676150186825,0.0034453714599519546,0.037934597581624985,1,forbidden_ground_contact,-1.8089378118347859,0.0606124397974102,0.6311105299544983,0.5702588994283149,0.48211471493785185
82925,252,49.23932515096839,23,0.02040898306543817,0.09807356556355382,0.03399692103266716,1,forbidden_ground_contact,-0.20808022301176993,0.1817913439683406,0.10617215812891016,0.5720869432160475,0.30621626101557775
83074,253,177.6946626399419,149,-0.027316392596382126,-0.01810128093799283,0.03008563071489334,1,forbidden_ground_contact,2.2230663580359318,0.11128599838466229,0.5040577561145949,0.7680538282977626,0.3822616965492754
83372,254,400.105098831718,298,-0.02356097135361404,-0.006351490755694294,0.059950653463602066,1,forbidden_ground_contact,1.8580590173144327,0.13431631154968157,0.639500370596099,0.47567980711483476,0.2706397442913006
84055,255,887.0940707846539,683,-0.013446830018846065,-0.0024637654292222837,0.03766189515590668,1,forbidden_ground_contact,-1.6791444000653295,0.10684616521142432,0.5824442532793879,0.561352783087712,0.3409132231192888
84294,256,412.40151800606964,239,0.026893156555022505,0.01213519047163102,0.05467494949698448,1,forbidden_ground_contact,1.399676252366454,0.17843838283377217,0.5199790015999615,0.472969023192602,0.3320892382814594
84682,257,414.33014752835,388,-0.018876567484486736,-0.003997563575510639,0.06192397698760033,1,forbidden_ground_contact,4.262231065265473,0.0704545477630034,0.6771149512332558,0.5564749641072754,0.34263557315175225
84819,258,195.75222063716586,137,-0.01265103836281338,-0.006366288252885726,0.03692764416337013,1,forbidden_ground_contact,-1.3513076494408396,0.17629705833333328,0.6568539191234986,0.4014601117608925,0.3215147596137325
85201,259,535.113345185178,382,-0.004617094435966033,-0.00026583396512380096,0.06857234984636307,1,forbidden_ground_contact,-2.9871011254963724,0.14568158988035218,0.5944684517882171,0.49407829203022985,0.3032486841680351
85597,260,600.6027046827664,396,-0.01063579860732357,-0.0022645798338102765,0.03660571202635765,1,forbidden_ground_contact,-3.7860935221664715,0.16127062438325185,0.5860223361515453,0.36547488817117363,0.2806010580598057
85759,261,214.72245728355333,162,0.019729849183296087,0.012536895789520863,0.04515495523810387,1,forbidden_ground_contact,0.7130689705116318,0.1075472564258458,0.5742933997798189,0.3419422312575468,0.2506720083639529
85834,262,98.59390057174251,75,0.003538737409228213,0.009523782069117826,0.03523513674736023,1,forbidden_ground_contact,-1.23235717490652,0.10352917386101797,0.601202621964111,0.4265768565534508,0.2375302194884516
86265,263,649.4577979487735,431,-0.0011344749085782056,0.0005813614908442984,0.05714154615998268,1,forbidden_ground_contact,-0.06256527685636804,0.1710115708118122,0.6389739333017252,0.4125266893223555,0.2716232356143219
87129,264,1270.2656687355548,864,0.03937217783058079,0.004560288595371342,0.034453295171260834,1,forbidden_ground_contact,-1.1183159747222509,0.14534672846002972,0.5748342070588868,0.4772569504796949,0.33691753634879434
87707,265,611.0932902347166,578,-0.007306365699863343,-0.001237152582401652,0.06183624640107155,1,forbidden_ground_contact,2.1746441127785596,0.07106569595212181,0.6841977266988862,0.4344866444307239,0.3343051517951145
87918,266,248.29188562034756,211,-0.0005915263392608128,-0.003380621787872561,0.054176390171051025,1,forbidden_ground_contact,4.942399679744233,0.12010915589626002,0.7085475470872672,0.44371165352063746,0.3502207582308373
88006,267,115.28180874164431,88,-0.010909517787052592,-0.01328176859377045,0.036402128636837006,1,forbidden_ground_contact,-0.7492665125943205,0.14103971423017497,0.5669955090020191,0.5353653058814509,0.3936954064787929
88095,268,81.60745128941925,89,-0.010254819088781415,-0.012656800964993845,0.03862464055418968,1,forbidden_ground_contact,-2.366792905070845,0.08602643386506842,0.6270936012972084,0.5645789399105443,0.34475696921867754
88278,269,165.24037042308132,183,0.03169302875323542,0.016112339220110166,0.0691097304224968,1,forbidden_ground_contact,1.7991534730852825,0.07087687788946324,0.654337901066531,0.6465253132853135,0.3286397787681548
88531,270,307.4019192888629,253,0.023775203525982946,0.010036405373207363,0.06190298870205879,1,forbidden_ground_contact,-0.08628025851317418,0.10017045845937828,0.617390909534277,0.5271838435711765,0.37015996775565857
88583,271,3.0021763467193647,52,-0.031563089959446435,-0.052749937552812806,0.0367957167327404,1,forbidden_ground_contact,-1.6944656491367254,0.009378984267127681,0.9554468957699308,0.46641885719964915,0.3151092348467187
88639,272,17.758900591678504,56,-0.026385133357376186,-0.04190625183445601,0.06778766214847565,1,forbidden_ground_contact,-0.9516496564289538,0.031104005914114243,0.952452110660177,0.39304869503104084,0.27344369215900144
88752,273,145.38100810888642,113,-0.03007606408605116,-0.030456513931479173,0.06471056491136551,1,forbidden_ground_contact,1.688768478205185,0.1742807057186595,0.7138115249648327,0.35549018395809173,0.3141542984547985
88860,274,139.01752440879844,108,0.0006980113744930226,-0.005273854417097123,0.04370049014687538,1,forbidden_ground_contact,-1.6658914833485359,0.12015845494004279,0.6094457286128347,0.5252757455534566,0.3926446284699984
89227,275,557.8577229595865,367,0.03977446804446365,0.014907104672884275,0.05858335271477699,1,forbidden_ground_contact,2.258396833914879,0.14200608021341338,0.5837167394084358,0.43701581730617306,0.3087750608991452
90341,276,1393.5557040840642,1114,-0.049130438645666796,-0.004873775702490587,0.03601041063666344,1,forbidden_ground_contact,-1.2173980995990106,0.10819066755547015,0.6170743354494544,0.48321540718643996,0.31313992892756287
91439,277,1191.0195357203334,1098,0.022204802327735904,0.002353983953055634,0.041542064398527145,1,forbidden_ground_contact,-3.396678829750979,0.11075301541146697,0.5927258434850653,0.5394703432474224,0.31055530275540855
92075,278,527.0769790594818,636,-0.05286018238336539,-0.009150861455457506,0.06272555142641068,1,forbidden_ground_contact,-8.630274927836997,0.10093575076612124,0.7188696053492368,0.6239200717886098,0.3586842238617779
92394,279,264.1772496552083,319,-0.004072964041418846,-9.283668749488261e-05,0.0618131123483181,1,forbidden_ground_contact,-1.5217531206469934,0.06234911006302538,0.6694580993858481,0.807978405646061,0.3794797556289064
92712,280,367.73465880693294,318,-0.044337795851281364,-0.014922937850423644,0.037835560739040375,1,forbidden_ground_contact,-2.4691986655093205,0.11786104877717428,0.5911417091131663,0.6266982672230137,0.3768385248437739
92890,281,261.55962331275737,178,0.03663424608593322,0.02461512716984791,0.049083858728408813,1,forbidden_ground_contact,-1.4684464285053926,0.11967877408533034,0.6094618890903446,0.48904807725045296,0.35146545780556554
93934,282,1195.8417637842256,1044,0.08834189430843296,0.009908956846665502,0.06732232123613358,1,forbidden_ground_contact,-4.921403265183491,0.09567726621374707,0.5963291312179093,0.6789174763099871,0.3820252441247884
94451,283,556.1927917215957,517,-0.0033532353908009554,1.977429156857e-06,0.06584175676107407,1,forbidden_ground_contact,-1.3603588819458052,0.06437184208013391,0.6817481114963287,0.5393751656474087,0.33142223066918486
94685,284,267.7331732595465,234,0.03904768472754627,0.018208957131545633,0.06399047374725342,1,forbidden_ground_contact,-1.477634853374302,0.06380437523903378,0.6111012447324814,0.5122457774848214,0.33937182281631245
94814,285,180.95705756188252,129,0.010382883690953318,0.00792478713703812,0.06011760234832764,1,forbidden_ground_contact,2.3777892321594645,0.13925756723389604,0.6669259028082142,0.41145439060815336,0.2484628621166792
95237,286,612.77806143691,423,-0.0029597855181403843,0.0019798635102511257,0.03266824036836624,1,forbidden_ground_contact,2.4790205034859065,0.11495768520658393,0.5173115327555562,0.5328191569739587,0.3097258712442122
95793,287,688.6122116643878,556,0.02877815083221605,0.006096504885191961,0.04944983869791031,1,forbidden_ground_contact,0.31335152653382975,0.09956271116900038,0.6116190541337732,0.5579357223817393,0.31572391893342894
96604,288,1260.7722250829272,811,0.11718030017961555,0.015454786552778552,0.05537435784935951,1,forbidden_ground_contact,3.531586742171821,0.14231773117831367,0.5422226988634107,0.5750274505541249,0.32932405636907996
96746,289,275.05531204615636,142,0.05505449158724142,0.03869342528898692,0.03402988240122795,1,forbidden_ground_contact,0.3824365875042523,0.1889972866499634,0.35278724414146856,0.48525346249080287,0.31399070444684246
97231,290,566.3600279905874,485,-0.008520482395246925,-0.0027027523967894165,0.04508141055703163,1,forbidden_ground_contact,-3.570874787621901,0.09973259048718545,0.6049019615966114,0.6828817166506159,0.36454697329521296
97402,291,217.0096341801161,171,-0.0004569691009165145,0.001327485570970899,0.04330581799149513,1,forbidden_ground_contact,-0.1815706620735124,0.12242131493346303,0.6288524069955085,0.5237206178424733,0.34307064834107637
97827,292,617.7252587664262,425,0.032191665811373005,0.005079589451185856,0.03860766068100929,1,forbidden_ground_contact,1.8812690176352815,0.13179015123616988,0.5527890699180744,0.6182732769284908,0.37700021915138404
97882,293,47.042334647343246,55,-0.0019096553176883887,-0.005657442605242775,0.06720741093158722,1,forbidden_ground_contact,-0.18110638296727566,0.07593099115250737,0.7446938318493526,0.47407453672485,0.352374949443364
97971,294,79.76780564837117,89,-0.019451027198637838,-0.024665220997947306,0.05617201328277588,1,forbidden_ground_contact,2.163737810704087,0.0987813595698406,0.7787249016402045,0.45719157366770774,0.2914448449139531
98024,295,15.395560617251515,53,-0.00026903064225265033,-0.001536545341739109,0.060871854424476624,1,forbidden_ground_contact,1.184552912300909,0.00014942033249946534,0.7816501762168611,0.46752913502088983,0.3562361628085423
98117,296,158.11051729113248,93,0.030236474352721827,0.03346881020008531,0.05432932823896408,1,forbidden_ground_contact,-0.8394225019119765,0.16392136112880815,0.4953808731179138,0.6098160147416982,0.32434076760789055
98146,297,27.471012918434624,29,0.017958103630904935,0.07159117359729125,0.0391201451420784,1,forbidden_ground_contact,-1.5938897705067043,0.026886152305082733,0.34869290095279337,0.6010204413507734,0.28000035093032305
98244,298,112.58029739224484,98,0.04354104023850255,0.043228288443338744,0.049018025398254395,1,forbidden_ground_contact,3.697407059734837,0.04868657959645123,0.4465295292741899,0.7798596324079743,0.35850825465477676
98312,299,99.89424399691825,68,0.013052318028652402,0.006275397269345144,0.0510430671274662,1,forbidden_ground_contact,1.4468255285662575,0.19804524020547526,0.6252221424762977,0.45648219860189077,0.2725062993242206
98508,300,310.24702777805,196,0.029538005713424704,0.01741854325327781,0.05951359122991562,1,forbidden_ground_contact,-1.2117322068945777,0.18522818453682827,0.5647168330526802,0.665053890689856,0.3453246837658261
98536,301,-3.828152115713282,28,-0.007474014381829022,-0.03563983376703234,0.04370256885886192,1,forbidden_ground_contact,-0.7427924593562932,0.005627070438864094,0.9805010905748571,0.3852314705621267,0.29555731100828014
99264,302,1029.3761479486022,728,0.03931572672361465,0.005674500963340324,0.05644293501973152,1,forbidden_ground_contact,-0.9932932650741076,0.1372736622874476,0.580931009801657,0.611451659361184,0.34104922063302034
99315,303,43.526636876226625,51,0.011472587947501216,0.0006139137074838222,0.04393093287944794,1,forbidden_ground_contact,1.1904312261829724,0.1268428785025672,0.6457360937230742,0.46658702314596767,0.24679132809257628
99473,304,115.21600291127098,158,-0.014515756875282572,-0.014531078742803691,0.04438301548361778,1,forbidden_ground_contact,-0.3177745505691117,0.06820972738858012,0.7372117187548897,0.6391503052018427,0.38682353893924987
99550,305,58.459093683845154,77,-0.008862221100827482,-0.01421292250094929,0.0396416112780571,1,forbidden_ground_contact,0.8136773340955121,0.10800540095880701,0.6997572047704246,0.8266648556094603,0.4960223469013592
99744,306,228.48057309719673,194,-0.02115864954877177,-0.014355249329049536,0.037377890199422836,1,forbidden_ground_contact,2.5519678939732477,0.10992929838309425,0.6187097711792872,0.5332668226183633,0.3802150887672382
99957,307,269.1496034531426,213,0.010392913746980675,0.003063941042085211,0.06758106499910355,1,forbidden_ground_contact,0.3923313582996315,0.12523188112070457,0.6584030448310043,0.6469633550340528,0.38549837443458557
99984,308,6.747713433796797,27,0.008515059535620546,0.05585584452169406,0.056211426854133606,1,forbidden_ground_contact,-4.803761305695927,5.7223120164687935e-08,0.42729348407978207,0.8452368932399771,0.31225467073737945
100117,309,127.71527443732977,133,-0.004798967767652476,0.005984339919872396,0.03290773928165436,1,forbidden_ground_contact,-2.9005074489121405,0.04829565541281431,0.577000785553029,0.7543720843254524,0.36001860833119537
100274,310,157.70002438020538,157,-0.01814228212833388,-0.010868742874015517,0.03756869211792946,1,forbidden_ground_contact,0.9462424945038048,0.08656339287864596,0.6297280424358385,0.5621302671760975,0.41934211283060163
100327,311,71.51298962101625,53,0.01646949577966382,0.027467102236937064,0.04796271771192551,1,forbidden_ground_contact,-3.330178254033638,0.09339928117308487,0.42370112916727204,0.5635181341520762,0.2853947788946505
100447,312,88.33476338872205,120,-0.010197831877957107,-0.01270824954878699,0.05296800285577774,1,forbidden_ground_contact,-0.6783894090807038,0.08830297999912316,0.7445345931668719,0.747512741398429,0.44465675125090376
100498,313,48.57127759118903,51,-0.010345715217628827,-0.004855988212797419,0.0403343141078949,1,forbidden_ground_contact,-2.3791110444394614,0.10352845040803586,0.7695042148605078,0.3099347522326008,0.3573847529106342
100610,314,139.4615813191697,112,-0.017719941990660196,-0.0037766459067143346,0.03388530761003494,1,forbidden_ground_contact,-7.387977056730843,0.18480760009924221,0.6058856076406043,0.43996924307742163,0.3502199436443833
100834,315,209.6625518595974,224,0.045814515508564385,0.015484134288618289,0.06986111402511597,1,forbidden_ground_contact,-11.008951107496147,0.09543407827378743,0.5590437280281387,0.6236947094585774,0.392827419778127
100895,316,59.95823335872371,61,0.00868617346191481,0.03410600830453563,0.05166219547390938,1,forbidden_ground_contact,-4.4157826829231475,0.06410356350083923,0.5537511026893108,0.8249022924151529,0.3332847536432382
101701,317,674.9456848169284,806,0.04065648499185895,0.005887866635703828,0.03016067110002041,1,forbidden_ground_contact,-17.758952546495635,0.09249085170077742,0.5203877634778878,0.8335310795499841,0.4090390883131684
101845,318,176.94346507437245,144,-0.0044904784332594275,0.005524884416845595,0.03706972301006317,1,forbidden_ground_contact,-5.935581229190179,0.13241127630561214,0.5700169410850869,0.7576856596407614,0.36032002865967383
101944,319,127.60620585225398,99,0.005478361796622786,0.027135971365807043,0.03064591996371746,1,forbidden_ground_contact,-4.11093479374129,0.10128449130409517,0.493190164408186,0.5078195759365459,0.3119043010214609
102313,320,368.50022906365376,369,-0.012441131733924974,-0.001624419960296931,0.0349731408059597,1,forbidden_ground_contact,-4.002569567440504,0.12221828853910661,0.666405146279033,0.8589547332475285,0.4520595973406486
102512,321,247.89462312092255,199,0.028093079946059696,0.016647619918195997,0.06772666424512863,1,forbidden_ground_contact,-3.2468693064694327,0.11976475908789988,0.6163716396407726,0.48708610527960927,0.33403730352403865
102676,322,164.38770698474787,164,-0.012867696849362474,-0.006244155149979196,0.05770682170987129,1,forbidden_ground_contact,1.4240000045187824,0.08593781394847466,0.6763750356179737,0.5657074791704368,0.3982280248964759
102910,323,263.30774673703837,234,-0.00916803564451511,-0.0014123338614807507,0.06567031145095825,1,forbidden_ground_contact,-3.8267974455781446,0.12816268587628565,0.6344066997120279,0.5125811538390298,0.3110939081894308
103041,324,115.5168586068036,131,-0.01841938939091767,-0.021439120573223946,0.05704060569405556,1,forbidden_ground_contact,-1.4873115228622709,0.04191455668084733,0.7120737721629189,0.5330026259679367,0.3494284421222118
104241,325,862.4649721207726,1200,-0.028849301342606902,-0.002083922937684336,0.0687391385436058,0,,-10.865971068131268,0.09812867387520159,0.625241849107888,0.6693410019341316,0.3510271730000337
104385,326,229.4154847680624,144,0.03374290055351201,0.025443576610953787,0.047903936356306076,1,forbidden_ground_contact,2.777242766463632,0.16580192740926694,0.5097138357237179,0.6667486601922843,0.37419295755390336
105325,327,1013.1179330278566,940,-0.03650297347604461,-0.003626099162328141,0.04932716488838196,1,forbidden_ground_contact,-0.4210123344490962,0.08885122014825211,0.6324438859273182,0.6412153390239776,0.3126506933222553
106189,328,867.7783816244597,864,-0.11079192236972468,-0.013001301544639236,0.04316063970327377,1,forbidden_ground_contact,-6.619210687516786,0.0745991605662616,0.6114915596720499,0.6819595648863176,0.3380566984272017
106237,329,91.76235011720657,48,0.004820969930440213,0.023244881939677945,0.031076887622475624,1,forbidden_ground_contact,1.0012066244821278,0.21515800945491692,0.41591278911263346,0.3733943544781309,0.2950324179342544
106448,330,274.2647212359907,211,-0.00037334506138647205,0.001342806895997891,0.04042045399546623,1,forbidden_ground_contact,-1.3415803497881105,0.1122121047163606,0.6041816228700716,0.4554446601544154,0.2953728738742735
106733,331,319.93023282384723,285,0.028376607856192948,0.008874375847300867,0.041436612606048584,1,forbidden_ground_contact,-2.057118263335182,0.0750983457779514,0.5477540905728278,0.5923015854866441,0.3197146716546534
107068,332,341.3274683769519,335,-0.025600355065112376,-0.006577301265643753,0.04859281703829765,1,forbidden_ground_contact,-2.4333316151985396,0.079989669008959,0.6715464711341594,0.5959323792110365,0.3755130565188458
107429,333,499.62556352907023,361,-0.001562770746783554,0.00016666656094220964,0.06184688210487366,1,forbidden_ground_contact,-0.15092341198666398,0.15168112081432245,0.5944646907962459,0.6849917507060926,0.3897506437689472
107761,334,305.7196852217243,332,-0.0028512400857158065,-0.0026632076915740787,0.037887781858444214,1,forbidden_ground_contact,1.1409217938524499,0.04204720215238964,0.6129396694820616,0.6421011322773461,0.3977402841590379
107878,335,135.74046983210084,117,-0.0023607786987581807,-0.0016751281413275021,0.046682119369506836,1,forbidden_ground_contact,-3.426441162343583,0.1112709865893159,0.6602802888004102,0.3130571997209976,0.2515782201920461
107985,336,112.37352096026027,107,-0.007481860800365668,-0.00029293184448088986,0.03590834513306618,1,forbidden_ground_contact,-4.737494238223952,0.12021746464954608,0.6001872553320138,0.5266203759405534,0.36221448205600276
108248,337,387.55249457734885,263,0.024628028691596908,0.01013782209137528,0.04067545384168625,1,forbidden_ground_contact,1.629881650578835,0.13990479517282062,0.5605812023279717,0.5591141111834034,0.3129388611237943
108359,338,170.14305323440922,111,-0.015995721691168543,-0.009643949293889108,0.06517664343118668,1,forbidden_ground_contact,-1.7908350513966322,0.1698141916775234,0.49579460670253,0.6638207780885662,0.2775211919725946
108951,339,773.2405474915284,592,0.01712145280882898,0.005127365197557575,0.054828204214572906,1,forbidden_ground_contact,-4.639167091794477,0.12712445691012786,0.5970001348201217,0.5833290068277662,0.35661608773633696
109062,340,138.0013678618199,111,-0.020762374199532266,-0.013249285353717789,0.05626789480447769,1,forbidden_ground_contact,-1.9065231185995257,0.1512159453309514,0.6964137315961327,0.5045654135733094,0.3220826105151652
109175,341,79.8729882944805,113,0.020559321950313438,0.017105541888163298,0.0336906760931015,1,forbidden_ground_contact,5.548192208455556,0.03419397064517235,0.6833995794691772,0.6995659578034241,0.3554826756326628
109431,342,426.43468495072193,256,0.0030470475125094357,0.007604547729690777,0.030848585069179535,1,forbidden_ground_contact,3.9322749370409307,0.20435526600970927,0.5050239468698167,0.7181217567896675,0.3630178179851847
109510,343,80.49478725835813,79,-0.018481958607375126,-0.005833063406467704,0.062032487243413925,1,forbidden_ground_contact,4.161387678109929,0.09375501396375568,0.6440208465618761,0.4295472542820887,0.2510155893054417
109763,344,265.67237038838397,253,-0.027560982725787445,-0.004564083478552387,0.03818826749920845,1,forbidden_ground_contact,5.261730872802294,0.106758776723699,0.6962726568661776,0.4794241270778017,0.3335811509187611
110135,345,432.35075721719477,372,0.024217119022736013,0.010821310484699243,0.06328006088733673,1,forbidden_ground_contact,1.0030335778860708,0.09244940801654553,0.6811529470247659,0.5196946245800144,0.2917653775191116
110244,346,129.23746006353184,109,0.019795194355360073,0.017057370296329755,0.047037288546562195,1,forbidden_ground_contact,-0.7568070960873039,0.0782817220487208,0.5694299279528192,0.6563318326584556,0.32825987725994266
110411,347,97.60249573500985,167,-0.028530821025535117,-0.01602292485713376,0.03657160699367523,1,forbidden_ground_contact,5.249269965720992,0.04612962152256865,0.7207290004773201,0.78560803103733,0.4021633680190018
110965,348,829.7093546670509,554,-0.0004131830367457836,0.000497232233767253,0.04014908894896507,1,forbidden_ground_contact,-3.6743658323474975,0.1641418701841579,0.5796211739188363,0.5287792186404576,0.3149794640288923
111209,349,359.7309827504539,244,0.02139168155050541,0.021417507814674316,0.0616898275911808,1,forbidden_ground_contact,-3.93808640736796,0.1321170307851524,0.5883752179934617,0.4496947479040658,0.2857843437112844
111421,350,344.34526043755153,212,0.0249152514328833,0.016730234770609993,0.04337325319647789,1,forbidden_ground_contact,-2.6222444941431964,0.14009088395122182,0.49809168944897286,0.462904876734165,0.28475286171600656
111625,351,200.04172732352558,204,-0.01733230443890065,-0.007210118374887116,0.06153352931141853,1,forbidden_ground_contact,-0.3631595893775203,0.06845143752555861,0.6862601291488809,0.6096097118737426,0.3409716351610346
111846,352,272.92222307869076,221,-0.02132801956487545,-0.009441135434046989,0.0662587434053421,1,forbidden_ground_contact,0.33340128226030225,0.10595352849499223,0.626993684972638,0.6110691497400474,0.3363825078067548
111946,353,147.83359514806864,100,-0.005922944095430718,-0.003278605335272762,0.042520713061094284,1,forbidden_ground_contact,1.3812917872895765,0.1963946245832252,0.6007613263033924,0.5845317115896611,0.34968581389624953
112304,354,316.08921966560416,358,-0.017754741814329813,-0.00561842399643266,0.038881782442331314,1,forbidden_ground_contact,1.5177023920268289,0.06499062247619222,0.6672066378288565,0.5235995697418184,0.3211642262632483
112406,355,207.1595591105411,102,0.014028573315996872,0.01800333744182936,0.06513623893260956,1,forbidden_ground_contact,1.0216990490562272,0.32162706302633576,0.5488034177741528,0.6071521496690272,0.37948921254639295
112520,356,152.40758397299348,114,-0.012014255373186152,-0.0042060018989887905,0.061420898884534836,1,forbidden_ground_contact,2.7779809259858324,0.11876194148298644,0.6170426123669865,0.46459808982459505,0.29504589207290055
112616,357,84.44779664344408,96,-0.002993264377643627,0.00016940413389618237,0.05363508686423302,1,forbidden_ground_contact,-2.5931456912623303,0.04348578502909161,0.6509178063884853,0.743340083729194,0.3774020836434016
112738,358,207.5358493552968,122,0.03321558218934629,0.03985934093218482,0.06033894419670105,1,forbidden_ground_contact,2.7839594504725937,0.1301213351510982,0.4085973703137216,0.6147223343771564,0.3264874253864266
113231,359,349.3591267773312,493,-0.1500016103493077,-0.03085168953793395,0.06463858485221863,1,forbidden_ground_contact,-4.9168198297237335,0.0626431196548077,0.723113324953461,0.8444200236400958,0.43404370977146456
113357,360,38.44036204644884,126,-0.06527122008919206,-0.05170645042667128,0.04416755959391594,1,forbidden_ground_contact,1.9497393428894598,0.011672541429810317,0.8670567342088369,0.5590311702708622,0.33453061769414066
113573,361,230.13114285900065,216,-0.0031639444474316266,-0.0003740390134318085,0.04098350554704666,1,forbidden_ground_contact,-4.966717521932272,0.0829829507872368,0.6233322151187337,0.5593926227174412,0.3325298571007578
113657,362,111.79583877971547,84,-0.028701670152818517,-0.030520454705424395,0.04401788115501404,1,forbidden_ground_contact,-0.927962444147395,0.1440876542569128,0.5850768814243971,0.4939591022599889,0.3400345405573016
113794,363,143.47343919206833,137,0.021732644645468157,0.02126545619484107,0.04829346388578415,1,forbidden_ground_contact,4.214195805149189,0.06849654416161093,0.596637467573983,0.8924247640284051,0.44055948750598256
113981,364,246.89548443425255,187,0.009116416948492512,0.015583760739439224,0.04579125717282295,1,forbidden_ground_contact,-3.4492153570434856,0.1038172427595807,0.5320192929808848,0.633674777089012,0.4093213708052477
114176,365,240.03742726709007,195,0.012761409947835601,0.009246173834178292,0.040661271661520004,1,forbidden_ground_contact,-1.7638286804781362,0.09269886227668674,0.5355713416180963,0.7194385338517892,0.41088649787612064
114366,366,192.32493248030448,190,0.015759020543672897,0.008867228407450436,0.04627891257405281,1,forbidden_ground_contact,-2.269169357508705,0.11054192135321986,0.6073265367018165,0.9128384948115017,0.44780458332432954
114455,367,64.98410709333399,89,-0.018398495072414707,0.0013565621660346161,0.0349690318107605,1,forbidden_ground_contact,3.3029530674792036,0.10613116582536332,0.6803379839718954,0.5948730174171007,0.3394543798045746
114567,368,70.21401553068823,112,-0.04619900556309495,-0.04363047355772579,0.05467312037944794,1,forbidden_ground_contact,-0.005610463177716145,0.07582688321306195,0.8406556136488569,0.6145116261118251,0.3834711876970953
114692,369,141.71378648745508,125,-0.0015299258686850736,-0.0018700299928771417,0.05902256816625595,1,forbidden_ground_contact,1.1195719416994974,0.1139218676541116,0.7251908099790856,0.5087395797894712,0.3230375039108985
114811,370,130.68825851600067,119,-0.04314259997006506,-0.034529001012033954,0.051504526287317276,1,forbidden_ground_contact,-1.750177780021983,0.1579471610458564,0.7266202708027808,0.6686958918073747,0.3767671183743323
114997,371,124.21474694063559,186,-0.008067648022241997,-0.006046462082359155,0.03172296658158302,1,forbidden_ground_contact,-6.583100789018893,0.03686211002961611,0.6844263289652516,0.7863265175443407,0.3937218600347939
115133,372,65.12717824959489,136,-0.01460463634628195,-0.021356657160137352,0.06683019548654556,1,forbidden_ground_contact,-5.6127835452943255,0.02468953428835325,0.7987343790345635,0.585274463278516,0.3288327644016067
115474,373,429.47979365318804,341,-0.05712213903013383,-0.018534222102439837,0.0323878675699234,1,forbidden_ground_contact,0.6098349098260298,0.1327662173064399,0.7155047083667654,0.3366203164858216,0.2878675664282973
115842,374,542.478648789014,368,0.05571495755657113,0.01559751520412949,0.03242647647857666,1,forbidden_ground_contact,5.2861254580680255,0.11727720962719237,0.46617114026781753,0.5742500359245117,0.3286483540990822
116370,375,620.1460657820688,528,-0.002371795972236884,-0.0018066309269962745,0.03629641979932785,1,forbidden_ground_contact,-10.107728298738108,0.0978688540376997,0.5559525147238209,0.5396257418711775,0.3296335772955423
116490,376,13.791904019291028,120,-0.05650518057000909,-0.04930583412497284,0.05637401342391968,1,forbidden_ground_contact,-2.5623688841396923,0.005547179678979788,0.9854661899413598,0.5883807246399108,0.34449227309025165
116854,377,441.68215661032406,364,-0.07240358068005734,-0.019940368919360754,0.033300720155239105,1,forbidden_ground_contact,1.1517456554293801,0.13472995070137378,0.660802794083097,0.5142128715314328,0.3163402822584014
117230,378,365.8471388416265,376,-0.0042626606310109776,-0.0016520839405210698,0.03521477058529854,1,forbidden_ground_contact,-4.312713639293654,0.07655987392943546,0.6768423492060396,0.5229794264383716,0.3357364783488359
117435,379,131.30617787056698,205,-0.043245623371839834,-0.020045648689803772,0.03827217221260071,1,forbidden_ground_contact,0.21131892662303758,0.04952083329717924,0.7895598705417572,0.3914910978766335,0.34096554909513793
117627,380,181.85559840095334,192,-0.02821231641008552,-0.011152308692196853,0.05770355835556984,1,forbidden_ground_contact,-0.5412912171169089,0.0722440794218618,0.6745158265904383,0.4968548156415995,0.36938359223142975
117877,381,313.9117820446018,250,-0.00429370736385543,-0.005140346053235973,0.04771796613931656,1,forbidden_ground_contact,1.4108028047182386,0.13164615452207587,0.654743986629468,0.4286285390401548,0.2757637589378065
118099,382,283.63043316883557,222,0.00792329506276245,0.0033163805729185354,0.04041687399148941,1,forbidden_ground_contact,0.03187657151691012,0.11508106265589291,0.6023302584298218,0.39038748570258636,0.28833405797473055
1200,1,1172.727931210072,1200,-0.0011676166302353843,-0.00010616615281629854,0.034581203013658524,0,,-0.04083616446521836,0.010485679378865055,0.9858130783505853,0.0007142408658631142,0.11763593775970195
2400,2,1173.4796942618007,1200,-0.0005964811325611093,-9.684177379702953e-05,0.03337777405977249,0,,-0.011088709668188592,0.010524905751952132,0.9859739484624761,0.0006646270323081927,0.11764088485289728
3600,3,1140.2419179665462,1200,-0.0009520737035997723,-0.00011242365941151029,0.05646644905209541,0,,0.02887560157860401,0.0035047198811901333,0.9918972712811012,0.000677341689844398,0.1177520389500863
4800,4,1151.5471520460817,1200,-0.00029184013968312615,-7.100818743242114e-05,0.04496736079454422,0,,0.023055252459802306,0.005891201768986656,0.9900296198711758,0.0006208344223425981,0.11781046417196524
6000,5,1152.6324943543887,1200,-0.0009447029385318126,-0.00010956502260233112,0.04667557403445244,0,,-0.03915405580927088,0.005967133177323172,0.9895689094962872,0.0005927723237197183,0.11770287054023032
7200,6,1162.784014333442,1200,-0.0005926796604450997,-6.151438838018594e-05,0.03630446642637253,0,,0.0054052070714354855,0.008391028314880528,0.9882110376748234,0.0006207069305315181,0.11801757228701779
8400,7,1144.7312510946251,1200,-0.00155392305003802,-0.0001457649422799269,0.05018123984336853,0,,-0.022071961800137173,0.004653439435129133,0.9910813038880498,0.0007018853564128093,0.11787650566006799
9600,8,1146.7240979422263,1200,0.001152028375848118,8.727027932860405e-05,0.05946822836995125,0,,-0.08356743804445978,0.004086834761250593,0.9908569947345457,0.0006225753893547614,0.11779471506302513
10800,9,1097.663806828697,1200,0.003077473583683903,0.00018058420534445795,0.05550354719161987,0,,0.18795364023811148,0.0237542829276171,0.9560725534442451,0.004249965285967913,0.12053613922658693
1200,1,1363.7452399996364,1200,-0.0008641857254285178,-0.00010974343157531614,0.034581203013658524,0,,-0.026788783589193135,0.048444378312936125,0.9393984243770641,0.00017440738532485719,0.11213454680973653
2400,2,1364.7089835840945,1200,-0.0005362287897516972,-0.0001042685739334029,0.03337777405977249,0,,-0.05246514117702506,0.04853346561760594,0.9397114322993417,0.0002982670748667581,0.11252202694580234
3600,3,1216.1871072542012,1200,-0.001307183995250429,-0.00011194474092326125,0.05646644905209541,0,,-0.011200785834757938,0.016928650149389234,0.9656335830012148,0.00016281647421592367,0.1123787775032887
4800,4,1266.1298246285241,1200,8.669931791683574e-06,-8.198564037104846e-05,0.04496736079454422,0,,0.02142341431900333,0.027855829787281686,0.9573549210462725,0.0005446635553799231,0.11288600959532934
6000,5,1269.3704844846693,1200,-0.0010325117606903198,-0.0001323679947683871,0.04667557403445244,0,,-0.08656510971780074,0.027915310850193994,0.9557654041813833,0.00020421295348623263,0.11196755852259152
7200,6,1315.6999900350852,1200,-0.0002128900680840906,-4.5640567860930326e-05,0.03630446642637253,0,,0.06680178591051263,0.038600046390750556,0.9494249378560278,0.00017242597264513013,0.11287234121292594
8400,7,1235.7347251744545,1200,-0.0010138894113256628,-0.0001227016998454943,0.05018123984336853,0,,0.020578980546097247,0.021461850040033436,0.9628363661129657,0.00016471319411604809,0.11239345757368197
9600,8,1216.051784520227,1200,0.0008177334154510963,5.161180991212602e-05,0.05946822836995125,0,,-0.23897536401667485,0.016011042593903416,0.9650386620608358,0.00016809350332779138,0.11255620369147486
10800,9,1559.808362067942,1200,0.025191205149715904,0.0011934294481690945,0.05550354719161987,0,,1.8238499410245987,0.10733528874846893,0.8033566569761752,0.01876290713796654,0.14519549630708628
12000,10,1839.685067375987,1200,0.16395266137534095,0.006698008133986378,0.06174728646874428,0,,0.7830509020483293,0.15801785681435856,0.7250158166272649,0.022895179499778984,0.17342795151903265
13200,11,1959.055689587137,1200,0.22166134280304073,0.009238751509961049,0.05163426697254181,0,,4.146507493219888,0.1774903089890101,0.5971078305040056,0.04497625256221296,0.22916434629065965
14400,12,2008.6878150312955,1200,0.023432090702428222,0.001285264450881923,0.039699312299489975,0,,-1.255241747573117,0.20027927409326338,0.6675909982283121,0.028975217292450707,0.22978362501796287
15600,13,1618.0691801846208,1200,0.128298594977819,0.00575140852407211,0.06589208543300629,0,,8.682636910260156,0.1584426693519059,0.6704474921691925,0.04138921647748031,0.26782888656373866
16800,14,1835.5082648842645,1200,0.4118549697944334,0.01587934745549003,0.05434964597225189,0,,3.2843382122184037,0.1445280865290464,0.5980505467568353,0.04944736833466552,0.22979522618734985
18000,15,1629.5467168111118,1200,0.10920034089543326,0.0046449196965926325,0.06385914236307144,0,,1.8587934564914297,0.12316290167114897,0.7004533726549208,0.04022575535861151,0.2837910588739439
19200,16,2185.9473444316727,1200,0.8592931375779037,0.03613624735339744,0.0552913136780262,0,,4.060676726128248,0.1679916183050554,0.537208709155225,0.05970676275911166,0.26228110238951396
20400,17,1545.5724617915912,1200,1.1518783668428287,0.049282929453968026,0.05741710960865021,0,,9.866565311277618,0.11274048616356014,0.4267752779218218,0.0939607209272559,0.26147176587857907
21600,18,988.213341098411,1200,0.19864964761928877,0.009193772521190044,0.06997687369585037,0,,20.992848863565843,0.1573252766123489,0.6055796637320722,0.05944648766945665,0.29162812984640435
22800,19,1595.548334779436,1200,0.36672981360800777,0.015059922269003993,0.06902382522821426,0,,1.2081853739868706,0.15548389170906712,0.5760793584664529,0.06306179953612506,0.25221476695356265
24000,20,900.1317788878874,1200,0.5444144395378573,0.025941827634822626,0.06017085909843445,0,,-23.85597303087559,0.09587909260464986,0.5879643490204907,0.06532334125141867,0.3004716901674666
25200,21,1331.8958534131878,1200,0.6052092395670258,0.025336285659143455,0.06408581137657166,0,,-16.968981723124106,0.117980828424745,0.541083036806114,0.08288612457332299,0.28123005995185746
26400,22,2223.757425597266,1200,0.6075270533969719,0.025021749553763108,0.051384031772613525,0,,5.60584554170041,0.18945922982980792,0.5284097670913531,0.0768907731050532,0.33567124851653707
27600,23,2122.4977882672106,1200,0.8167646533467195,0.035454449339294807,0.052742790430784225,0,,-0.8475781863842078,0.24237621670586756,0.4590709200814332,0.08547239837788993,0.3830536418484362
28800,24,2459.2245402056537,1200,1.1322419913548651,0.04646441987240009,0.03861980512738228,0,,-20.302285411339,0.26376354037631167,0.3273606376839198,0.10081571792846172,0.3304181562089382
30000,25,1461.610968514199,1200,1.3083944711761948,0.05571173101717926,0.05272669345140457,0,,-31.69870846816179,0.16636975427161074,0.3892089355924709,0.11135537812161722,0.28914077033767543
31200,26,1438.7524041043732,1200,0.7005370084373337,0.03144528828078557,0.06931948661804199,0,,-9.410507040338665,0.15221598856085478,0.5468827439202367,0.06911587965247361,0.2529620745436498
32400,27,1916.5505965833331,1200,0.42484914415222264,0.0170665696847089,0.06180929020047188,0,,2.954628398133393,0.15163391685116476,0.5993171937763351,0.0564012588767338,0.2884626471130906
33600,28,1803.3285099223663,1200,0.6565548309317788,0.02696802549020258,0.0432865209877491,0,,-4.39827327249898,0.1374513683414047,0.5134358925751543,0.0833441253967207,0.2929819624124361
34800,29,2185.805259074354,1200,0.7153637938353716,0.029309630767002978,0.05407987907528877,0,,-3.6996130424181626,0.18846602201532422,0.5028621325486411,0.07483268470703054,0.47437464565613635
36000,30,1885.6922342265023,1200,0.9349548748798295,0.04005816990157703,0.03508903831243515,0,,18.119206396399218,0.18971896212699615,0.40657486698394946,0.07729275802347149,0.373761248766909
37200,31,2113.8823822964287,1200,0.695579274989957,0.02811761317598353,0.06699849665164948,0,,-12.580968580207184,0.23352223500974817,0.5408831541417259,0.07540920027509339,0.3380440150611294
38400,32,2403.6911807541046,1200,1.1955596252377416,0.05090505300178488,0.03559150546789169,0,,10.184092453653589,0.22578803154832608,0.336071383333014,0.1062437552722664,0.3236361116575458
39600,33,2199.2836201918185,1200,1.3123612361070767,0.05585479801282428,0.05122893303632736,0,,10.120743851768834,0.1520607300788648,0.39898892586083845,0.10948501467591397,0.30774198026197797
40800,34,1381.5365881885662,1200,1.0758841150108935,0.05179336554302019,0.060590267181396484,0,,-43.76107184246484,0.1459329500711389,0.4252009919798608,0.08095178937738799,0.3214251752306346
42000,35,1509.2528636399927,1200,0.7009504892507349,0.028948104227095275,0.06748205423355103,0,,-14.152965909283896,0.1257080246398528,0.5377688132032574,0.09329575485629016,0.3130742201224645
43200,36,1451.452013441429,1200,0.8645803628666003,0.037859057690521634,0.052480366080999374,0,,-22.310677512993436,0.14593456907259547,0.48054317701243954,0.11040071557736546,0.3523377801814193
44400,37,1603.9828838909732,1200,1.0321987416341842,0.04470511027348034,0.03792471066117287,0,,-20.167586436297128,0.17252298827822457,0.37246809273460746,0.11637141337209843,0.28377783450850297
45600,38,2419.5689820415523,1200,1.441684059683258,0.06040602313855942,0.05368531122803688,0,,-8.05821376815065,0.18688182708855577,0.33318556217028017,0.08706334489235057,0.3144741291834923
46800,39,2398.5281946768037,1200,1.060849476549225,0.04403319986163463,0.06160972639918327,0,,6.422675941515848,0.2100278380318184,0.4443567531675235,0.0817568004220066,0.30880973512537935
48000,40,2012.1761873261635,1200,1.546982707656912,0.07216895128826767,0.035833291709423065,0,,37.42748926596144,0.17013804286720433,0.26152693746853883,0.09191169278459307,0.3240237513695502
49200,41,2742.5856494321056,1200,1.1466141910398433,0.04796127330518668,0.06704729050397873,0,,-1.1591506845689534,0.23454076553093467,0.4096743358440768,0.08024237584179429,0.3259501901281601
50400,42,2672.09833075916,1200,1.2562481854730354,0.052986807148966454,0.05299476161599159,0,,10.271829065101963,0.23684609634348994,0.3513754038750689,0.08185414205363746,0.3619688065264822
51600,43,1664.2883155850689,1200,0.7454391986158289,0.031976482270628034,0.04873621463775635,0,,19.60151484038573,0.17763187809629158,0.5069184208444372,0.07530568167491446,0.3259644721627742
52800,44,1765.070543408098,1200,0.5039933170598073,0.021157130935286938,0.06364480406045914,0,,10.638983190671423,0.14293516480360655,0.6275533421353123,0.037106711899374666,0.23405807216055782
54000,45,1975.958852597932,1200,0.6086884444736413,0.0250497515692289,0.04804861173033714,0,,10.755709942584526,0.16426969073886502,0.527686041572469,0.04772359036803263,0.28981662224779225
55200,46,2224.3304118709016,1200,1.3172297105227546,0.05476625053293065,0.0694679245352745,0,,-6.826581657807077,0.1663393939682712,0.4071037653418358,0.08893794047253206,0.2956627055865213
56400,47,1570.0497514540436,1200,0.7972716630383937,0.03667983660792129,0.030472364276647568,0,,2.207953383004978,0.15803979220808345,0.41518717187419335,0.07520889512522472,0.2763229780205748
57600,48,2614.693401405664,1200,1.5934769322627873,0.06614421527989472,0.04573000594973564,0,,-6.640196787527558,0.16393622224783233,0.3189566716484505,0.09529008313107716,0.3256039278947592
58800,49,2801.635885089,1200,1.6556552616625273,0.0688833102795372,0.06123675778508186,0,,-3.4202631013432225,0.22135908989759367,0.30726631507912683,0.08753427041965556,0.2854507318741843
60000,50,2666.6336022576934,1200,1.6107754991348853,0.06686999805622047,0.05940321832895279,0,,-8.914207918675002,0.20504555081951567,0.2771902319595096,0.10547002616311224,0.3533458464944981
61200,51,2252.6323907548485,1200,1.0176850467866603,0.041869158826454096,0.033814139664173126,0,,-0.4514505447033908,0.15010751342400955,0.40625342004369946,0.0870616842502634,0.29784530677799625
62400,52,1930.757636942498,1200,1.3047387631982177,0.05442591803351115,0.05566641688346863,0,,-20.16354578662333,0.1977596089437338,0.3956472909164755,0.08687955572086296,0.3859988688184334
63600,53,2886.3924622659224,1200,1.291650832676892,0.053977075448573886,0.04405398666858673,0,,4.308233733612543,0.261572072253119,0.30185100686098604,0.10941052660498411,0.42571390545691895
64800,54,3092.041695710413,1200,1.7447390704931443,0.07245277702106237,0.057678282260894775,0,,-0.687760680086983,0.2597149598297081,0.2361105627662024,0.10455956043478341,0.3553183722561472
66000,55,2254.145054745897,1200,1.2645144728965159,0.0536579267679716,0.061582326889038086,0,,21.190418079716842,0.2739527532065012,0.3766902041216477,0.0907055584611695,0.3441432534863437
67200,56,3105.086428026403,1200,1.562179843357823,0.06400309984308501,0.05023857578635216,0,,-3.127201199121511,0.28677770698566296,0.25354860544764324,0.1450133255946739,0.3759162176970034
68400,57,2768.396726728748,1200,1.5384143980714144,0.06477596559970356,0.049368541687726974,0,,-25.677780414134688,0.32318468848879167,0.2301974889211512,0.10259574267448976,0.3826600148006783
69600,58,3195.1366209661187,1200,1.806548530512874,0.0757030369924582,0.04189318045973778,0,,-1.473178081592252,0.2545387619051504,0.20051014147754978,0.06778632399466444,0.3101872122148981
70800,59,2507.997596759888,1200,1.7355476533744996,0.07368053863727708,0.06017444282770157,0,,9.228128406434852,0.21417161500238366,0.26103676087746486,0.10031203221084019,0.300219981886177
72000,60,2517.6247395194337,1200,1.6239773105528885,0.06706911349399747,0.05817833170294762,0,,16.916635818328693,0.21673632754242975,0.3219544476064948,0.10354185673866852,0.28467775300386167
73200,61,2835.3176345946517,1200,1.3089364709732163,0.05477786218683735,0.04131918027997017,0,,-3.543283567650914,0.25083443303868064,0.2784857305079967,0.08517328639185645,0.3509669649781388
74400,62,2828.1733444086913,1200,1.6239895668337705,0.0676517091804585,0.05819493904709816,0,,9.91969683765763,0.25910442747669393,0.2786021600324634,0.08631553750254978,0.35323517765761014
75600,63,2942.96604803663,1200,1.5525699478634118,0.06559298558525214,0.03361435607075691,0,,4.599012498052975,0.2567517478311347,0.20472902181842503,0.09389762668641657,0.3046047683271781
76800,64,2730.38481841791,1200,1.797383047940384,0.07315713372156493,0.04920123890042305,0,,-12.444925523994346,0.2654649654691072,0.22178537513836208,0.0940184041814286,0.34371198211163484
78000,65,3262.5407637237936,1200,1.5626228816351204,0.06414524718803886,0.060592517256736755,0,,-0.8019176148317008,0.31900530608754485,0.270919503546072,0.10627665200759874,0.34720519983856685
79200,66,3630.99216677757,1200,1.6331112794947422,0.06789952400508327,0.053234852850437164,0,,2.0219817816278116,0.3577138520899664,0.19968871478445338,0.10231457796552344,0.33640153866384587
80400,67,3800.174361359873,1200,1.699963897559578,0.07070450628430448,0.03284675255417824,0,,-3.4973527327035154,0.35021985357435825,0.12108619124477914,0.08983052015784763,0.3440030135542363
81600,68,3448.077615727338,1200,1.3805669051928973,0.05716761018248345,0.03029392473399639,0,,-7.361913007935871,0.335163285259203,0.1829569497675651,0.08280871265717081,0.31670928149309546
82800,69,3370.3318845636763,1200,1.5412476248451634,0.06495485200793068,0.03937182575464249,0,,17.368439304960894,0.3291172994794594,0.1785753229595188,0.11058573991298767,0.389381732944536
84000,70,3070.6362387979193,1200,1.658223946945809,0.06918433185380919,0.06676888465881348,0,,22.110356091254356,0.34373625573463124,0.24246231497170323,0.09320055733266036,0.3789175974125156
85200,71,3154.5557790743233,1200,1.4794721219411675,0.0606792997004987,0.03941900655627251,0,,-15.687242694706834,0.321339359828707,0.20388761435848954,0.08033282767283592,0.289148901176515
86400,72,3010.8816506426424,1200,1.4715441018299964,0.0616640297682011,0.05615892633795738,0,,-1.0921975479961559,0.31385442343803516,0.2682574953017287,0.08417517763016973,0.3241463165924549
87600,73,2313.7130139165397,1200,0.8083063927805934,0.03294796588365391,0.06912171095609665,0,,1.9766924443691725,0.19853937728472817,0.564087992107357,0.048822025782550904,0.34567343941215856
88800,74,2509.8416387178627,1200,1.4692414009020123,0.06184388035918129,0.052971892058849335,0,,-34.950643982999786,0.3269674405959663,0.24007436461374917,0.07584641670016552,0.2869681852505421
90000,75,3098.065368731011,1200,1.7852156092730747,0.0754997808522145,0.05172266811132431,0,,-19.32089896242757,0.3241009612549312,0.17876464558138946,0.10266468814000348,0.30120853899428224
91200,76,2393.5744677727735,1200,1.3896998865976211,0.06269509165575055,0.0686778873205185,0,,-35.20935803985084,0.29015910021969804,0.3019279678374995,0.08622478159324971,0.24674070002404244
92400,77,3726.544113673093,1200,1.5305539890720539,0.06393600012383631,0.056236617267131805,0,,-4.6270310543271895,0.403726256432115,0.2081135180357269,0.08109036190097234,0.2701619948932897
93600,78,4055.9505765724775,1200,1.758100666998181,0.07284453671278648,0.03482309728860855,0,,2.1072147922999083,0.39188821090428133,0.07327606154244586,0.11574260955768784,0.4135603944113356
94800,79,4125.498382737657,1200,1.518267232613227,0.06283567065914167,0.06491222232580185,0,,-10.097230422483266,0.4986426738639827,0.19558702984847243,0.08978985559791969,0.4319272680542582
96000,80,3821.083798469253,1200,1.475995302016977,0.06285340792116137,0.06582923233509064,0,,-22.195101458964828,0.5373366578327513,0.18978620236894594,0.1172586633535841,0.4907911106014766
97200,81,3695.2278567795065,1200,1.2524801814240394,0.05198546251823215,0.06447300314903259,0,,-8.590396921351548,0.41101717109246083,0.30960008402100236,0.07638414188262806,0.29879706800279526
98400,82,3753.105008628046,1200,1.4310397774727415,0.06160807077512904,0.03502613306045532,0,,28.32027956100429,0.44692066635013306,0.10048731349308418,0.08091494103586584,0.3050488627660779
99600,83,4224.157886440697,1200,1.5662485629850802,0.06560799601316279,0.04769129306077957,0,,-0.8151189137707352,0.48832865349703725,0.10808639680697482,0.1064601594703505,0.38691364717129173
100800,84,4110.66861389911,1200,1.5629797005836585,0.06519910150616239,0.0422852523624897,0,,15.470891254432509,0.5169910262062256,0.07287399789940742,0.09758166794589115,0.3722170202228223
102000,85,3391.6885552912086,1200,1.5656346052045191,0.06578966184733494,0.06012631952762604,0,,20.298934572816467,0.4945465503923608,0.17275319284614535,0.08728066640104865,0.32876213737517496
103200,86,4486.089217658878,1200,1.7173375892561726,0.0718327884939368,0.05909234285354614,0,,4.004745172062947,0.5536570655523814,0.09175277576086902,0.09069263666712618,0.3222673970133168
104400,87,4418.0179856313425,1200,1.682837042467468,0.0698862719332501,0.04803798720240593,0,,1.469665499890012,0.49357728020375324,0.08599365254775844,0.08640642499594281,0.32635277971992654
105600,88,4506.5696052569665,1200,1.651410622921405,0.06884998406805286,0.06847263127565384,0,,2.767735184244679,0.5653210262791352,0.15094268071766082,0.08093359636941569,0.3715755447410432
106800,89,4291.969252324319,1200,1.6353443131235426,0.06807653797139429,0.06641649454832077,0,,2.2578414033694862,0.5129812003477531,0.16198952101966713,0.08451379918859542,0.33338203705619296
108000,90,3969.3591735391815,1200,1.677246116123603,0.07013909428997832,0.04028568044304848,0,,-17.497325023778732,0.49843169589057934,0.04049495145372466,0.10178547181323942,0.3542309634046079
109200,91,4224.0645199155715,1200,1.5687981111650295,0.06608947984988071,0.041948940604925156,0,,-6.79299674744232,0.5794101755410378,0.03848337577059716,0.0900970154805171,0.39025591027946016
110400,92,3828.3766978670355,1200,1.6272615344301997,0.06967613253553963,0.03529805690050125,0,,-20.691050049083696,0.5154321821439246,0.02891215563693988,0.10360227924233996,0.37932646560964256
111600,93,4178.309045569904,1200,1.5741030295022251,0.06614727600980638,0.06283117830753326,0,,-8.212121062381657,0.6123796154230057,0.1256846054786357,0.08511468787610585,0.36299192089097215
112800,94,4316.482059610355,1200,1.5849224960565218,0.06616075693120954,0.06475206464529037,0,,1.9098929134127498,0.6117646869359422,0.1279124290845963,0.10222297741098117,0.42635157019755787
114000,95,4924.18107806365,1200,1.5468181124687068,0.06443734643610097,0.051569223403930664,0,,-1.4466310454397637,0.6679665966190312,0.05769790537859041,0.10071102255722301,0.4132156893517484
115200,96,4004.4834240086284,1200,1.5065538699947263,0.06562643958741156,0.05114763602614403,0,,19.41154311673387,0.5801122884756186,0.08793462605759722,0.09364827923634776,0.4923207531850068
116400,97,4049.642760928732,1200,1.5147840369535979,0.06412429562607432,0.035170044749975204,0,,14.44892294783599,0.5764277242858619,0.019552471581245068,0.08417687233539128,0.45461019677148506
117600,98,4363.67841171561,1200,1.6457990841569685,0.06849905929313188,0.06923923641443253,0,,9.879309482766068,0.6313643801647955,0.12832986192637408,0.08175474377226752,0.34634136921443087
118800,99,4492.636576253119,1200,1.516083885418932,0.0639833821689171,0.03902609646320343,0,,13.84672865188397,0.5828518896317346,0.03820677684955749,0.06663160515971829,0.3040865980187275
120000,100,4583.998635813597,1200,1.456800133470109,0.060783658890148654,0.062179774045944214,0,,1.710101663170091,0.5790672558217524,0.16566690975839893,0.07782221326011911,0.3128883743003357
121200,101,5332.925568899987,1200,1.6035853485285505,0.06689245361136492,0.04888225346803665,0,,2.4757584741974528,0.697890223667238,0.03610399215674727,0.07937182025963835,0.3321012769274505
122400,102,5040.06009723699,1200,1.568406687155378,0.065299870910637,0.05677920579910278,0,,-2.5600467982897324,0.6633047317153274,0.07296192775418901,0.090885383368132,0.30247839911331714
123600,103,5198.959723883072,1200,1.6351643577535464,0.06814695522766004,0.06554014980792999,0,,0.9243015162874474,0.6955961184339727,0.09604307486451173,0.0779433550725763,0.26621868762755563
124800,104,5300.982509864602,1200,1.5968964214287233,0.06690679032930354,0.058864861726760864,0,,-5.382496412316454,0.751766595946922,0.05347199116029382,0.08589551696722442,0.3418821950348768
126000,105,4671.55238154406,1200,1.5100848443489543,0.06362192092088201,0.04026466980576515,0,,-6.704818822117875,0.6616523635043717,0.016423190844171244,0.07291589910743285,0.3254162085044465
127200,106,5491.82385330278,1200,1.578171232403576,0.06606040381748507,0.05732208862900734,0,,-0.2578577809666492,0.7817740653920986,0.04346978387985089,0.09276871895392892,0.40912652845271535
128400,107,5167.181675374008,1200,1.527193602205783,0.06405498364547996,0.05387352034449577,0,,-2.9688790386516155,0.7638396609815151,0.047630910607574656,0.09592073132358774,0.4315565613056418
129600,108,5573.419548971682,1200,1.5152395347135459,0.06327150262927349,0.0462900772690773,0,,0.9053994916194259,0.7601266788189689,0.020192702777763687,0.08118791328906153,0.38066152179709645
130800,109,5587.336799789178,1200,1.4588170835126997,0.0604423951800327,0.042990267276763916,0,,-1.3154178274072188,0.7601335801235416,0.01607033660784741,0.083616251215983,0.34996130089033384
132000,110,5567.72438808942,1200,1.4448946935108582,0.060006042130859236,0.04042069613933563,0,,-0.8414239208958897,0.7536843270614675,0.01190670673786657,0.10088500780886417,0.4128068780080694
133200,111,5514.836691425148,1200,1.3215301264277592,0.0549233249134035,0.03231056034564972,0,,0.558533431253996,0.7396285701153744,0.011755300394995314,0.08380102154840216,0.40403439150384385
134400,112,5644.311816430874,1200,1.3157878399608203,0.05445619597887386,0.04476570710539818,0,,-2.167341507343012,0.797807562653434,0.04393834396197421,0.08998417195954081,0.4900393223846825
135600,113,5301.432629592793,1200,1.5022619939916901,0.06226911699932907,0.06585520505905151,0,,-1.8322296788107584,0.7673962404099254,0.11116477878268492,0.10102980270045232,0.4626873025549269
136800,114,5436.852871767944,1200,1.5438842080755708,0.06400182481375452,0.0668933242559433,0,,-0.2600925086072995,0.7844579889565951,0.10088170060132592,0.11610922211610926,0.4653149326717611
138000,115,5715.040207552264,1200,1.4528431197439504,0.06029216345014669,0.041595667600631714,0,,-2.1356679020596805,0.7927713848277285,0.010797271032240966,0.08827521477517401,0.4384274178506788
139200,116,5819.677124935197,1200,1.4805617815509484,0.06156463421487905,0.05125286057591438,0,,-0.04041418688298711,0.8263105619812945,0.02865293762855342,0.07978003744718382,0.41306399180309183
140400,117,5744.053818447829,1200,1.5393675510536533,0.06394802534795066,0.06134122610092163,0,,1.8742123705831548,0.8270242272518948,0.061601936334815525,0.10525750191391316,0.47159214818898076
141600,118,5696.50176814189,1200,1.5684727796151194,0.06535128365514552,0.06330029666423798,0,,0.8059226428932608,0.8202943641870533,0.06396184384829891,0.10523212286184788,0.45389362760998153
142800,119,5772.15176179154,1200,1.324149225941629,0.05513362525435839,0.03432512655854225,0,,1.6506302559826527,0.7986644949813481,0.005101096801074628,0.07696754761900779,0.42391351133661614
144000,120,5905.314751268719,1200,1.3568884438291464,0.056632502510597656,0.04196556285023689,0,,1.5497532844090118,0.840999440705188,0.013545044443036263,0.09475221732995336,0.4411944245380902
145200,121,5746.266176170966,1200,1.5427406339647707,0.06404492667441193,0.06378223747015,0,,1.9733938718390434,0.8293849227427986,0.06854104344634168,0.09075749372582007,0.4231370877316031
146400,122,5874.822264388173,1200,1.4442536578133005,0.060060467989777495,0.04806742072105408,0,,-0.7190772759461597,0.8351980919721201,0.019364285991057682,0.08542291022100003,0.4127263471821312
148411,1,5701.241675587891,1200,1.2587965118442792,0.05237666217419067,0.034581203013658524,0,,1.1816146315039264,0.7880691157836544,0.013471625152449344,0.0833770157916885,0.40399800904386574
149611,2,5685.706018746368,1200,1.2910618685258823,0.053595178021850674,0.03337777405977249,0,,1.4998677627543018,0.7864111116640125,0.007908530396543333,0.08202797296172837,0.39138261450451156
150811,3,5822.025206605153,1200,1.4778764419602692,0.06128460422852495,0.05646644905209541,0,,1.5208764206648353,0.8423595684030242,0.044322224314424084,0.094657838396613,0.4107107938269444
152011,4,5863.260658253572,1200,1.366608487445538,0.056731607729477225,0.04496736079454422,0,,0.9642213599381976,0.8393256220962927,0.02135136607685524,0.08954860653956806,0.37328857350516026
153211,5,5873.88729340341,1200,1.3810994001495327,0.05745765131902226,0.04667557403445244,0,,-0.4818639863470632,0.841949619005296,0.02194954913581032,0.08787980711363691,0.3995629685027629
154411,6,5752.78355785543,1200,1.306103350752285,0.05425778300702544,0.03630446642637253,0,,0.7970392881698959,0.8039339086172785,0.009584465031095786,0.07687750443081139,0.4054454583576546
155611,7,5819.6868385586,1200,1.378111189101763,0.05755715476601727,0.05018123984336853,0,,-1.8270598559213218,0.8423185711196088,0.037012253907909326,0.09099402740249372,0.39769328084581235
156811,8,5769.476627225963,1200,1.4668775620173875,0.06130857420622327,0.05946822836995125,0,,-1.95662806153309,0.8392304998051879,0.06037827092298597,0.08663809372872901,0.4122213252159145
158011,9,5470.2511063965,1200,1.4238961378705273,0.05917076765404598,0.05550354719161987,0,,-3.279631904796909,0.7843502704517058,0.07362576633340423,0.09858014103114318,0.45545028755992223
159211,10,5465.307622605979,1200,1.581723767386013,0.0657739483184381,0.06174728646874428,0,,-0.11089740875958562,0.7644231926481068,0.07504727699239097,0.11121225280696506,0.5322872729056992
160411,11,5186.791488880391,1200,1.450429115696543,0.0608764949708368,0.05163426697254181,0,,-4.582977244968622,0.697850124793825,0.08030325280157861,0.10526710484401662,0.46657636571067695
161611,12,5232.877265459414,1200,1.5054167858605112,0.0625787238489804,0.039699312299489975,0,,-2.763017464646563,0.6746043591577131,0.029095184897269366,0.11923817826225447,0.44543421856835685
162811,13,4288.91456069386,1200,1.2637030096792092,0.05279490907021421,0.06589208543300629,0,,-7.973810807245607,0.565845717156466,0.26182148882889966,0.10605261474738382,0.39370128795147386
164011,14,4608.914599326526,1200,1.3489940303374361,0.05623136142559751,0.05434964597225189,0,,-6.897882542433728,0.5948597737797675,0.16108380383075993,0.09369226304069843,0.46947533325464813
165211,15,5219.041166019532,1200,1.5836997261411676,0.066172934214275,0.06385914236307144,0,,-1.9214856785106644,0.7117585891215,0.09859625942494339,0.09275050702055881,0.3527485275335024
166411,16,4695.619969293171,1200,1.4862929381605203,0.062388446540446264,0.0552913136780262,0,,-3.1894412359447184,0.6124421329457518,0.11202445060155472,0.08224239393584964,0.38025156608474975
167611,17,4934.525422232411,1200,1.4834464534019014,0.062070197004469634,0.05741710960865021,0,,6.079002314998422,0.7097714551356156,0.09377696757588283,0.10454047790616826,0.4297604069437792
168811,18,5028.015535922508,1200,1.6336671757055297,0.06820745334553817,0.06997687369585037,0,,-0.5801279330133321,0.7244139159986583,0.11216611932435905,0.09112658282099498,0.48547317588019173
170011,19,5406.600792977854,1200,1.6307498332448094,0.06806145779500335,0.06902382522821426,0,,3.005361093765328,0.7623340635591472,0.09536761842802827,0.09527096777176722,0.43802547967297983
171211,20,5215.393189763757,1200,1.6417951450484374,0.06832428810736745,0.06017085909843445,0,,-4.150124116264569,0.7086679835438874,0.072546853488978,0.1191275513922213,0.40519406240586664
172411,21,4547.171788542007,1200,1.486910398785523,0.06170948121991786,0.06408581137657166,0,,-1.579404929298583,0.5830320039728396,0.17583293897515256,0.10533135380137543,0.4356233292213303
173611,22,4003.134151517218,1200,1.2454779698871974,0.05254742667673211,0.051384031772613525,0,,2.74784763112429,0.5154591379316773,0.19677404294542408,0.0788573680447384,0.3051013347168684
174811,23,4863.001867191102,1200,1.5447093010376896,0.06455570971924182,0.052742790430784225,0,,6.5997884781317016,0.630367626218639,0.08278207438152964,0.08470278723841167,0.33214241445769205
176011,24,4916.634056524497,1200,1.3487229897441382,0.05573581256884418,0.03861980512738228,0,,2.7322337465846873,0.6095845533105925,0.07186011718335086,0.09199534563624814,0.328967709033983
177211,25,4975.7232957412,1200,1.4397788861307705,0.060258290106417006,0.05272669345140457,0,,2.8800763632513986,0.669422901642458,0.10437015001686173,0.08860101039490069,0.3475248442431772
178411,26,5481.739475610319,1200,1.6965208600451547,0.07064178535901296,0.06931948661804199,0,,1.4622734879903074,0.7770937910089877,0.08297261816069414,0.10444883415894782,0.4634644230266065
179611,27,5114.6802942581435,1200,1.6060711191630017,0.06746798054795872,0.06180929020047188,0,,-3.711288955007957,0.7078943177948112,0.08593452054548979,0.06349425102928756,0.32048252842897207
180811,28,5360.038824819309,1200,1.4853557617410833,0.061671600165818366,0.0432865209877491,0,,-3.471383121033411,0.715476899599949,0.033825683959330416,0.08987832239639026,0.3825639453732828
182011,29,5542.921860607858,1200,1.5531098402202477,0.06473144002400405,0.05407987907528877,0,,-3.0566182379993543,0.7907988438501284,0.031661450995488276,0.09521348738666595,0.4351639020114313
183211,30,5745.569078523468,1200,1.3401008165520931,0.05564506452139953,0.03508903831243515,0,,0.8298257076358677,0.7886212956550976,0.01067170255392623,0.08180001430910158,0.43488624562752276
184411,31,5617.106000602009,1200,1.6397118360770755,0.06817807013736625,0.06699849665164948,0,,-0.10079010995271728,0.802981488599249,0.07307419521446476,0.09687556048769526,0.4612967314096585
185611,32,5677.540059343534,1200,1.2626567666217352,0.052644277401501904,0.03559150546789169,0,,1.5700956789395202,0.805996197800772,0.017199416931772227,0.09017788682037438,0.37449911941329506
186811,33,5100.61805787533,1200,1.466285795097359,0.06118260424783441,0.05122893303632736,0,,3.77576942796506,0.6907765653805775,0.08933397762156198,0.0916617452530819,0.38564745253427185
188011,34,4866.243507767624,1200,1.5411518096942827,0.06433043162931419,0.060590267181396484,0,,6.091733938151177,0.6798701573417042,0.10647305604995519,0.08782702864235112,0.40175993997518683
189211,35,5409.403039642402,1200,1.6831909566983372,0.06972108654648523,0.06748205423355103,0,,1.9218058644074314,0.7629132440648292,0.07895178097640845,0.11658396183549544,0.4559424999322634
190411,36,5114.89002872251,1200,1.4864754202068522,0.06245057060981471,0.052480366080999374,0,,4.9298133282155865,0.7093231133440858,0.059901017127700365,0.08955059945066647,0.3084659200202024
191611,37,5116.780916452794,1200,1.3900118679613171,0.05823625679126036,0.03792471066117287,0,,0.66420039869358,0.664097746762741,0.03339818241852364,0.0816727962808915,0.33271713036497896
192811,38,5369.99214137046,1200,1.5720140339955369,0.06554451281024998,0.05368531122803688,0,,4.297109420665245,0.7211760466389718,0.05193429662139135,0.06791277902350987,0.3309975726841512
194011,39,5428.552443858506,1200,1.662029216928413,0.06924658950679408,0.06160972639918327,0,,-2.456648494927942,0.7541690273471131,0.0531489332153987,0.08594550896003428,0.418427592555179
195211,40,5527.489849731502,1200,1.3123055467596425,0.054688952533539975,0.035833291709423065,0,,-3.5871428101826455,0.7520383212500331,0.02477519394285309,0.06651807466983403,0.45627520679542216
196411,41,5637.320751458767,1200,1.6451108659157945,0.06875021100309754,0.06704729050397873,0,,-4.390348985410987,0.8383180841888673,0.06422381013665068,0.11261192780580297,0.5502775172471417
197611,42,5296.0139976904065,1200,1.455761242800589,0.06073785192738048,0.05299476161599159,0,,-5.5569323990571196,0.7572313553450515,0.06776145160593221,0.0911426424350958,0.42051959909633607
198811,43,5715.229803615942,1200,1.4426768595825885,0.06015944215813355,0.04873621463775635,0,,0.740104229740659,0.8116987553572274,0.03354738990284015,0.09861728149968392,0.4419346297324708
200011,44,5860.576354018136,1200,1.6681036622463457,0.06932587699960965,0.06364480406045914,0,,1.2642506226182644,0.8541921360818124,0.04388690178253657,0.09938812788160228,0.46539772466661
201211,45,5896.470034144317,1200,1.4281641367353912,0.05951966727694342,0.04804861173033714,0,,-0.7508398030626927,0.855459353470445,0.030507583209507427,0.09341307671511714,0.45902544440913734
202411,46,5885.016744036506,1200,1.6949268043259247,0.07056735508153104,0.0694679245352745,0,,0.6311309321335332,0.8621716622421678,0.05915176074033592,0.0950210080772054,0.43781119429272924
203611,47,5424.0854638903875,1200,1.2118804048997323,0.05094927951829958,0.030472364276647568,0,,-0.17464731519413218,0.7153681098926732,0.03451269747035978,0.08265378803026756,0.371218004574899
204811,48,5685.881770102753,1200,1.422117048401148,0.059472521379698585,0.04573000594973564,0,,4.132904325498148,0.7957649467879797,0.02957105883881233,0.08154348875816252,0.348193308999308
206011,49,5254.080012517634,1200,1.6480517005604034,0.06896354463758751,0.06123675778508186,0,,-0.09557443253179793,0.6984458790841999,0.07438019329732674,0.07548104865855858,0.3224213790890043
207211,50,4103.977650820256,1200,1.4295122412787247,0.06062193146454125,0.05940321832895279,0,,-7.739847860286311,0.5558011554274089,0.16974875258640096,0.07945407686131159,0.397540865847267
208411,51,4831.730219024049,1200,1.1687527914460105,0.04881604277770439,0.033814139664173126,0,,6.017203784350665,0.5957919801626251,0.11773640838698839,0.09057112546250087,0.34282546526354557
209611,52,5337.974006321593,1200,1.4619041190042514,0.06088490431391134,0.05566641688346863,0,,0.478065905991567,0.7313003466108632,0.08225959853399158,0.0826789236668702,0.37979688782577053
210811,53,5263.213769134135,1200,1.3399683462036474,0.05606265281707697,0.04405398666858673,0,,2.105655459056534,0.7115359304977276,0.07255023755167417,0.072241744186028,0.3161717901577565
212011,54,5455.270991780958,1200,1.5408008294492175,0.06388418428575982,0.057678282260894775,0,,-1.870864668592076,0.7494128463585943,0.07263704024168663,0.08154740828233124,0.3539724815706098
213211,55,5928.787553820878,1200,1.5809437909625514,0.06562499991673157,0.061582326889038086,0,,-2.1379703822690317,0.8669059907297773,0.04731280716226779,0.09930025049110322,0.47846176650125405
214411,56,5548.444230359599,1200,1.428671360176541,0.05930894814724898,0.05023857578635216,0,,-0.13082326043472214,0.7767652548776838,0.06425131084974209,0.0975379171143076,0.4895708866991996
215611,57,5779.128182070433,1200,1.4846625522550594,0.06160166572575609,0.049368541687726974,0,,-2.175770607133598,0.8149950347411663,0.028800597355031196,0.07793380669528181,0.4347323414392452
216811,58,5846.8961605468585,1200,1.3317397952459045,0.05550540873268556,0.04189318045973778,0,,-1.2132136328271113,0.8378687151517399,0.023513963852211574,0.07553256863678315,0.37891797142574624
218011,59,5278.813793630965,1200,1.4752781792911087,0.06103101631529714,0.06017444282770157,0,,-4.910887370066897,0.73400858234253,0.11159032881333299,0.09076496139125818,0.3779995533006007
219211,60,5472.373155244506,1200,1.5237932651254502,0.06292354428270476,0.05817833170294762,0,,-1.8650166128794887,0.758058492680266,0.08326792214728765,0.0960627536961756,0.43021367062886107
220411,61,4885.254722310394,1200,1.2518918218736408,0.051941465346182686,0.04131918027997017,0,,0.3920921521400922,0.622885328754578,0.09972392559030666,0.07517713155329787,0.3611512515018137
221611,62,5047.947789058113,1200,1.5285937517593817,0.06382600110144146,0.05819493904709816,0,,4.4385187628697365,0.6558842568989324,0.10749723755351087,0.08192293031812879,0.3189800040092339
222811,63,4797.9575490883735,1200,1.240291257486558,0.05220995299831017,0.03361435607075691,0,,5.796235269686567,0.5911379096851572,0.0679194638090115,0.07885806111999326,0.29311561652743434
224011,64,4939.658992143513,1200,1.4467578368125615,0.06075002342105013,0.04920123890042305,0,,4.890434794027639,0.6533882366516641,0.0785949800809691,0.059954556109522696,0.34613552460783026
225211,65,4997.484510288201,1200,1.5517645341771853,0.06487124014875753,0.060592517256736755,0,,7.393853147111345,0.6718529996500638,0.11772593560267419,0.07132564447711696,0.3541984422122938
226411,66,5368.505723416218,1200,1.4370781502735515,0.059768901997085136,0.053234852850437164,0,,1.968427170011137,0.7311919082138804,0.08674566828223887,0.0732410795323996,0.4139071609359581
227611,67,5580.6685874596715,1200,1.1474299098718583,0.047827410306124626,0.03284675255417824,0,,4.881071371628558,0.7693953128226159,0.04531236334713375,0.05995501012547822,0.3863557004750764
228811,68,5654.346979524811,1200,1.1955119363742266,0.04974767413284149,0.03029392473399639,0,,1.7633924679295052,0.7617297337738339,0.01932030116558996,0.07367464425513938,0.3729333668725089
230011,69,5878.286349100481,1200,1.2330625098704944,0.051272319404364566,0.03937182575464249,0,,-1.4943037959428171,0.8296811738713598,0.0334715971650495,0.058983279461833744,0.3805730966424244
231211,70,5757.491041503033,1200,1.6835678678323402,0.0698619744430719,0.06676888465881348,0,,1.7655486503405557,0.8231128834134326,0.05983452644351047,0.09716746434645568,0.48764102783858976
232411,71,5776.8632647148215,1200,1.3075309148813168,0.05443307255327286,0.03941900655627251,0,,0.08295402490216494,0.7946663818518109,0.0289482316313096,0.06324860659387596,0.32935079621811325
233611,72,5866.944328596841,1200,1.5225701069684283,0.06372227382501723,0.05615892633795738,0,,2.1252930859419545,0.8730240505294167,0.03223901803386351,0.09798813175151351,0.5100155773752713
234811,73,6065.560934988631,1200,1.715855791776969,0.07118966769264286,0.06912171095609665,0,,1.860851257310115,0.9051044261410063,0.04002280388649962,0.08772954046541608,0.42073693448833394
236011,74,5535.318609723647,1200,1.3826812623628493,0.05748141164279889,0.052971892058849335,0,,1.9768048803010647,0.7817747488439246,0.10550253844010206,0.08108674759579225,0.38972996401488746
237211,75,6036.546554562,1200,1.4952148690778673,0.062133003687943396,0.05172266811132431,0,,-0.15429902950525354,0.8792829514955183,0.01834353563502697,0.09376911764901955,0.503779612990655
238411,76,6010.7815151988125,1200,1.7328879351021884,0.07205179390505688,0.0686778873205185,0,,3.201578506602347,0.8909680974961975,0.03636377518186274,0.0936283658948323,0.47228633217994137
239611,77,5916.103793202448,1200,1.5499778384972847,0.06480840510480365,0.056236617267131805,0,,0.21217972581298758,0.8511922054090558,0.03088422331751726,0.10026225696381498,0.4385191270817381
240811,78,5464.793342541796,1200,1.2779095802281346,0.05331094537054082,0.03482309728860855,0,,3.5016207326215523,0.7270093070979708,0.04023922226861757,0.07610189009557274,0.40285122532868284
242011,79,5098.960606476169,1200,1.5175731877199556,0.06317803851815489,0.06491222232580185,0,,-2.5528445963602167,0.6944971933607917,0.13340571074177554,0.06969835558359662,0.3970530274751292
243211,80,5174.928245467107,1200,1.6261289287502536,0.0678524585523849,0.06582923233509064,0,,-0.9824082264802586,0.6832086201063957,0.104589139971417,0.0893474355132794,0.36406442389518784
244411,81,5359.320107637165,1200,1.7157413842118305,0.07156189460230265,0.06447300314903259,0,,-0.2199466912148558,0.7527448408144556,0.0525233886427319,0.08707612661253834,0.3218148379676608
245611,82,5199.995060410521,1200,1.2280132860944954,0.05102323581230797,0.03502613306045532,0,,-9.074552162447128,0.67541159585527,0.063379011536526,0.08782121578925257,0.3025171629527357
246811,83,4912.957576702173,1200,1.3475666517986893,0.05575104786774107,0.04769129306077957,0,,-0.1989799068861004,0.6840123641782316,0.10390773565043748,0.07637180809421197,0.3036695289050766
248011,84,5689.703957695848,1200,1.342380346923807,0.055668021255519354,0.0422852523624897,0,,1.1888285945693926,0.7831401709941503,0.032875684801668956,0.04518572680425711,0.344495779316188
249211,85,5893.722154617953,1200,1.6308892590246553,0.0679988914410363,0.06012631952762604,0,,1.241432087679763,0.8438882263797289,0.03542501966405284,0.06743570338014968,0.34709202081221924
250411,86,6074.06485628756,1200,1.6012566292680095,0.06657522278159374,0.05909234285354614,0,,-0.9252466876147897,0.89265376532432,0.026013747919000976,0.062226464648913,0.33804854672459905
251611,87,6172.247807326034,1200,1.3863905385817301,0.05733342706530889,0.04803798720240593,0,,-0.8531236984462254,0.9084995979904884,0.01641918892212098,0.06978319063018742,0.4340923226585207
252811,88,5946.451184868544,1200,1.7205034318796644,0.07160329765618607,0.06847263127565384,0,,-6.072063599720575,0.8859884553088502,0.04235934835180054,0.10433862930950659,0.5666196566185852
254011,89,6111.220326441256,1200,1.744061483354081,0.0723670602904019,0.06641649454832077,0,,-0.5933083912676128,0.9136296910673184,0.023644263089690837,0.11567715156513797,0.5590067760943761
255211,90,5786.567705173943,1200,1.3061141168827128,0.054268442520114014,0.04028568044304848,0,,0.1556246470022519,0.8099464393347097,0.028711448014782828,0.07284577139987206,0.4098411295669152
256411,91,5693.938839436035,1200,1.3223013947479088,0.05447036151951467,0.041948940604925156,0,,3.3379154878933304,0.7828703185244614,0.03693883245001364,0.06760737789650693,0.30789325783323945
257611,92,5337.093616343029,1200,1.140989774078697,0.04795652798716864,0.03529805690050125,0,,0.36508670405749416,0.7136174224737502,0.06769126932827924,0.06647925907490347,0.30732605316052014
258811,93,6130.819087130226,1200,1.6643000938901678,0.06955957784141173,0.06283117830753326,0,,-0.1746129365645095,0.8914610907886618,0.027170299586022045,0.08340721880657063,0.3867413689204889
260011,94,5785.657912765526,1200,1.6513479993816824,0.06855602214063669,0.06475206464529037,0,,0.3134378838220853,0.8229712064506132,0.05920469516630817,0.08570666726947133,0.3894116101247036
261211,95,5734.398640832776,1200,1.4741518381562435,0.06130609622945116,0.051569223403930664,0,,0.10920082993793433,0.8058112022363204,0.044063265799162046,0.07446765613707614,0.3778996024060986
262411,96,5829.343331497847,1200,1.4681696862448264,0.06126112776367991,0.05114763602614403,0,,3.620741814250784,0.8198104065141308,0.03554362532221672,0.07157434708511998,0.3702763237777056
263611,97,5456.361740161793,1200,1.1428417898416683,0.04774599829005123,0.035170044749975204,0,,3.427374763542011,0.7420489913114033,0.05968320054090366,0.07004494744305644,0.3617546817458141
264811,98,6046.561533626059,1200,1.7789479533895967,0.07385329405233679,0.06923923641443253,0,,1.1739431676830063,0.8794727845612413,0.040973309323745134,0.09767010822818817,0.4721650314653579
266011,99,5841.903399906069,1200,1.2514008190485149,0.052125519612462146,0.03902609646320343,0,,0.1482687480071529,0.8321223590589041,0.028395168247753042,0.05574797628707553,0.36035764857698716
267211,100,6216.668147134762,1200,1.6671485503560868,0.06931525254912321,0.062179774045944214,0,,-1.7833339802753383,0.9134014567506197,0.02179235713750262,0.06045559891130537,0.37837365554211555
268411,101,6113.69559146165,1200,1.333197068963524,0.05549250242415217,0.04888225346803665,0,,-0.3349759674455585,0.8882532432743097,0.03695690456027538,0.05749300477813066,0.3731978665876709
269611,102,6243.470702994169,1200,1.546486967999335,0.0642485138077744,0.05677920579910278,0,,1.2215243510005656,0.916401261974593,0.020179431813874212,0.05773462585561668,0.31305355632179444
270811,103,6191.646674580816,1200,1.7303434284005765,0.07250309632442783,0.06554014980792999,0,,3.044403564500704,0.9077219220467815,0.02195080025964419,0.06800000595983956,0.2978352655171798
272011,104,5575.971603555974,1200,1.5136762545367084,0.06367306167549662,0.058864861726760864,0,,-0.4950857496523239,0.7847910722071415,0.06766522215740414,0.07231740270880078,0.37023029746558883
273211,105,5698.069067225357,1200,1.2240714284408463,0.051176727863484615,0.04026466980576515,0,,3.5400492928424088,0.7934159061442727,0.04269128610433801,0.06599359207764771,0.3867232754025008
274411,106,5924.252931912415,1200,1.5826596900685928,0.06575753033721729,0.05732208862900734,0,,0.7229592907745291,0.8425131380108545,0.03608113680512604,0.06779423616579,0.3322573175330288
275611,107,5768.753236855517,1200,1.5740212274675334,0.06585091886253117,0.05387352034449577,0,,-1.8455142739564887,0.8041402873170813,0.02898377944266183,0.0702647681676544,0.34426951314053467
276811,108,6053.442862160441,1200,1.4033726899868726,0.0582884473201638,0.0462900772690773,0,,0.6921693422399955,0.8629588859317588,0.020529123704602525,0.05046886914370112,0.3041539403379215
278011,109,6184.555382981008,1200,1.3310933153235431,0.055479527642231075,0.042990267276763916,0,,0.5431995010123165,0.896449740876135,0.010590470543201906,0.05824781548458244,0.3802978963599594
279211,110,5505.548133496408,1200,1.1628439484843003,0.047861373119861966,0.04042069613933563,0,,0.7552402888368306,0.786897825168967,0.0944210306921718,0.06217231962842952,0.37267376553504006
280411,111,6027.470237976011,1200,1.1147733387993761,0.04653200843835671,0.03231056034564972,0,,0.6527623706480166,0.8683151702635888,0.013500051366192383,0.06264754861900078,0.3989883490302893
281611,112,6137.3778905431445,1200,1.3744990652832014,0.05694211314701491,0.04476570710539818,0,,1.3657474086095938,0.8840648121903077,0.014203779811494292,0.06889539131471833,0.43890380448100585
282811,113,5756.13454641345,1200,1.6265285075923632,0.06811626920592152,0.06585520505905151,0,,1.2911962265925676,0.8244941719047877,0.0695778810228337,0.08926500959723206,0.4952785788990939
284011,114,5924.857870151053,1200,1.7009462533919373,0.07055228792347748,0.0668933242559433,0,,1.5604251670355116,0.8609670907981033,0.054324580095357504,0.11319068904357785,0.5457721494406821
285211,115,5713.136408258255,1200,1.2721409385171392,0.053018183950644865,0.041595667600631714,0,,-3.557257827449748,0.803635174457685,0.04547301228894578,0.063370825018323,0.3911040288402819
286411,116,5877.712050066274,1200,1.4522570675273117,0.06051275308611159,0.05125286057591438,0,,3.463489101339615,0.8354828777677615,0.03895217739421118,0.05572720383003186,0.3903958632321258
287611,117,5912.883510133024,1200,1.6303508371440107,0.06788337109383903,0.06134122610092163,0,,1.0382957491783196,0.8478669899782453,0.0440686898549664,0.07634754436753981,0.43623942552517936
288811,118,5866.259242964337,1200,1.6214021745325897,0.06761324898523247,0.06330029666423798,0,,-0.26481300604470254,0.8386193914232816,0.05679075511266003,0.055027751196805946,0.35282583046774724
290011,119,5884.204126843272,1200,1.0864435199463418,0.04519772007645527,0.03432512655854225,0,,-3.774959217035349,0.8309193536854583,0.042133072928453474,0.03452762363309627,0.3048054707937587
291211,120,5983.592243705521,1200,1.2730460028753996,0.053142583421241445,0.04196556285023689,0,,-2.2961168648797567,0.8542152452434851,0.028404420240573613,0.048286987440550405,0.36400697377326996
292411,121,6160.558004087054,1200,1.677777300061634,0.06985958913736658,0.06378223747015,0,,-2.0779617432422484,0.905757233002598,0.025835641844933633,0.06855901125728638,0.4587347567977794
293611,122,6053.804001332779,1200,1.359411908772031,0.05674925940065345,0.04806742072105408,0,,-2.184857682077666,0.8717964736769236,0.029821310380395795,0.04923742464017566,0.3665870452377182
294811,123,6149.262123097552,1200,1.4563774318992253,0.060717199706760955,0.05331127718091011,0,,3.0546840713663532,0.8874927153055243,0.025498512108262386,0.04640445051198531,0.3302130477668046
296011,124,6220.702756464307,1200,1.7253948159565518,0.07167063153926713,0.06780317425727844,0,,1.7266777193737965,0.9167270232818155,0.027958403134734217,0.051115909150520826,0.4135290838860311
297211,125,6132.529502160399,1200,1.060821589061787,0.044324660577806006,0.03173327073454857,0,,-0.7475257453620369,0.8827061232138024,0.01669767773478739,0.039341442315362386,0.3989374723549898
298411,126,6257.321996727737,1200,1.530971872940523,0.06349067625152457,0.05491436645388603,0,,1.5217015748374516,0.9214964502745036,0.016031605879413432,0.05293866554347953,0.43337578773667085
299611,127,6270.864265023164,1200,1.44437709064794,0.05987313071690251,0.049165405333042145,0,,1.0997682458724045,0.9138426989807855,0.010905506827382273,0.05222828741722992,0.3567018079649695
300811,128,6278.7649577607635,1200,1.5820136887939134,0.06553964511703798,0.05585264787077904,0,,1.03538610967588,0.9197370822505818,0.011938278894338747,0.0742427007292522,0.37808820106046864
302011,129,6286.772275937974,1200,1.546502342607325,0.06405577334499937,0.055629998445510864,0,,1.3650025581324368,0.9185256421975775,0.014875417363554683,0.06860624902928493,0.3949615502324672
303211,130,6119.240724115408,1200,1.7926742757058916,0.07436762935177191,0.06991156190633774,0,,0.347921473239297,0.8854880803932705,0.038959068634603466,0.07553210119069782,0.36702603245560894
304411,131,6230.4743241845945,1200,1.345838261172465,0.0558407556553976,0.044184181839227676,0,,0.7021138779572265,0.8983249628921959,0.014090815184802,0.05140236328802467,0.32908045172672523
305611,132,5756.271037063823,1200,1.2601788689438804,0.05241311406883356,0.042487286031246185,0,,-1.6993863076877438,0.8034672059203227,0.05656711183292344,0.0708590565158024,0.3712108541359715
306811,133,6174.265484003054,1200,2.1045366311265754,0.08752507447402477,0.08611584454774857,0,,1.2213771100940607,0.9132447346338757,0.035819343286619454,0.0947980924808701,0.4337136000112465
308011,134,2786.138249960056,1200,1.4606777793332122,0.061626594385227475,0.1150025948882103,0,,-4.55167445932387,0.3629475125813415,0.4534863328913939,0.1052851502921941,0.42344553385442923
309211,135,5418.87217051813,1200,2.1917530477624876,0.09165494563911417,0.10221061110496521,0,,-4.148225247487529,0.7785102913880176,0.12132687687455006,0.10339422846692108,0.44812207740109233
310411,136,5733.1911740666,1200,1.7537016759618385,0.07316193509126147,0.07324019819498062,0,,-3.962982369105349,0.8203231065164636,0.07910782347725728,0.06665331037461157,0.3373049987722941
311611,137,5870.966667065567,1200,2.5875621355649074,0.10764583022454621,0.11244680732488632,0,,1.9750344697582818,0.8479681113657794,0.0706607100909166,0.0819521706758372,0.46613421873578137
312811,138,5729.846524458624,1200,1.8989576757931357,0.07939876281794431,0.08047929406166077,0,,-3.822099146825239,0.8156555558311207,0.07377670971711131,0.04612736792225208,0.32200620878545066
314011,139,6135.037240180508,1200,2.50312388692842,0.10400176198086768,0.10632415115833282,0,,1.8850929413176425,0.8876334095408039,0.05104375961079277,0.024457750831455124,0.38452593498936005
315211,140,6195.723703260197,1200,2.6059845112146665,0.1082586395634354,0.10907469689846039,0,,-0.6970070345456503,0.8960483957984292,0.04318775411312694,0.0272692430290548,0.4192859016208525
316411,141,6333.634040590224,1200,2.0704313083336503,0.08630610466605125,0.07926276326179504,0,,-0.08588662506943015,0.9168617852072947,0.017791094783923114,0.035469773803008246,0.4786386747887379
317611,142,6053.150311055761,1200,1.3096668814166408,0.05423609048776252,0.04551622271537781,0,,0.19631806076086722,0.8646788448213347,0.03345072495916488,0.06132509359874664,0.33629966681184426
318811,143,6273.7545906435535,1200,2.306245577688291,0.09581179837059496,0.09643625468015671,0,,1.1165358573145656,0.913513851875839,0.04110902721462293,0.04627998857119242,0.36458831135513375
320011,144,6258.463696351084,1200,2.2722538066130267,0.09443608959786153,0.09404484182596207,0,,2.0867524633225236,0.9163047149236231,0.036598049046603666,0.0728636827089907,0.33232614628483037
321211,145,6348.781411399462,1200,2.417301396230024,0.10054912453057605,0.09873504191637039,0,,0.4502203489229571,0.9310256938636534,0.025039416952230498,0.07903593788280708,0.3979149770475443
322411,146,6343.991837023363,1200,2.005101488678726,0.08329669494900517,0.07893411070108414,0,,0.19875347616136885,0.9348791736183316,0.02013152699395635,0.07287038697846691,0.42215122294786095
323611,147,6170.629296057572,1200,2.6802931854682353,0.1117305720057279,0.11200089007616043,0,,1.7338805434253672,0.9114757278921024,0.03455603293542293,0.06380047087250923,0.47021888129065703
324811,148,6371.0377577199215,1200,2.470936579996032,0.10285473806582889,0.0992288738489151,0,,2.507270201182437,0.9317425996957,0.020631947885171024,0.040542754306829465,0.4025345951280002
326011,149,6117.345636036583,1200,2.715489922504002,0.11296398685434257,0.1142386719584465,0,,2.1582678286477712,0.8999932746638681,0.043194466864154964,0.06380338417935097,0.43405958486624097
327211,150,6423.059915032704,1200,2.2025616109114927,0.09154498483663533,0.08341510593891144,0,,0.7907130557587205,0.9352649984776635,0.00750275027474087,0.05004928775879624,0.4597692306735312
328411,151,6335.512183890039,1200,1.3970702889800921,0.05777712502297156,0.045859452337026596,0,,1.7953902831013686,0.9136134981904417,0.007762269449838956,0.033465164819541045,0.4505500228675105
329611,152,6366.246919333341,1200,1.9586088187970956,0.08118358801002272,0.07341806590557098,0,,-0.673186065120005,0.92765085695711,0.011929014460399723,0.044065273219254214,0.48326555053928044
330811,153,6160.047701564324,1200,1.260011619459074,0.05225341339643998,0.0419485978782177,0,,-1.8762188564228623,0.8822425504967467,0.026053284655807012,0.03880226878800538,0.42526498566018084
332011,154,5452.131684926954,1200,1.3492639023518644,0.056381771451197944,0.05225273594260216,0,,0.7160168125263082,0.7598224012182279,0.09622968086120554,0.06515015418184392,0.4483513299314844
333497,1,5693.68613510268,1200,1.4624036246651624,0.061360058921183847,0.04916240647435188,0,,1.5487765548205388,0.7670725234459187,0.030295014461767807,0.0462150977404775,0.40443475543122603
334697,2,5573.736236387011,1200,1.3476659964821134,0.05633235900803232,0.04675554484128952,0,,-1.0808148456719842,0.7602639631568313,0.06343729518755659,0.07075312003389085,0.31743446877539305
335897,3,5817.677121561952,1200,2.2293443710204075,0.09251212251630282,0.09293290227651596,0,,0.41765924341161714,0.8236133665773103,0.07541697811920277,0.08741219265818721,0.41522390394829134
337188,1,5693.68613510268,1200,1.4624036246651624,0.061360058921183847,0.04916240647435188,0,,1.5487765548205388,0.7670725234459187,0.030295014461767807,0.0462150977404775,0.40443475543122603
338388,2,5573.736236387011,1200,1.3476659964821134,0.05633235900803232,0.04675554484128952,0,,-1.0808148456719842,0.7602639631568313,0.06343729518755659,0.07075312003389085,0.31743446877539305
339588,3,5817.677121561952,1200,2.2293443710204075,0.09251212251630282,0.09293290227651596,0,,0.41765924341161714,0.8236133665773103,0.07541697811920277,0.08741219265818721,0.41522390394829134
340788,4,5428.344495699247,1200,1.7082685243125,0.07133258430036171,0.06993472576141357,0,,3.4015104938084755,0.7482487845867415,0.09210244277167551,0.0795479818943794,0.4313795848203139
341988,5,5591.385518214013,1200,1.819451552837904,0.07593379476685677,0.07335115224123001,0,,0.815343555506449,0.7624095870366662,0.07489488632377762,0.049847766083128915,0.423078980708924
343188,6,5666.785903210198,1200,1.4572577914120346,0.06137709868870491,0.05260893329977989,0,,-2.0361474729731626,0.7709631831351704,0.04940048544952917,0.04429780044463784,0.43175467463503375
344388,7,5930.711497732478,1200,2.032959387329041,0.08458813783902364,0.0803624764084816,0,,0.385507906005322,0.8367372879689511,0.04237105578625733,0.06326906442618718,0.4342152645238631
345588,8,6301.564663192988,1200,2.4984159227336002,0.10374439561601016,0.09893645346164703,0,,-0.6793036796890206,0.9281273310109072,0.017946447626233493,0.09999137566013017,0.5000795088829446
346788,9,5246.326230491842,1200,1.9936457524786668,0.08357047729613672,0.09100709855556488,0,,0.4659686094022993,0.7349335090023869,0.13371511669196395,0.0562705468281116,0.3003000098359933
347988,10,5435.9620802346735,1200,2.3250590664641977,0.0970786807104341,0.1034945696592331,0,,2.1885310307291803,0.7581992211901172,0.10764432951573916,0.0972365140845452,0.37407143071162535
349188,11,5858.510908907991,1200,2.1107791052279294,0.08819469923362028,0.08326853066682816,0,,2.541892177335638,0.8343208401841644,0.040125407505892344,0.08527573232517731,0.4139366858396621
350388,12,5718.910691332158,1200,1.5242576045310483,0.06358086351313236,0.059398628771305084,0,,-0.2900819236790545,0.8064399599034252,0.06871953060186521,0.05728233966575567,0.3437892554319909
351588,13,4827.560641869564,1200,2.418634716044295,0.10288745980917179,0.11178417503833771,0,,-6.672722662106963,0.7329127428373993,0.10806662050495615,0.07962719870499586,0.5295450704183563
353666,1,4650.229226730282,1200,1.1910669259221134,0.04937186569940795,0.04916240647435188,0,,-0.6774044565771338,0.5968886869463589,0.18796792040735674,0.07293581132514153,0.30149143799182865
354866,2,4484.180310788114,1200,1.0850063629122357,0.04510193796777657,0.04675554484128952,0,,0.8856834523858096,0.5706967385163115,0.22746408164271642,0.07384661570642101,0.25279398549392645
356066,3,5372.92665075212,1200,2.0404263503207494,0.08528409001433039,0.09293290227651596,0,,0.7393633834669867,0.729424384081814,0.12297267904368543,0.09421352609595911,0.3588706418681548
357266,4,5355.9204380938645,1200,1.5678405385096479,0.06581606890514008,0.06993472576141357,0,,1.7028975131452482,0.7477396462342385,0.13384719763116898,0.0705707675367123,0.3512523419794253
358917,1,4650.229226730282,1200,1.1910669259221134,0.04937186569940795,0.04916240647435188,0,,-0.6774044565771338,0.5968886869463589,0.18796792040735674,0.07293581132514153,0.30149143799182865
360117,2,4484.180310788114,1200,1.0850063629122357,0.04510193796777657,0.04675554484128952,0,,0.8856834523858096,0.5706967385163115,0.22746408164271642,0.07384661570642101,0.25279398549392645
301200,1,1191.2403791754552,1200,-0.017265790896446448,0.0021244561818547104,0.0035105359793011675,-0.09251277893781662,0,,2.785077821331255,0.02177616373621121,0.9016581375504173,0.020925785374656974,0.27714787914703215
302400,2,975.220403703681,1200,-0.12110232729473916,0.004856768700598105,0.0010793300060464662,-0.09973336011171341,0,,4.681141041432309,0.016109628271502686,0.9244825023557197,0.02514364800671375,0.3029512006221129
303600,3,4681.761195302783,1200,0.962227906471692,0.05136284803122167,0.0006966493785135887,0.038798704743385315,0,,0.9758571503372289,0.5757493935851017,0.1995066608730119,0.05693018852130552,0.39207212690844273
304800,4,915.4493500401649,1200,-0.23821067993027253,0.007692424885164174,0.007925129410464735,-0.030195830389857292,0,,6.809867687634464,0.0794856488042904,0.9012815840780026,0.04399501749107784,0.32777895865514906
306000,5,1136.5054418460848,1200,-0.10327818991753177,0.013579659031686526,-7.254744503494059e-05,-0.019946550950407982,0,,0.09887828374281474,0.0307041045773881,0.932724034017088,0.035623552827583074,0.33354785596317665
307200,6,1188.4117967463235,1200,-0.006819262601668476,-0.0015439239423673643,0.0015617034079452574,-0.08217320591211319,0,,-0.3932233644684539,0.010904836705938966,0.9112974889008811,0.005970973166352323,0.33827389099175664
308400,7,1471.6761867972064,1200,0.1332977474608608,0.022053838289035087,0.004297930346635445,0.001087437616661191,0,,2.8789498069771944,0.09358611714397312,0.8347416495018443,0.03819398557681588,0.33476073418257957
309600,8,1742.9684330298758,1200,0.8215009706595316,0.060345884591325394,0.0027003748619188043,0.05680936574935913,0,,0.879679607431066,0.03802460133715692,0.6889734176004637,0.06345051156819137,0.4210630148524666
310800,9,3848.539733914097,1200,0.8652111677356666,0.05477961761190774,-0.0014764753340144076,0.033021289855241776,0,,0.42999457612829617,0.4073101306605238,0.285912850033524,0.05963336449649267,0.345813125014156
312000,10,1485.364368634297,1200,0.5850704558508286,0.048317583200305464,0.004146364000645588,0.07048371434211731,0,,0.563315583167939,0.03417992388809042,0.7695094455408658,0.07085377378551591,0.28215420598311963
301200,1,1397.4123911496076,1200,0.027580636027924536,-0.0016219409337311676,0.003879157340913222,-0.09251277893781662,0,,-2.1886867415110824,0.04196528823486356,0.8480197139438835,0.009354272015039432,0.3642066303758165
302400,2,1302.3316319426785,1200,0.002906795912018591,-0.0012923727011425648,0.0032233552631867673,-0.09973336011171341,0,,0.3592916086636799,0.03788675134313373,0.8746428425489386,0.03887748379875175,0.2975255757559302
303600,3,4346.299851358712,1200,0.45435848931881917,0.04707307675068512,0.00030730060937853634,0.038798704743385315,0,,-0.32874993315825024,0.5359456481373253,0.2699990814741081,0.06318722189326843,0.42395836797071884
304800,4,1257.1056608541687,1200,-0.08635533475185626,0.008567975661550015,0.00044229665955033027,-0.030195830389857292,0,,0.733374549009755,0.08632187117754635,0.8717534782919305,0.05676816920809402,0.2998762660265441
306000,5,903.4283324910734,1200,-0.1436838350560868,0.01939203318595472,0.007358934208109913,-0.019946550950407982,0,,7.06311727213481,0.05214136415043068,0.9087747496537937,0.063790405270015,0.36226438123741467
307200,6,1211.4078984401885,1200,-0.05918933782899242,0.0011439087733551543,0.005278428224876137,-0.08217320591211319,0,,1.6623665905801126,0.02486988538615963,0.8902525001776597,0.01126035081621462,0.2891134908494106
308400,7,1585.3876511340795,1200,0.08135848606290152,0.01900097392736372,0.007230140035483564,0.001087437616661191,0,,5.243388730454372,0.11706533080624441,0.798131545928138,0.05655868425057409,0.38085314094978445
309600,8,1724.2588914867417,1200,0.37732335620428104,0.05546274433877066,0.00393022662701617,0.05680936574935913,0,,2.780804831642708,0.04745222333764243,0.6964166390305014,0.0766166592891085,0.43618679716613834
310800,9,3270.8746941655895,1200,0.3038153639585403,0.04463518710504532,-0.005429450407690246,0.033021289855241776,0,,-6.510713007658671,0.35912573241573975,0.41867727139402944,0.0803807493607474,0.38668918906776584
312000,10,1716.9332583001803,1200,0.39904873799145973,0.0652696953470847,0.005393504182869304,0.07048371434211731,0,,-3.665845889072634,0.05009217063009052,0.682367700534498,0.08087834078641859,0.3940387089604043
313200,11,1826.531929758386,1200,0.05615710419848785,0.019669097866601173,-0.0011755834188253,0.009805592708289623,0,,-1.821332727540015,0.1647269021764762,0.7427126729335597,0.06631259793562633,0.3545927363072779
314400,12,1155.5413958148451,1200,-0.029459398275373125,0.0029467119714210476,-0.002639044283723482,-0.061804115772247314,0,,-1.482268327689276,0.049629871692718805,0.8858036945748745,0.03495410921360098,0.3524046424702049
315600,13,755.7970249988797,1200,0.3521841791500596,0.05794351305871815,-0.01769539918271912,0.09535253047943115,0,,-18.739462017783335,0.05133415615287518,0.6948822829277099,0.09934372172519433,0.39337474699940306
316800,14,3374.2587048846926,1200,0.3523019769781996,0.041117356458437906,-0.005707967185675116,0.026097871363162994,0,,-9.041532884260661,0.3795022926582251,0.2996950540325792,0.10186109102032193,0.3348969165204967
318000,15,2278.8394752607487,1200,0.5024911205197266,0.05279660441566915,-0.00545500926871201,0.08315484970808029,0,,-7.148217480856726,0.1868288653919021,0.570910863351547,0.08414020202495562,0.37762391718926913
319200,16,3746.737907466022,1200,0.35849457273380836,0.03626674739785358,-0.003098033626346535,0.03174787387251854,0,,-10.716001938126835,0.5049011816332888,0.3013749591071106,0.08818805438831269,0.37486848061582867
320400,17,1254.546447959976,1200,0.37042546415930244,0.03742970944945524,-0.018066981023891926,0.04450265318155289,0,,-13.101339903982556,0.06131930953489441,0.7186744191368993,0.08331933075400726,0.278709070543394
321600,18,2752.2920502412917,1200,0.6973343762891078,0.058842208773122295,-0.014730475920590435,0.11986126005649567,0,,0.6571120365438252,0.26047560436646516,0.48236074958429753,0.08721055267901474,0.3670270310460869
322800,19,1844.8119791402357,1200,0.5911682283699011,0.06797032694244924,-0.00611626495487735,0.11414295434951782,0,,2.981901044181164,0.05280841844978527,0.6140373021377555,0.08735534919248042,0.32310748779875126
324000,20,2322.8692483546515,1200,0.540747411626405,0.07386273842596595,-0.0002877948092451533,0.061025165021419525,0,,-3.347143969084105,0.13474448011208118,0.5226802859912324,0.08495589869619309,0.4782633915334679
325200,21,4802.448434744216,1200,0.959211272117874,0.0804864556687684,0.005977471498627108,0.08451487869024277,0,,-4.676423422415153,0.6345410671506237,0.171227921742405,0.11379326216102442,0.4055480666282436
326400,22,1044.6485086683265,1200,0.02680009400271402,0.0520661392748738,-0.001132814162134465,0.008304180577397346,0,,0.05446866466812393,0.008360154996441877,0.8847464580291141,0.06308389878122739,0.4341901891245441
327600,23,1385.304948315865,1200,0.18474150059557776,0.04053481389728946,0.008939888501824894,0.016456730663776398,0,,4.890270932355357,0.04572462888139017,0.7965896564681001,0.060606541000766304,0.26215666391813025
328800,24,1426.4086190437192,1200,0.18190826305434324,0.0002861756457559305,0.023660739542680963,-0.06828116625547409,0,,0.32603524869748224,0.07888683913779254,0.7689377664948901,0.10538543076165025,0.30095100332870356
330000,25,4729.179006464471,1200,0.496400712289783,0.05155110720476531,0.0008813486645376703,0.016360163688659668,0,,1.3424729270618923,0.542454756131199,0.06772421711715422,0.07036909979273967,0.22468949510265507
331200,26,3426.5023995885367,1200,0.969673457541051,0.08498533353261697,0.011452416081056129,0.11591692268848419,0,,-2.1608036838799927,0.3552068628780436,0.32761130436182867,0.08366398702227235,0.2474019041302789
332400,27,2123.5095804810253,1200,0.7010985940989987,0.06218633753040259,0.02917408169559349,0.07085574418306351,0,,-7.6131237002591,0.13162716424866738,0.5262961803098024,0.09215812307039677,0.3799409796887983
333600,28,1213.1264902299959,1200,-0.03386886060462403,0.01905677925497786,-0.006001263490215614,-0.040280867367982864,0,,2.6746531556839037,0.07200960923737455,0.8198879448395158,0.08301948444649904,0.3394723978841477
334800,29,3645.7150821717273,1200,0.5606368539070743,0.06240329022621589,0.02443221608471524,0.024479271844029427,0,,-2.627361425210861,0.34822098366294774,0.28375027289611493,0.0818462502763507,0.34484381005774706
336000,30,1071.7530646445873,1200,-0.046163844744320254,0.011909600936258192,-0.008161026760414084,-0.08946576714515686,0,,2.247154087761522,0.026557770197735524,0.8702200347318093,0.07047407796150129,0.32880118840139266
337200,31,1624.5093154241365,1200,0.7910773449392141,0.04309807437016148,0.05144005267424673,0.10199099034070969,0,,16.711032068942174,0.1791650727976495,0.5120941322084127,0.11915538809693073,0.44163532034300684
338400,32,1135.0840316380998,1200,-0.07780438309928228,0.006360511098861173,-0.0007275682340277594,-0.0864509791135788,0,,0.2540018558185491,0.04130742141262897,0.8948820859571126,0.056698596121505365,0.2882360924284632
339600,33,2018.0456088852764,1200,0.4938601364092231,0.04416984271851496,0.03891703252236389,0.007373590022325516,0,,0.13366598507710278,0.10552915147133919,0.6103970814769677,0.06508374936473826,0.27408142256254975
340800,34,3339.6162637710063,1200,0.9750705345144164,0.08442464007979973,0.037871629395851016,0.06354160606861115,0,,-4.300951456882565,0.3165319442886036,0.24735173210899,0.08613938958305893,0.3142613862514569
342000,35,2303.7217872461565,1200,1.0419756007811025,0.08485833292640983,0.035736967974142136,0.10489234328269958,0,,-8.769358957846416,0.23749984289282292,0.3779687108408857,0.10687126108899996,0.31492283149426026
343200,36,1801.3296908179318,1200,0.2435670334794389,0.0518899239061432,-0.012000814129934305,0.014882202260196209,0,,-0.46149202844213355,0.0927859826229714,0.6867638265445586,0.08582606266621559,0.33856764337651335
344400,37,1267.0461663891622,1200,-0.041543598523424596,0.006147863750483386,0.010289527786669113,-0.07245174050331116,0,,1.7687200952840476,0.07164510873517348,0.8328893699094952,0.0954884776099663,0.32793329908864605
345600,38,3912.3007585641553,1200,0.5945433886012794,0.04938573072906898,0.035590452812590545,0.02211187779903412,0,,1.4430900062447305,0.43464737786331237,0.28050909547963093,0.05446832817639324,0.26120317299367557
346800,39,4988.486967900162,1200,1.0377803235562817,0.08154663054669763,0.030266013863146715,0.06965835392475128,0,,7.172540895235189,0.6507480371654346,0.08147539150319301,0.06949773300606266,0.24201190427869293
348000,40,1507.7833085843042,1200,0.03973447502771564,-0.0026304052863163063,-0.0016864517414303926,-0.08500024676322937,0,,3.9999657950173457,0.08019965015302744,0.7657067827452371,0.030607984112999056,0.39988921353079987
349200,41,2307.992234163521,1200,0.9143017664580864,0.07780643539101369,-0.032381203168106755,0.10228372365236282,0,,5.955055623178801,0.15506181512875472,0.4867917424563808,0.11895621651887048,0.4038911546304089
350400,42,2168.5799073882536,1200,0.47302875558223256,0.016417156909972527,0.0370168827613806,0.017968570813536644,0,,11.38507711578975,0.27687715052715695,0.47792397712555773,0.10131640098987511,0.39841987020922726
351600,43,2701.690000953281,1200,0.8468719688676996,0.030334542229170366,0.07297340703264057,-0.0075827231630682945,0,,13.81681061537475,0.2924630789992387,0.3284346131081568,0.09570466839352125,0.36056730527198716
352800,44,1704.8749059642992,1200,0.7625004989033701,0.03824951541385701,0.05089088754163659,0.08186881244182587,0,,-38.345860855404595,0.18210389860818113,0.5088698469035682,0.12225012902738357,0.34716897046400275
354000,45,1637.829428438853,1200,-0.14064074954200106,0.02409252126456796,-0.011751156589533318,-0.011708329431712627,0,,-4.559785743141269,0.18893533954056876,0.7469183440853309,0.07662501930264595,0.32265730504254053
355200,46,2654.1902352639827,1200,1.1013480224578365,0.09387104139348694,-0.03153623865123452,0.11680756509304047,0,,-3.0135816302737055,0.23567151302092654,0.3927570148927456,0.11533207433905929,0.3481800687742585
356400,47,1459.421311055816,1200,0.18495749360030894,-0.011565683835769062,-0.010888165858811574,-0.11716581881046295,0,,-7.976399907774603,0.08250908794456409,0.7266007775770563,0.11482544694909874,0.36578623609092975
357600,48,2876.692688842184,1200,0.48718993078922196,0.012404266151143388,0.0503424686371787,-0.02561996690928936,0,,-5.278110786966945,0.28661407475369743,0.4226344560191348,0.09288069637669404,0.27244000349160113
358800,49,3997.3674005447974,1200,1.1656411591433171,0.08762305109022621,0.048770957797194474,0.06742055714130402,0,,-4.6582788837229705,0.4897989826285712,0.13841131549673003,0.10212052896686784,0.2711236406246854
360000,50,5260.794194376521,1200,1.0544850218665887,0.07755117367137264,0.045633778500987085,0.05641930550336838,0,,3.8906955709559883,0.6812107626280273,0.051789512691966307,0.09861878796395733,0.3096407771601737
301200,1,1397.4123911496076,1200,0.027580636027924536,-0.0016219409337311676,0.003879157340913222,-0.09251277893781662,0,,-2.1886867415110824,0.04196528823486356,0.8480197139438835,0.009354272015039432,0.3642066303758165
302400,2,1302.3316319426785,1200,0.002906795912018591,-0.0012923727011425648,0.0032233552631867673,-0.09973336011171341,0,,0.3592916086636799,0.03788675134313373,0.8746428425489386,0.03887748379875175,0.2975255757559302
303600,3,4346.299851358712,1200,0.45435848931881917,0.04707307675068512,0.00030730060937853634,0.038798704743385315,0,,-0.32874993315825024,0.5359456481373253,0.2699990814741081,0.06318722189326843,0.42395836797071884
304800,4,1257.1056608541687,1200,-0.08635533475185626,0.008567975661550015,0.00044229665955033027,-0.030195830389857292,0,,0.733374549009755,0.08632187117754635,0.8717534782919305,0.05676816920809402,0.2998762660265441
306000,5,903.4283324910734,1200,-0.1436838350560868,0.01939203318595472,0.007358934208109913,-0.019946550950407982,0,,7.06311727213481,0.05214136415043068,0.9087747496537937,0.063790405270015,0.36226438123741467
307200,6,1211.4078984401885,1200,-0.05918933782899242,0.0011439087733551543,0.005278428224876137,-0.08217320591211319,0,,1.6623665905801126,0.02486988538615963,0.8902525001776597,0.01126035081621462,0.2891134908494106
308400,7,1585.3876511340795,1200,0.08135848606290152,0.01900097392736372,0.007230140035483564,0.001087437616661191,0,,5.243388730454372,0.11706533080624441,0.798131545928138,0.05655868425057409,0.38085314094978445
309600,8,1724.2588914867417,1200,0.37732335620428104,0.05546274433877066,0.00393022662701617,0.05680936574935913,0,,2.780804831642708,0.04745222333764243,0.6964166390305014,0.0766166592891085,0.43618679716613834
310800,9,3270.8746941655895,1200,0.3038153639585403,0.04463518710504532,-0.005429450407690246,0.033021289855241776,0,,-6.510713007658671,0.35912573241573975,0.41867727139402944,0.0803807493607474,0.38668918906776584
312000,10,1716.9332583001803,1200,0.39904873799145973,0.0652696953470847,0.005393504182869304,0.07048371434211731,0,,-3.665845889072634,0.05009217063009052,0.682367700534498,0.08087834078641859,0.3940387089604043
313200,11,1826.531929758386,1200,0.05615710419848785,0.019669097866601173,-0.0011755834188253,0.009805592708289623,0,,-1.821332727540015,0.1647269021764762,0.7427126729335597,0.06631259793562633,0.3545927363072779
314400,12,1155.5413958148451,1200,-0.029459398275373125,0.0029467119714210476,-0.002639044283723482,-0.061804115772247314,0,,-1.482268327689276,0.049629871692718805,0.8858036945748745,0.03495410921360098,0.3524046424702049
315600,13,755.7970249988797,1200,0.3521841791500596,0.05794351305871815,-0.01769539918271912,0.09535253047943115,0,,-18.739462017783335,0.05133415615287518,0.6948822829277099,0.09934372172519433,0.39337474699940306
316800,14,3374.2587048846926,1200,0.3523019769781996,0.041117356458437906,-0.005707967185675116,0.026097871363162994,0,,-9.041532884260661,0.3795022926582251,0.2996950540325792,0.10186109102032193,0.3348969165204967
318000,15,2278.8394752607487,1200,0.5024911205197266,0.05279660441566915,-0.00545500926871201,0.08315484970808029,0,,-7.148217480856726,0.1868288653919021,0.570910863351547,0.08414020202495562,0.37762391718926913
319200,16,3746.737907466022,1200,0.35849457273380836,0.03626674739785358,-0.003098033626346535,0.03174787387251854,0,,-10.716001938126835,0.5049011816332888,0.3013749591071106,0.08818805438831269,0.37486848061582867
320400,17,1254.546447959976,1200,0.37042546415930244,0.03742970944945524,-0.018066981023891926,0.04450265318155289,0,,-13.101339903982556,0.06131930953489441,0.7186744191368993,0.08331933075400726,0.278709070543394
321600,18,2752.2920502412917,1200,0.6973343762891078,0.058842208773122295,-0.014730475920590435,0.11986126005649567,0,,0.6571120365438252,0.26047560436646516,0.48236074958429753,0.08721055267901474,0.3670270310460869
322800,19,1844.8119791402357,1200,0.5911682283699011,0.06797032694244924,-0.00611626495487735,0.11414295434951782,0,,2.981901044181164,0.05280841844978527,0.6140373021377555,0.08735534919248042,0.32310748779875126
324000,20,2322.8692483546515,1200,0.540747411626405,0.07386273842596595,-0.0002877948092451533,0.061025165021419525,0,,-3.347143969084105,0.13474448011208118,0.5226802859912324,0.08495589869619309,0.4782633915334679
325200,21,4802.448434744216,1200,0.959211272117874,0.0804864556687684,0.005977471498627108,0.08451487869024277,0,,-4.676423422415153,0.6345410671506237,0.171227921742405,0.11379326216102442,0.4055480666282436
326400,22,1044.6485086683265,1200,0.02680009400271402,0.0520661392748738,-0.001132814162134465,0.008304180577397346,0,,0.05446866466812393,0.008360154996441877,0.8847464580291141,0.06308389878122739,0.4341901891245441
327600,23,1385.304948315865,1200,0.18474150059557776,0.04053481389728946,0.008939888501824894,0.016456730663776398,0,,4.890270932355357,0.04572462888139017,0.7965896564681001,0.060606541000766304,0.26215666391813025
328800,24,1426.4086190437192,1200,0.18190826305434324,0.0002861756457559305,0.023660739542680963,-0.06828116625547409,0,,0.32603524869748224,0.07888683913779254,0.7689377664948901,0.10538543076165025,0.30095100332870356
330000,25,4729.179006464471,1200,0.496400712289783,0.05155110720476531,0.0008813486645376703,0.016360163688659668,0,,1.3424729270618923,0.542454756131199,0.06772421711715422,0.07036909979273967,0.22468949510265507
331200,26,3426.5023995885367,1200,0.969673457541051,0.08498533353261697,0.011452416081056129,0.11591692268848419,0,,-2.1608036838799927,0.3552068628780436,0.32761130436182867,0.08366398702227235,0.2474019041302789
332400,27,2123.5095804810253,1200,0.7010985940989987,0.06218633753040259,0.02917408169559349,0.07085574418306351,0,,-7.6131237002591,0.13162716424866738,0.5262961803098024,0.09215812307039677,0.3799409796887983
333600,28,1213.1264902299959,1200,-0.03386886060462403,0.01905677925497786,-0.006001263490215614,-0.040280867367982864,0,,2.6746531556839037,0.07200960923737455,0.8198879448395158,0.08301948444649904,0.3394723978841477
334800,29,3645.7150821717273,1200,0.5606368539070743,0.06240329022621589,0.02443221608471524,0.024479271844029427,0,,-2.627361425210861,0.34822098366294774,0.28375027289611493,0.0818462502763507,0.34484381005774706
336000,30,1071.7530646445873,1200,-0.046163844744320254,0.011909600936258192,-0.008161026760414084,-0.08946576714515686,0,,2.247154087761522,0.026557770197735524,0.8702200347318093,0.07047407796150129,0.32880118840139266
337200,31,1624.5093154241365,1200,0.7910773449392141,0.04309807437016148,0.05144005267424673,0.10199099034070969,0,,16.711032068942174,0.1791650727976495,0.5120941322084127,0.11915538809693073,0.44163532034300684
338400,32,1135.0840316380998,1200,-0.07780438309928228,0.006360511098861173,-0.0007275682340277594,-0.0864509791135788,0,,0.2540018558185491,0.04130742141262897,0.8948820859571126,0.056698596121505365,0.2882360924284632
339600,33,2018.0456088852764,1200,0.4938601364092231,0.04416984271851496,0.03891703252236389,0.007373590022325516,0,,0.13366598507710278,0.10552915147133919,0.6103970814769677,0.06508374936473826,0.27408142256254975
340800,34,3339.6162637710063,1200,0.9750705345144164,0.08442464007979973,0.037871629395851016,0.06354160606861115,0,,-4.300951456882565,0.3165319442886036,0.24735173210899,0.08613938958305893,0.3142613862514569
342000,35,2303.7217872461565,1200,1.0419756007811025,0.08485833292640983,0.035736967974142136,0.10489234328269958,0,,-8.769358957846416,0.23749984289282292,0.3779687108408857,0.10687126108899996,0.31492283149426026
343200,36,1801.3296908179318,1200,0.2435670334794389,0.0518899239061432,-0.012000814129934305,0.014882202260196209,0,,-0.46149202844213355,0.0927859826229714,0.6867638265445586,0.08582606266621559,0.33856764337651335
344400,37,1267.0461663891622,1200,-0.041543598523424596,0.006147863750483386,0.010289527786669113,-0.07245174050331116,0,,1.7687200952840476,0.07164510873517348,0.8328893699094952,0.0954884776099663,0.32793329908864605
345600,38,3912.3007585641553,1200,0.5945433886012794,0.04938573072906898,0.035590452812590545,0.02211187779903412,0,,1.4430900062447305,0.43464737786331237,0.28050909547963093,0.05446832817639324,0.26120317299367557
346800,39,4988.486967900162,1200,1.0377803235562817,0.08154663054669763,0.030266013863146715,0.06965835392475128,0,,7.172540895235189,0.6507480371654346,0.08147539150319301,0.06949773300606266,0.24201190427869293
348000,40,1507.7833085843042,1200,0.03973447502771564,-0.0026304052863163063,-0.0016864517414303926,-0.08500024676322937,0,,3.9999657950173457,0.08019965015302744,0.7657067827452371,0.030607984112999056,0.39988921353079987
349200,41,2307.992234163521,1200,0.9143017664580864,0.07780643539101369,-0.032381203168106755,0.10228372365236282,0,,5.955055623178801,0.15506181512875472,0.4867917424563808,0.11895621651887048,0.4038911546304089
350400,42,2168.5799073882536,1200,0.47302875558223256,0.016417156909972527,0.0370168827613806,0.017968570813536644,0,,11.38507711578975,0.27687715052715695,0.47792397712555773,0.10131640098987511,0.39841987020922726
351600,43,2701.690000953281,1200,0.8468719688676996,0.030334542229170366,0.07297340703264057,-0.0075827231630682945,0,,13.81681061537475,0.2924630789992387,0.3284346131081568,0.09570466839352125,0.36056730527198716
352800,44,1704.8749059642992,1200,0.7625004989033701,0.03824951541385701,0.05089088754163659,0.08186881244182587,0,,-38.345860855404595,0.18210389860818113,0.5088698469035682,0.12225012902738357,0.34716897046400275
354000,45,1637.829428438853,1200,-0.14064074954200106,0.02409252126456796,-0.011751156589533318,-0.011708329431712627,0,,-4.559785743141269,0.18893533954056876,0.7469183440853309,0.07662501930264595,0.32265730504254053
355200,46,2654.1902352639827,1200,1.1013480224578365,0.09387104139348694,-0.03153623865123452,0.11680756509304047,0,,-3.0135816302737055,0.23567151302092654,0.3927570148927456,0.11533207433905929,0.3481800687742585
356400,47,1459.421311055816,1200,0.18495749360030894,-0.011565683835769062,-0.010888165858811574,-0.11716581881046295,0,,-7.976399907774603,0.08250908794456409,0.7266007775770563,0.11482544694909874,0.36578623609092975
357600,48,2876.692688842184,1200,0.48718993078922196,0.012404266151143388,0.0503424686371787,-0.02561996690928936,0,,-5.278110786966945,0.28661407475369743,0.4226344560191348,0.09288069637669404,0.27244000349160113
358800,49,3997.3674005447974,1200,1.1656411591433171,0.08762305109022621,0.048770957797194474,0.06742055714130402,0,,-4.6582788837229705,0.4897989826285712,0.13841131549673003,0.10212052896686784,0.2711236406246854
360000,50,5260.794194376521,1200,1.0544850218665887,0.07755117367137264,0.045633778500987085,0.05641930550336838,0,,3.8906955709559883,0.6812107626280273,0.051789512691966307,0.09861878796395733,0.3096407771601737
361200,51,1688.4237725923538,1200,0.1932344559364827,-0.010354878097684267,-0.019318342417688115,-0.0971151739358902,0,,-4.297280682877948,0.10388619831794436,0.7258651184373167,0.11069766293640387,0.32104470431269516
362400,52,4530.39619594567,1200,0.7810377867539147,0.04570990800301482,0.048270849720071334,0.03399849683046341,0,,6.508705225550854,0.6436824489541115,0.13168254075579755,0.08519293907690537,0.30095509508498375
363600,53,2736.6873850279953,1200,0.16686113130229063,-0.010676143132381617,0.020591284801644464,-0.035676077008247375,0,,4.549713322152417,0.3011418354703911,0.5458430567445531,0.08248991027501705,0.3493650136795169
364800,54,5625.361857278516,1200,0.8633881075475601,0.06792372481526687,0.030453461613410518,0.04606970399618149,0,,-3.150723366561628,0.7511015914276631,0.024820952032435173,0.07858062997120784,0.28735276035925894
366000,55,2715.119909061421,1200,0.9149747578060461,0.046877972388636974,-0.060955327659841164,0.06949397176504135,0,,1.7392676607145325,0.26452216761396447,0.4411960078959726,0.1784027868381795,0.40733450463107246
367200,56,2858.942829793403,1200,0.09331918154606826,0.02290195979781826,-0.005623162356104217,0.0014314604923129082,0,,2.3375747357169216,0.3468819860087202,0.5118903185399674,0.06024145208094075,0.31340319381522247
368400,57,3914.4377790767194,1200,0.8047987485386007,0.02535574127706293,0.06890842588212243,-0.0037887566722929478,0,,5.020109406838009,0.4230573314089055,0.20823389092020655,0.11309817273683026,0.2795711229058827
369600,58,2327.1333077475756,1200,0.366374824763382,-0.01814883778449822,-0.024339512123337795,-0.048640914261341095,0,,6.742180191608911,0.2238100876566152,0.553949324150948,0.12290756122008915,0.38959494617224244
370800,59,4665.576756129793,1200,1.3782251393150144,0.08250169051187295,0.08250638683134909,0.06104665622115135,0,,9.005652028352058,0.5775208172458439,0.06667800049078722,0.08348514810454487,0.29042457536488475
372000,60,2601.896770267394,1200,0.6828788965895045,0.037051182055394066,-0.04485129477506605,0.04906998947262764,0,,-2.2702465651183394,0.27455179908809235,0.4721714989519131,0.13043818396903578,0.3487198781462845
373200,61,3075.114431277767,1200,0.5514057749959049,-0.018874262567423847,0.04941663906865014,-0.05208491161465645,0,,6.961081114089021,0.33082773997866544,0.4139220362911704,0.0847020914316678,0.331310653097517
374400,62,5505.913749752128,1200,0.8563535857722735,0.07114465166460535,0.007010883443488369,0.0491696335375309,0,,1.741148308192831,0.7312257148384999,0.027702191203662446,0.09271183919712428,0.30335654913445526
375600,63,2731.7848490177994,1200,0.6973160527838591,-0.05783384550283774,0.009678319406355461,-0.09831386804580688,0,,0.5298191608796713,0.24015537311154986,0.4494889005200568,0.15656260455381865,0.4566219870413137
376800,64,4375.824516442491,1200,1.1528506558069886,0.009237919491222234,0.09674073686578141,-0.0047925603576004505,0,,7.436548971149164,0.5255140927793103,0.15675062519706487,0.1225462983427968,0.29509255796440176
378000,65,5113.392714211411,1200,1.4066275579948238,0.07691068872956491,0.08859751394312042,0.06355510652065277,0,,6.0564608962690905,0.6793809967873282,0.04253523893808119,0.07887547835518303,0.2487565086410123
379200,66,2080.479111479592,1200,0.6961741323904342,0.009685924801263722,-0.057508831517876155,0.019409123808145523,0,,8.854700891259098,0.20117972231642398,0.5149342422525038,0.13825262663356636,0.4435527594466625
380400,67,3568.5105357804923,1200,1.5943508221187586,-0.07653636241372826,0.10977491000225352,-0.10291948169469833,0,,-2.600500578959306,0.3513861385452178,0.2210688374246881,0.13533125856192726,0.4318437719985248
381600,68,3353.712767311909,1200,1.2307035641678647,-0.10175217089653112,-0.020302927228039138,-0.11823644489049911,0,,2.6512351920102986,0.3201517905032857,0.2559691417369896,0.16262333557362119,0.4587167734345353
382800,69,4697.603456116541,1200,1.107095657811024,-0.06012456976288112,0.07120993559574067,-0.06376905739307404,0,,5.720979101666486,0.5972071570588049,0.1173647642901832,0.08614872366239233,0.34326108191204785
384000,70,4666.503357320138,1200,1.147762725644064,0.09503030318880187,-0.014764698096689344,0.1006133034825325,0,,3.048188032987949,0.5893786796957173,0.16962402234684854,0.15155682357562997,0.4641356882351347
385200,71,3995.0295589469724,1200,1.3279259031137838,-0.05303250971779541,0.09721701593768871,-0.06348595768213272,0,,5.660751612966161,0.504030620164321,0.17591540149699578,0.12804176039886564,0.39177232266289724
386400,72,5183.760789470503,1200,0.7690912475785419,0.06332956612950985,-0.009540182351513687,0.036953553557395935,0,,2.0780978316400183,0.6502245497832614,0.0261098428609402,0.08319418716313938,0.2789779635082158
387600,73,4011.0063511961735,1200,1.2397808175436575,0.10450441459835352,-0.0005842028927935759,0.11473026126623154,0,,4.576656707971742,0.48709791911045275,0.19893571952022793,0.08497657657199839,0.2356521389839381
388800,74,3183.5108897699592,1200,0.757592533792298,0.02789449280947651,-0.05805155416476547,0.0178313497453928,0,,-1.7863211287209213,0.3745595741349876,0.3505737564572883,0.16489488643902295,0.4031352892153456
390000,75,3653.079412903703,1200,0.5374693113109905,0.020750892628002213,-0.04118174618306347,0.010336006991565228,0,,-4.220725029131994,0.4387877084085097,0.33674097657739277,0.1308887043945975,0.40527129499347486
391200,76,3750.7770034263594,1200,1.3388226116304611,0.08072396916094277,0.07853320972665077,0.112067312002182,0,,-0.10553186630409686,0.4031339003862341,0.2640324331226026,0.12789359924074375,0.30555949886318723
392400,77,3556.0709567995796,1200,0.9032473683529019,0.03651278852852746,-0.06622040009230051,0.03741971030831337,0,,-1.3617747422291853,0.4171602897930813,0.30434669684093574,0.17754085146039794,0.4519429345332491
393600,78,2863.116537683825,1200,0.9499082296981416,-0.0808700917320119,0.011636019135439749,-0.09106141328811646,0,,-14.046477752568796,0.31916401440031983,0.2907509528522882,0.1793818379414992,0.45270657648243645
394800,79,4978.474769845791,1200,1.1956084447581552,0.0971265328970843,0.023922900237189754,0.08947332948446274,0,,-0.5640166023822278,0.6464629190111698,0.09153434683341033,0.09146271178340101,0.3673874207485864
396000,80,4732.344377154135,1200,1.3547573727879871,0.09324468905627883,-0.06360997585096544,0.09497540444135666,0,,5.1399418649987085,0.6114874645966835,0.14026360904229432,0.1681903767799572,0.4257919132368485
397200,81,5057.5986472298455,1200,1.1716898616898268,0.09548714026587092,0.021275263971239983,0.0868380218744278,0,,6.339147404167547,0.6828860740267193,0.07970557622280657,0.10672290441260723,0.27738853880185965
398400,82,3563.0955397398134,1200,1.2470296388550244,-0.10256660232819474,-0.018524786110194525,-0.08984320610761642,0,,9.591575476403284,0.40274906416649897,0.13831255671049683,0.10892113902671582,0.3486895477373127
399600,83,2797.782346803806,1200,0.6914561548114926,-0.01580766786157322,-0.05624691188536854,-0.01385223213583231,0,,5.653697846774446,0.308925771822985,0.38431200937464816,0.16922850163048184,0.4246626616415066
400800,84,4277.2962576821365,1200,0.6945832578128561,-0.05121668855238588,0.027422039014470004,-0.046288490295410156,0,,-8.794197427814522,0.5640051393589851,0.18875432933688951,0.09230544410073437,0.30038934926796285
402000,85,4551.943146042825,1200,0.9092585269403849,0.06110285357335852,0.046179235615230164,0.06075792387127876,0,,5.207900962421265,0.6034668892072377,0.13772029257904156,0.10143516318603982,0.30054353149954516
403200,86,5434.25274075531,1200,0.8534797728256044,0.07038708849035648,-0.010646091464989748,0.0545540526509285,0,,5.624614247269648,0.7320367904990658,0.0414931714693066,0.08639847368619372,0.4464016464619262
404400,87,4672.11846606895,1200,0.3386373943473348,-0.013216300865101224,0.02517153838963278,-0.011772084049880505,0,,-1.791735996630493,0.6289155711145478,0.22047592477440153,0.050309952842105043,0.24404769127236903
405600,88,4969.341911648272,1200,1.366989150722015,0.11252817446527308,0.021042342000740368,0.11083577573299408,0,,1.6372399528812045,0.6486122639353504,0.09953090385073292,0.10775474567780155,0.3278925356077669
406800,89,5011.388950523067,1200,1.317867146520349,0.10708508972055779,0.03056731991108255,0.09849896281957626,0,,7.420575087414443,0.6684345996354231,0.04604728883861844,0.13759336578960907,0.42318300461519726
408000,90,3401.258316150642,1200,1.1985680075492937,-0.03691083027406894,0.09430635894409546,-0.0582859106361866,0,,-0.7152312992931636,0.41846901043744195,0.23790328997929716,0.1577546500580282,0.37973508874012346
409200,91,3657.483145470178,1200,0.8215107592149502,-0.03995576602335533,-0.056263759634211825,-0.04830635339021683,0,,5.70651578419947,0.43522963411220084,0.22733001835861727,0.15461976020499493,0.4750635220937401
410400,92,3322.310556964119,1200,1.2719230382949966,-0.06382186077934665,-0.08509060672411067,-0.08821166306734085,0,,1.6557167436749094,0.29955474959650713,0.2626384649955647,0.22167017372722378,0.7199221366384498
411600,93,5152.908173695273,1200,1.1232620279927388,0.09172658842564524,0.019873810076430718,0.07698705047369003,0,,-1.1193642414166298,0.6679709418411564,0.06671251217710612,0.07222286906825999,0.2521915579492044
412800,94,4321.80695642381,1200,1.231145672654039,0.08831187552145726,-0.05283337882609618,0.08851240575313568,0,,-2.87532004909305,0.542169885703413,0.13928570393660242,0.16168835160804634,0.4529949377703396
414000,95,5142.258464423715,1200,1.0733008922828031,0.02391630363020521,0.08737432789238553,0.009415334090590477,0,,-5.230108207027222,0.6869576115830115,0.07266398276738194,0.08238943733655488,0.26433311296105566
415200,96,4681.290285151695,1200,0.44993936817142555,0.013291111829396867,-0.03480624537234555,0.006885808892548084,0,,0.07120159464783776,0.6386423476480733,0.18394755296859902,0.08457660142485168,0.4489357510913656
416400,97,3429.089372747392,1200,1.140558096170742,-0.09163508723885827,-0.02726871371424984,-0.08897973597049713,0,,-8.61188047779028,0.3539192753185595,0.19006001474649722,0.13438971852472595,0.3811182999589534
417600,98,5010.762154939538,1200,1.3675035539645108,0.1137804105998886,-0.008808756850097018,0.11543542891740799,0,,-1.4251276289625379,0.6703755009752702,0.10531313752349843,0.09282817750345707,0.273304431869325
418800,99,3976.459019663674,1200,1.149000668717913,-0.09960047188775899,-0.017896257320613215,-0.06584342569112778,0,,5.961661078197626,0.4192046981753792,0.06818278094417006,0.12233100809877764,0.44915648367610816
420000,100,5840.027410442177,1200,1.1500086119602018,0.0890709040759432,0.03645731146358201,0.07307864725589752,0,,1.9460892434325174,0.8232387669187755,0.016034574747644838,0.10847812368585473,0.3644240805544474
421200,101,4189.059145276125,1200,0.4737339336982885,-0.012246074773142993,-0.03796121759425087,-0.006706479471176863,0,,12.18425163591997,0.5872891641328651,0.22187920973933672,0.11390992570199944,0.39867441020408384
422400,102,5569.378655461869,1200,1.169031039390568,0.05441671703587917,0.0817078575090035,0.040675245225429535,0,,3.518425566504717,0.7819576451156935,0.007867296120646532,0.06951323658531222,0.29848194188023136
423600,103,5224.563558604043,1200,1.3883151951736206,0.09734663779492073,-0.06220587559488747,0.0932409018278122,0,,-0.03184812374949485,0.7035425371117628,0.07347390454693466,0.16140804931983938,0.5434571410414736
424800,104,5369.3203817934955,1200,1.083824307750363,0.06338360502630531,-0.06446122055597638,0.053189169615507126,0,,3.2593586376308794,0.7326408503950248,0.04559334360387482,0.12658723091247714,0.4127576222573454
426000,105,4695.552676774942,1200,0.9566299386082545,-0.07921770732760125,0.01952798698624913,-0.05841198191046715,0,,-0.2796565966854893,0.556943936260443,0.06198093712048029,0.10525132571728849,0.3526013580086097
427200,106,4786.858977683541,1200,1.225937817188395,0.04646128508946556,-0.0907172400093763,0.04393253102898598,0,,1.7553709215302928,0.6474714843412609,0.10019413949101362,0.18526109477030792,0.5442187615293377
428400,107,5420.952903595611,1200,1.0517611483537812,0.040402283633962005,0.07911028341040244,0.023241128772497177,0,,2.5398701295093646,0.758150549532268,0.02428100048460511,0.08618892533373342,0.2530747218978208
429600,108,5342.85887734527,1200,0.7680208145376354,-0.03128696062760619,0.05577852242067137,-0.022259535267949104,0,,7.237356310540147,0.7403454484150018,0.04349729489709679,0.07910089166070203,0.30952048942483457
430800,109,5152.131724035111,1200,0.6998984148677649,-0.05655016145435825,0.017386472633260475,-0.04205840453505516,0,,-4.921489050883999,0.6887131790467106,0.07513839505916652,0.0845247560123945,0.32685445461745644
432000,110,3469.8701757904655,1200,0.9314961822335517,-0.027860430997049494,0.07326850049355954,-0.057475823909044266,0,,-6.243546685286689,0.38368021621565007,0.364288938091661,0.14641114631750138,0.41226253597663604
433200,111,3192.445053070146,1200,1.3333342349001103,-0.07773629504361264,-0.07968246224924239,-0.10613663494586945,0,,-1.6828018537169347,0.28136138304731273,0.2781834141871929,0.21872719950386108,0.5271245811565315
434400,112,4474.491479398648,1200,0.42554678232426063,-0.027320634098332335,-0.024301443183361558,-0.03140575811266899,0,,-12.630741381214166,0.6369582109284013,0.18243464802668993,0.10154171505758477,0.44333237977470824
435600,113,5212.115564784902,1200,1.2241148174699301,0.10074256196087815,-0.020187189291813977,0.09513121098279953,0,,-2.990096542710179,0.6936167212037592,0.09237577275586611,0.13789632505543967,0.45772771770046355
436800,114,4538.726163594057,1200,1.2949991965639056,0.10671036083356919,-0.023953287745807232,0.10135995596647263,0,,-3.2175842067001437,0.5966134766044537,0.12096925371884579,0.12611283275749274,0.42858517439758986
438000,115,5304.787420537265,1200,1.1145646240267706,-0.06369906462702661,0.06821299035840181,-0.050425998866558075,0,,-0.7685735474268015,0.6932297062462904,0.03293534045174563,0.06440507696177712,0.26421665837403757
439200,116,5101.464556302067,1200,0.3589995993215383,0.01758005027421902,-0.023742715868466827,0.007517155725508928,0,,3.5444607301121898,0.7112205596590532,0.12103774991518153,0.08260085562255705,0.380372276736813
440400,117,4604.4823174726625,1200,1.5746531666131625,0.08423025728780544,0.10135360976786417,0.06804736703634262,0,,5.636988962561342,0.5369600257711445,0.08314923171102657,0.1369080695501238,0.3001531718473227
441600,118,5587.269729814718,1200,1.28930206305303,0.10167899592156217,0.036265248189085185,0.0798017829656601,0,,-2.8072772996977258,0.7609185523299326,0.010491905224325223,0.09525723937165077,0.38681839817043384
442800,119,4045.703260538817,1200,1.9042450646163482,-0.10568527827052113,0.11925607544322861,-0.09404923766851425,0,,-17.90924824424768,0.5044649865825637,0.051214725332079866,0.11640871335665202,0.37547536065651654
444000,120,4975.978586357781,1200,1.0261558878785044,-0.07052044661658062,-0.049487254804583006,-0.048206619918346405,0,,8.958627532381515,0.6615126250746961,0.021552584931078363,0.14351039626249387,0.43877786091311455
445200,121,4848.692222666526,1200,1.157490649928271,0.0830638211122597,-0.04978733332647229,0.0826934352517128,0,,-7.877439208320168,0.6682624649975283,0.11290099533293722,0.10957417088289231,0.5340224202269208
446400,122,5366.654203797253,1200,1.160042647300776,-0.010766373312373418,0.09619873184394233,-0.01159548107534647,0,,0.08555038944825981,0.728003061796882,0.0551434074496315,0.11434306435835247,0.31630786713419834
447600,123,5734.045669613745,1200,0.33999300312584607,0.028279350549598264,0.007449230477956973,0.019867656752467155,0,,2.3663256599376705,0.8274195657195471,0.0873670807887745,0.05135467632783702,0.30883372271113063
448800,124,4178.544685289999,1200,1.692706518645699,0.09262390877742052,-0.10523721626784356,0.10681905597448349,0,,-12.362167320913287,0.552575369347744,0.1668834376732753,0.20673874820726149,0.6242569116531869
450000,125,3102.0764711831525,1200,1.1031123669320357,-0.07632147376870484,-0.052475156616090576,-0.10960038006305695,0,,8.357829664429557,0.3353981764598906,0.3135719837205136,0.15515766221136582,0.4083982809845328
451200,126,4815.587572463542,1200,0.7878585580549099,0.03288925838718472,-0.0568118830327987,0.02948620170354843,0,,9.659910130047002,0.6832676167840662,0.10923308235374883,0.14112890890555368,0.4140651182654327
452400,127,4861.5802686627785,1200,0.8646765731847652,-0.0015627337107369636,-0.07186482880531234,-0.00500757759436965,0,,5.529853941757881,0.6391699486183836,0.13318766961713746,0.11989180784445241,0.4427808918976382
453600,128,5493.361991298727,1200,1.0785810249661774,0.04253743244647014,-0.07847084131949876,0.03511589393019676,0,,-0.8774080757347972,0.7462994855423156,0.046557968524984825,0.13880014863129683,0.5222947864520018
454800,129,5040.86752484208,1200,1.6002852699846213,-0.06697785726300096,0.11617383788068582,-0.07310999929904938,0,,-0.7391705179522411,0.6575593272082594,0.08012152747427376,0.16379842610844875,0.5311695624672453
456000,130,5215.334246956839,1200,0.5700361485177373,-0.03498793673415123,-0.032259299963562416,-0.030265305191278458,0,,-1.1080191264744532,0.7263669732033627,0.07720391592639048,0.11907822119821077,0.38163491352530005
457200,131,4389.018633306923,1200,1.596595191154346,-0.12976985471560293,-0.029689845214190567,-0.10744746029376984,0,,2.0082216217908737,0.4832366703674929,0.07270938775865075,0.12615978642717995,0.37572903294154253
458400,132,4116.895825608451,1200,1.8117136196098835,-0.1408817517198463,-0.05402202947833923,-0.11253813654184341,0,,1.0415478873110429,0.43174885750948266,0.05681030219050556,0.16618063844492012,0.5000795978563737
459600,133,5801.999853979994,1200,0.8069999605038114,0.026152856813088786,0.06232530914166317,0.018347524106502533,0,,3.3179813508248284,0.8291674642370572,0.03547996563413768,0.07211017094250101,0.30771470157945036
460800,134,3373.800615877646,1200,1.1929064904660576,0.07966582393452662,-0.059833948854366645,0.10500779002904892,0,,13.504904907013175,0.44184182503747044,0.27115244081095147,0.18793538201710097,0.41848785054764337
462000,135,5387.148794709369,1200,1.3600399610799014,0.0713839715694485,-0.08747782996382901,0.06663182377815247,0,,0.5109924648233002,0.7428267093392765,0.06356249342218881,0.22414466679747638,0.6076408891230264
463200,136,5418.147888861802,1200,0.5741220915828846,-0.023634544168302365,-0.04181837679365232,-0.020279409363865852,0,,-2.420710564047796,0.7673440534312801,0.06777776403182029,0.10992314902074052,0.4812013341412413
464400,137,5267.091768165249,1200,1.3709696680407273,0.1127610848883845,-0.018889281583680882,0.097340427339077,0,,-1.501000879816708,0.7248873706338449,0.035289181554389745,0.14852804402507813,0.43921466072124477
465600,138,5231.408077942146,1200,0.630437209854994,-0.00015230994797785436,-0.052181446758166584,0.0014378720661625266,0,,2.8018637463796834,0.7246780130424814,0.11290448268145127,0.10690980682165367,0.4624022955175577
466800,139,5428.566366702187,1200,1.5458662226803905,0.0871394958297165,-0.0948214211233327,0.07897245138883591,0,,4.506729778573405,0.7548615124748347,0.043469220714676765,0.18835634414261684,0.6239307496435994
468000,140,5305.4219567619,1200,1.4652121130193094,0.09082256773889928,0.08249521847928153,0.08722410351037979,0,,6.356595924176581,0.7584514559121301,0.0341214317381644,0.10924696985035368,0.2974542666222611
469200,141,5358.020867367163,1200,0.7306331843727991,-0.008111240904007243,0.06104114497375306,-0.0022117095068097115,0,,0.3709139550998997,0.7469669720493737,0.09314266155871337,0.09440962209017324,0.28612264623851513
470400,142,3815.076687265613,1200,1.2403905332957197,-0.08332971321746822,0.06315978589528189,-0.10345133394002914,0,,-3.070696610904625,0.4328258767300386,0.25827404552679956,0.10219114798549238,0.3314396580175329
471600,143,5123.082968374033,1200,1.2672116037234962,0.046436231659948056,-0.09475055464931091,0.04930877313017845,0,,2.6312346059037157,0.6880892369669606,0.10360078072269839,0.19367167878519018,0.6167544334719052
472800,144,5690.321992938189,1200,0.7999479985628667,0.049208095284639555,-0.044085880400043964,0.04213452339172363,0,,-1.2995106861856318,0.8094394580705214,0.048795571426201216,0.10495300092522601,0.38447621244580166
474000,145,5905.97205239369,1200,0.8523833724672056,0.06778390495082583,-0.021068984617869616,0.05620512366294861,0,,0.13825783449273701,0.8418370087615912,0.028343509023461996,0.08162507222803232,0.2988234783664931
475200,146,4847.38803527475,1200,0.9727370874899943,-0.020443664485558618,-0.07976065836862908,-0.003197676967829466,0,,2.5089216740465368,0.6484720005575465,0.1575450523494482,0.1400407419151552,0.49080357393231405
476400,147,4985.620007237701,1200,1.0899900403073612,0.08982520670122987,-0.014758369794931149,0.09600266069173813,0,,3.8404175906686766,0.6956087885916337,0.15178629678436129,0.1363263870627332,0.45900713458215725
477600,148,5646.707556235025,1200,0.9598531683007182,0.05772161740192624,-0.0548611976587694,0.05768661946058273,0,,2.0069611714049027,0.8081839088945192,0.08023331936273484,0.13345692194007236,0.5255855918047653
478800,149,5265.566500041298,1200,1.4086115381240722,0.11782513810245478,-0.003933804517081709,0.10271601378917694,0,,-3.9922926832696164,0.7476392568446876,0.029471659376755333,0.11217553673272607,0.38305623290830876
480000,150,5294.585156460499,1200,0.18804118659150187,0.018421564221925965,0.0014422618602753505,0.010245321318507195,0,,-0.8676632598140595,0.7539636081289013,0.16315305882015627,0.053438770268130105,0.2807248853460026
481200,151,4941.225504076215,1200,1.398652113228217,-0.11628411941800368,0.01394375925847894,-0.10242164134979248,0,,-4.183751917555159,0.6594178899676291,0.06542591876432881,0.12595121497184492,0.4663693229459628
482400,152,5909.4825860599185,1200,0.781217683506608,-0.020815957440198273,0.06184719966851405,-0.019745811820030212,0,,0.4783795090464009,0.85697777845453,0.03732089090481212,0.08844409566960652,0.2573712554593671
483600,153,5023.0501383615065,1200,1.6188888098925651,-0.134584950057287,0.013327405710839825,-0.11415420472621918,0,,0.5620468009604231,0.6442957910292973,0.03894510615918672,0.09391837041058394,0.3714630758008737
484800,154,4424.387072016122,1200,1.2720858987615893,-0.08592987447822852,-0.06302739612435383,-0.08324179798364639,0,,-8.953399145243424,0.5868131147600036,0.1309689131963926,0.18622811800422062,0.551323504117182
486000,155,5338.196900742639,1200,1.6508111061899626,-0.1201017097964589,0.06702984770595916,-0.11095447093248367,0,,-4.464781241812192,0.7198864958534389,0.03406683606893055,0.10036028478335596,0.41918673334557044
487200,156,4524.245899068077,1200,1.3581898163011206,-0.041116971865593085,-0.10649240890522872,-0.027393365278840065,0,,-9.6224797378111,0.6109044932940348,0.11405646011985747,0.17078570913798963,0.5851479852043199
488400,157,4940.847776420486,1200,1.5788418555095842,0.06144481435653944,-0.11606611447644945,0.06570267677307129,0,,-1.6133418181368602,0.6395310059672418,0.08965011061821299,0.1752820738532111,0.5855526026915329
489600,158,5053.640400304916,1200,2.00717968629049,-0.1094586818349465,0.12768836737431571,-0.11893211305141449,0,,1.635763469889947,0.6743928107113336,0.0689043943479989,0.1905714009362975,0.5346815778548561
490800,159,5501.646946977608,1200,1.7251462388578713,-0.08389037087354642,0.1167360802003587,-0.08119439333677292,0,,0.9885343578122177,0.7660124287163148,0.02920408912408179,0.1259112831055568,0.4436715379432489
492000,160,5626.112137835483,1200,1.1039869298153513,0.011632408931972395,-0.09102869376285505,0.0136864660307765,0,,0.8259413020289129,0.7881194437043756,0.039839342538661456,0.18924735368204446,0.5922677354851711
493200,161,3211.1433111096067,1200,1.605248261959989,-0.07939097661612686,-0.1088794262918129,-0.10888916254043579,0,,12.248299224439396,0.37325748135163345,0.24027351952726458,0.2049360111250051,0.545229619839178
494400,162,5238.4072089199,1200,0.3021384601309465,-0.024703919923961183,-0.007886227082581913,-0.01890033297240734,0,,8.592343850340045,0.7657858710769786,0.1155699557900629,0.0786712295972703,0.30006547388959404
495600,163,5405.7175581214315,1200,0.2825578490660571,-0.01865806547346765,-0.016622640321222848,-0.018155505880713463,0,,2.9213962330076853,0.7666884147301669,0.1433316150560641,0.058404899104625645,0.3872667776414075
496800,164,5018.108424601937,1200,1.290051581272269,-0.030485291354382334,0.10345211382290706,-0.030978918075561523,0,,6.3407925781613015,0.7440322047833892,0.056492625046314596,0.11346258517661922,0.364194147851351
498000,165,5430.372219974444,1200,1.3753412262630322,0.112109806827585,0.02512253089670954,0.10405239462852478,0,,3.9494376764240817,0.7892435193212836,0.03862558075280019,0.1601451567451174,0.40054218093751764
499200,166,5609.441912169853,1200,1.0455521334420177,-0.0336946793884119,0.0806626497611979,-0.030700912699103355,0,,4.172657820054009,0.8170061663151177,0.024246397061680698,0.12332511879820894,0.30099963000337054
500400,167,6015.462002053616,1200,0.6339319383212281,0.04612260922632952,0.026015859074425416,0.03683217242360115,0,,2.099415405208823,0.8730489969494049,0.03029466212008185,0.0637896177511526,0.3080633967508082
501600,168,5862.039786515049,1200,0.919162156762609,0.07475450253473083,-0.02027639809967551,0.06639743596315384,0,,-1.1255988006628865,0.8356489321658768,0.04740631443124022,0.1132663051327693,0.44246539594921086
502800,169,5509.279830551036,1200,1.6145413879957755,0.13032718444377656,0.03262166376694364,0.11449136584997177,0,,0.03794206907589327,0.7475610036301231,0.028033922758047627,0.10424632603645839,0.3020781812084034
504000,170,5712.205674907992,1200,1.5829967486051348,0.13075771935220507,0.01594940162141334,0.11536276340484619,0,,-1.1377007288235148,0.792714401173021,0.01835208074553561,0.09190709274256198,0.29373163502255445
505200,171,4868.707145873374,1200,1.5567945334484994,0.05785465821252628,-0.11602521674198828,0.07107878476381302,0,,6.609815131219498,0.6343635168683431,0.10502019519350186,0.17714583306000062,0.5752714451078187
506400,172,5580.2179932183235,1200,0.8494742078678721,-0.04966461163118018,0.05017818835381756,-0.04490607976913452,0,,4.014816623042125,0.800741579145759,0.05715784885970934,0.09018751375428803,0.3409347059645254
507600,173,5589.892332021908,1200,1.5397436204184372,0.1186696205882306,-0.04946615430854509,0.11090859770774841,0,,3.1849790795938393,0.79284110034631,0.03791312228201438,0.13886425263873228,0.4319899392340188
508800,174,5240.573946177554,1200,1.6185848576491924,0.002216322245399888,0.13462802465035173,-0.0019487821264192462,0,,-1.9685636585067707,0.7028432833313748,0.03128587004266121,0.11215356086900422,0.31897180837822947
510000,175,4356.847582453076,1200,1.924629720396052,0.09594666836314822,0.12936459882842222,0.10430700331926346,0,,-2.066271238354952,0.5287046017397741,0.0827442000257099,0.13901647577037593,0.34180638210166303
511200,176,5626.356258263722,1200,1.6422013199435517,-0.04341588666929673,0.12975837626823256,-0.04528055340051651,0,,2.9557441407200513,0.7905573044844666,0.03158602876532204,0.11863123157585079,0.3886842385686169
512400,177,4128.0001778734895,1200,1.6654245814338713,-0.10132746191186688,-0.09562213338427687,-0.10840995609760284,0,,11.97967513584552,0.52678433100302,0.14069195887038086,0.20369091270202538,0.5011522489137924
513600,178,5801.402570056674,1200,1.0050712331673923,0.03936922718770342,0.0748317717601837,0.027884818613529205,0,,4.350332683591935,0.8485945701443559,0.015367564990076134,0.05122455793192987,0.21057483295673354
514800,179,4518.73575402644,1200,1.5966211933777774,-0.07624008884862184,-0.10932441795203407,-0.0710950568318367,0,,-12.22335238413429,0.6124318666524453,0.0822240499991391,0.2001469052846881,0.6364599910045529
516000,180,5731.198302576991,1200,0.8530790637712816,-0.07141161336778941,-0.005376702228700839,-0.06131896376609802,0,,-4.2556845556273535,0.8227538367188333,0.03740558303349168,0.08307646249243356,0.3569046623277329
517200,181,5230.985856314543,1200,1.7940058487228863,0.12718060714554652,0.07831572533849547,0.11470255255699158,0,,-1.1244334365342505,0.6952425237098192,0.02967862289921983,0.15270319765793097,0.3447410337269742
518400,182,5714.539911794647,1200,0.8320420057631837,0.03554023918206872,-0.05969196953607251,0.036658719182014465,0,,-1.6427329913008444,0.8134047509030372,0.05299916607682825,0.14361694631301733,0.4189658680056596
519600,183,5282.637285049664,1200,1.4572268036619356,0.059490938202600784,-0.10558955745105117,0.0700460895895958,0,,4.713617073626852,0.7422062071814791,0.08168677694788626,0.26206848541976563,0.7056436887181071
520800,184,5123.743088753961,1200,1.6587649486857146,-0.11279407978504064,-0.07968714097057755,-0.09296360611915588,0,,-3.751557590230682,0.6564230810858529,0.021935615779605615,0.17231032569201923,0.5888752213870708
522000,185,5099.224279289816,1200,0.2101483221758514,0.007445967945834019,0.016192781481060015,0.006575028877705336,0,,4.044566700213513,0.735180610395412,0.21979846698332564,0.04112252894140067,0.2541584665106864
523200,186,5621.238314642257,1200,1.6299473111843659,0.0942569811464584,0.0980429480205971,0.08224457502365112,0,,0.5172362357676824,0.7686542937726284,0.023571695795624226,0.11670752734036317,0.3900853245609281
524400,187,5898.424095611901,1200,0.7064557450767383,-0.041673141241387095,-0.04134845761741251,-0.03707711771130562,0,,-1.917308064397835,0.8551614121903812,0.032303401492142655,0.07343806554150344,0.3578375143174009
525600,188,5536.004599217601,1200,1.7151480915789448,0.11012664876067994,0.09128254102721017,0.09923416376113892,0,,-2.273715309873205,0.7576406655544178,0.03215517663506987,0.16616704993471088,0.34660838463866306
526800,189,5445.921378975773,1200,1.062217443463751,-0.0640127789178029,-0.061079667947523196,-0.0527179092168808,0,,-2.143702117716681,0.7762864764972471,0.03065399331410291,0.0894704989271208,0.385371940794351
528000,190,5980.477905362614,1200,0.9494577794190393,0.056349141252566605,-0.056211391817438,0.05294555053114891,0,,0.5599872542940135,0.8679350527459553,0.031922578915706136,0.13290294063481956,0.5869271199270923
529200,191,5671.460502387782,1200,1.08305028104342,-0.00040856660679965557,-0.09044893000923224,0.00276412395760417,0,,-3.3439390663065995,0.7903976033208606,0.02179488744600579,0.13877677631461774,0.5017426196873448
530400,192,5677.836111695276,1200,0.7997907662165475,-0.0619009879183229,-0.0250164436069256,-0.04973524808883667,0,,0.294382015630346,0.7963213297444671,0.04922757743556792,0.09406130077257625,0.3073789973991464
531600,193,5226.611539372733,1200,1.6233812116632238,-0.09706637535589786,0.09578332323439473,-0.09506011754274368,0,,-1.9005840063174813,0.7296907650976607,0.050414575046079914,0.11966274846896226,0.36962974069647064
532800,194,5611.652391520012,1200,1.5796402217403267,0.12190614853904205,0.05033492218489138,0.1165294349193573,0,,2.1233193153358796,0.7862537636072586,0.04941624641006468,0.11902532782518171,0.33570288688322575
